library,preset,logN,maxLevel,level,op,mean_us,std_us,reps
lattigo,large,15,15,15,add_cc,595.417,32.067,30
lattigo,large,15,15,15,add_cp,445.047,10.561,30
lattigo,large,15,15,15,mul_cp,1906.230,200.556,30
lattigo,large,15,15,15,mul_cc,4003.158,191.126,30
lattigo,large,15,15,15,mul_cc_rlk,120917.765,3028.837,30
lattigo,large,15,15,15,relin,116914.607,0.000,30
lattigo,large,15,15,15,rescale,15372.667,1143.816,30
lattigo,large,15,15,15,rot1,117989.390,2377.158,30
lattigo,large,15,15,14,add_cc,586.232,60.258,30
lattigo,large,15,15,14,add_cp,422.610,19.327,30
lattigo,large,15,15,14,mul_cp,1708.072,50.467,30
lattigo,large,15,15,14,mul_cc,3703.858,129.578,30
lattigo,large,15,15,14,mul_cc_rlk,117088.553,3606.123,30
lattigo,large,15,15,14,relin,113384.695,0.000,30
lattigo,large,15,15,14,rescale,14202.765,497.537,30
lattigo,large,15,15,14,rot1,112546.597,2746.881,30
lattigo,large,15,15,13,add_cc,529.976,13.814,30
lattigo,large,15,15,13,add_cp,395.835,62.925,30
lattigo,large,15,15,13,mul_cp,1551.028,33.306,30
lattigo,large,15,15,13,mul_cc,3438.305,120.453,30
lattigo,large,15,15,13,mul_cc_rlk,96862.785,2694.105,30
lattigo,large,15,15,13,relin,93424.480,0.000,30
lattigo,large,15,15,13,rescale,13143.839,453.032,30
lattigo,large,15,15,13,rot1,94124.016,3412.639,30
lattigo,large,15,15,12,add_cc,440.612,14.548,30
lattigo,large,15,15,12,add_cp,326.615,10.896,30
lattigo,large,15,15,12,mul_cp,1565.945,129.045,30
lattigo,large,15,15,12,mul_cc,3352.467,316.265,30
lattigo,large,15,15,12,mul_cc_rlk,91892.887,4306.133,30
lattigo,large,15,15,12,relin,88540.420,0.000,30
lattigo,large,15,15,12,rescale,12283.107,671.557,30
lattigo,large,15,15,12,rot1,90093.509,2922.437,30
lattigo,large,15,15,11,add_cc,444.982,24.210,30
lattigo,large,15,15,11,add_cp,353.798,28.592,30
lattigo,large,15,15,11,mul_cp,1410.694,89.226,30
lattigo,large,15,15,11,mul_cc,3088.974,316.716,30
lattigo,large,15,15,11,mul_cc_rlk,74470.418,1702.497,30
lattigo,large,15,15,11,relin,71381.444,0.000,30
lattigo,large,15,15,11,rescale,11022.727,185.041,30
lattigo,large,15,15,11,rot1,71991.132,3690.351,30
lattigo,large,15,15,10,add_cc,370.282,12.362,30
lattigo,large,15,15,10,add_cp,298.328,30.779,30
lattigo,large,15,15,10,mul_cp,1293.507,94.394,30
lattigo,large,15,15,10,mul_cc,2833.557,335.930,30
lattigo,large,15,15,10,mul_cc_rlk,69437.516,2604.029,30
lattigo,large,15,15,10,relin,66603.959,0.000,30
lattigo,large,15,15,10,rescale,10360.299,1068.127,30
lattigo,large,15,15,10,rot1,66249.836,1489.901,30
lattigo,large,15,15,9,add_cc,342.365,19.543,30
lattigo,large,15,15,9,add_cp,270.262,34.419,30
lattigo,large,15,15,9,mul_cp,1105.927,35.564,30
lattigo,large,15,15,9,mul_cc,2476.357,98.920,30
lattigo,large,15,15,9,mul_cc_rlk,56009.769,2649.844,30
lattigo,large,15,15,9,relin,53533.412,0.000,30
lattigo,large,15,15,9,rescale,9067.046,75.036,30
lattigo,large,15,15,9,rot1,53304.686,784.358,30
lattigo,large,15,15,8,add_cc,313.414,19.108,30
lattigo,large,15,15,8,add_cp,271.190,50.667,30
lattigo,large,15,15,8,mul_cp,1017.546,15.656,30
lattigo,large,15,15,8,mul_cc,2214.365,86.650,30
lattigo,large,15,15,8,mul_cc_rlk,51252.240,1705.456,30
lattigo,large,15,15,8,relin,49037.875,0.000,30
lattigo,large,15,15,8,rescale,8428.951,521.501,30
lattigo,large,15,15,8,rot1,49418.342,1116.197,30
lattigo,large,15,15,7,add_cc,272.868,17.285,30
lattigo,large,15,15,7,add_cp,207.934,5.571,30
lattigo,large,15,15,7,mul_cp,891.858,29.704,30
lattigo,large,15,15,7,mul_cc,1908.111,54.737,30
lattigo,large,15,15,7,mul_cc_rlk,39553.352,869.743,30
lattigo,large,15,15,7,relin,37645.240,0.000,30
lattigo,large,15,15,7,rescale,7254.682,83.977,30
lattigo,large,15,15,7,rot1,37651.808,379.008,30
lattigo,large,15,15,6,add_cc,237.790,9.449,30
lattigo,large,15,15,6,add_cp,184.948,7.272,30
lattigo,large,15,15,6,mul_cp,782.881,41.413,30
lattigo,large,15,15,6,mul_cc,1871.403,227.549,30
lattigo,large,15,15,6,mul_cc_rlk,36039.806,1493.527,30
lattigo,large,15,15,6,relin,34168.404,0.000,30
lattigo,large,15,15,6,rescale,6339.162,36.611,30
lattigo,large,15,15,6,rot1,34341.057,1022.632,30
lattigo,large,15,15,5,add_cc,214.314,24.060,30
lattigo,large,15,15,5,add_cp,160.198,11.067,30
lattigo,large,15,15,5,mul_cp,684.799,78.611,30
lattigo,large,15,15,5,mul_cc,1419.224,20.772,30
lattigo,large,15,15,5,mul_cc_rlk,26405.846,454.408,30
lattigo,large,15,15,5,relin,24986.622,0.000,30
lattigo,large,15,15,5,rescale,5645.157,526.412,30
lattigo,large,15,15,5,rot1,25742.622,1952.466,30
lattigo,large,15,15,4,add_cc,172.220,9.825,30
lattigo,large,15,15,4,add_cp,139.111,17.191,30
lattigo,large,15,15,4,mul_cp,555.858,24.522,30
lattigo,large,15,15,4,mul_cc,1178.065,11.153,30
lattigo,large,15,15,4,mul_cc_rlk,23595.967,1258.005,30
lattigo,large,15,15,4,relin,22417.903,0.000,30
lattigo,large,15,15,4,rescale,4556.013,141.915,30
lattigo,large,15,15,4,rot1,23144.945,2653.069,30
lattigo,large,15,15,3,add_cc,141.162,13.560,30
lattigo,large,15,15,3,add_cp,107.129,4.570,30
lattigo,large,15,15,3,mul_cp,454.901,32.326,30
lattigo,large,15,15,3,mul_cc,965.335,31.609,30
lattigo,large,15,15,3,mul_cc_rlk,15778.285,274.260,30
lattigo,large,15,15,3,relin,14812.950,0.000,30
lattigo,large,15,15,3,rescale,3577.255,20.599,30
lattigo,large,15,15,3,rot1,14732.107,160.065,30
lattigo,large,15,15,2,add_cc,105.121,8.535,30
lattigo,large,15,15,2,add_cp,80.770,6.291,30
lattigo,large,15,15,2,mul_cp,345.494,30.551,30
lattigo,large,15,15,2,mul_cc,713.975,14.844,30
lattigo,large,15,15,2,mul_cc_rlk,13148.782,210.525,30
lattigo,large,15,15,2,relin,12434.807,0.000,30
lattigo,large,15,15,2,rescale,2704.893,85.905,30
lattigo,large,15,15,2,rot1,12569.978,215.405,30
lattigo,large,15,15,1,add_cc,71.173,9.355,30
lattigo,large,15,15,1,add_cp,54.658,9.088,30
lattigo,large,15,15,1,mul_cp,229.140,25.784,30
lattigo,large,15,15,1,mul_cc,473.699,11.050,30
lattigo,large,15,15,1,mul_cc_rlk,7842.638,204.614,30
lattigo,large,15,15,1,relin,7368.938,0.000,30
lattigo,large,15,15,1,rescale,1779.528,47.104,30
lattigo,large,15,15,1,rot1,7300.986,163.631,30
