library,exp,logN,q0,delta,depth,dnum,PCount,logP,logQ,logQP,bound,margin,maxLevel,level,op,mean_us,std_us,reps,digits,threads,nthreads,ok,err
openfhe,7,15,60,42,12,3,4,240,564,804,881,77,12,12,add_cc,1502.346,15.659,30,L12=3;L11=3;L10=3;L9=2;L8=2;L7=2;L6=2;L5=2;L4=1;L3=1;L2=1;L1=1,mt,16,1,
openfhe,7,15,60,42,12,3,4,240,564,804,881,77,12,12,add_cp,1422.468,41.702,30,L12=3;L11=3;L10=3;L9=2;L8=2;L7=2;L6=2;L5=2;L4=1;L3=1;L2=1;L1=1,mt,16,1,
openfhe,7,15,60,42,12,3,4,240,564,804,881,77,12,12,mul_cp,1368.045,17.195,30,L12=3;L11=3;L10=3;L9=2;L8=2;L7=2;L6=2;L5=2;L4=1;L3=1;L2=1;L1=1,mt,16,1,
openfhe,7,15,60,42,12,3,4,240,564,804,881,77,12,12,mul_cc,9259.632,175.867,30,L12=3;L11=3;L10=3;L9=2;L8=2;L7=2;L6=2;L5=2;L4=1;L3=1;L2=1;L1=1,mt,16,1,
openfhe,7,15,60,42,12,3,4,240,564,804,881,77,12,12,mul_cc_rlk,36034.389,6257.534,30,L12=3;L11=3;L10=3;L9=2;L8=2;L7=2;L6=2;L5=2;L4=1;L3=1;L2=1;L1=1,mt,16,1,
openfhe,7,15,60,42,12,3,4,240,564,804,881,77,12,12,relin,29219.197,7479.815,30,L12=3;L11=3;L10=3;L9=2;L8=2;L7=2;L6=2;L5=2;L4=1;L3=1;L2=1;L1=1,mt,16,1,
openfhe,7,15,60,42,12,3,4,240,564,804,881,77,12,12,rescale,3050.452,23.165,30,L12=3;L11=3;L10=3;L9=2;L8=2;L7=2;L6=2;L5=2;L4=1;L3=1;L2=1;L1=1,mt,16,1,
openfhe,7,15,60,42,12,3,4,240,564,804,881,77,12,12,rot1,28328.105,8171.557,30,L12=3;L11=3;L10=3;L9=2;L8=2;L7=2;L6=2;L5=2;L4=1;L3=1;L2=1;L1=1,mt,16,1,
openfhe,7,15,60,42,12,3,4,240,564,804,881,77,12,11,add_cc,1354.102,13.630,30,L12=3;L11=3;L10=3;L9=2;L8=2;L7=2;L6=2;L5=2;L4=1;L3=1;L2=1;L1=1,mt,16,1,
openfhe,7,15,60,42,12,3,4,240,564,804,881,77,12,11,add_cp,1241.586,24.570,30,L12=3;L11=3;L10=3;L9=2;L8=2;L7=2;L6=2;L5=2;L4=1;L3=1;L2=1;L1=1,mt,16,1,
openfhe,7,15,60,42,12,3,4,240,564,804,881,77,12,11,mul_cp,1291.093,7.968,30,L12=3;L11=3;L10=3;L9=2;L8=2;L7=2;L6=2;L5=2;L4=1;L3=1;L2=1;L1=1,mt,16,1,
openfhe,7,15,60,42,12,3,4,240,564,804,881,77,12,11,mul_cc,9834.786,2096.478,30,L12=3;L11=3;L10=3;L9=2;L8=2;L7=2;L6=2;L5=2;L4=1;L3=1;L2=1;L1=1,mt,16,1,
openfhe,7,15,60,42,12,3,4,240,564,804,881,77,12,11,mul_cc_rlk,41389.456,10548.468,30,L12=3;L11=3;L10=3;L9=2;L8=2;L7=2;L6=2;L5=2;L4=1;L3=1;L2=1;L1=1,mt,16,1,
openfhe,7,15,60,42,12,3,4,240,564,804,881,77,12,11,relin,30013.356,6775.344,30,L12=3;L11=3;L10=3;L9=2;L8=2;L7=2;L6=2;L5=2;L4=1;L3=1;L2=1;L1=1,mt,16,1,
openfhe,7,15,60,42,12,3,4,240,564,804,881,77,12,11,rescale,3836.655,18.042,30,L12=3;L11=3;L10=3;L9=2;L8=2;L7=2;L6=2;L5=2;L4=1;L3=1;L2=1;L1=1,mt,16,1,
openfhe,7,15,60,42,12,3,4,240,564,804,881,77,12,11,rot1,25998.177,806.115,30,L12=3;L11=3;L10=3;L9=2;L8=2;L7=2;L6=2;L5=2;L4=1;L3=1;L2=1;L1=1,mt,16,1,
openfhe,7,15,60,42,12,3,4,240,564,804,881,77,12,10,add_cc,1275.278,13.781,30,L12=3;L11=3;L10=3;L9=2;L8=2;L7=2;L6=2;L5=2;L4=1;L3=1;L2=1;L1=1,mt,16,1,
openfhe,7,15,60,42,12,3,4,240,564,804,881,77,12,10,add_cp,1150.995,17.826,30,L12=3;L11=3;L10=3;L9=2;L8=2;L7=2;L6=2;L5=2;L4=1;L3=1;L2=1;L1=1,mt,16,1,
openfhe,7,15,60,42,12,3,4,240,564,804,881,77,12,10,mul_cp,1230.350,9.691,30,L12=3;L11=3;L10=3;L9=2;L8=2;L7=2;L6=2;L5=2;L4=1;L3=1;L2=1;L1=1,mt,16,1,
openfhe,7,15,60,42,12,3,4,240,564,804,881,77,12,10,mul_cc,7342.416,43.917,30,L12=3;L11=3;L10=3;L9=2;L8=2;L7=2;L6=2;L5=2;L4=1;L3=1;L2=1;L1=1,mt,16,1,
openfhe,7,15,60,42,12,3,4,240,564,804,881,77,12,10,mul_cc_rlk,33371.706,5546.504,30,L12=3;L11=3;L10=3;L9=2;L8=2;L7=2;L6=2;L5=2;L4=1;L3=1;L2=1;L1=1,mt,16,1,
openfhe,7,15,60,42,12,3,4,240,564,804,881,77,12,10,relin,26953.654,785.702,30,L12=3;L11=3;L10=3;L9=2;L8=2;L7=2;L6=2;L5=2;L4=1;L3=1;L2=1;L1=1,mt,16,1,
openfhe,7,15,60,42,12,3,4,240,564,804,881,77,12,10,rescale,3805.282,14.730,30,L12=3;L11=3;L10=3;L9=2;L8=2;L7=2;L6=2;L5=2;L4=1;L3=1;L2=1;L1=1,mt,16,1,
openfhe,7,15,60,42,12,3,4,240,564,804,881,77,12,10,rot1,25579.820,1952.430,30,L12=3;L11=3;L10=3;L9=2;L8=2;L7=2;L6=2;L5=2;L4=1;L3=1;L2=1;L1=1,mt,16,1,
openfhe,7,15,60,42,12,3,4,240,564,804,881,77,12,9,add_cc,1181.022,10.695,30,L12=3;L11=3;L10=3;L9=2;L8=2;L7=2;L6=2;L5=2;L4=1;L3=1;L2=1;L1=1,mt,16,1,
openfhe,7,15,60,42,12,3,4,240,564,804,881,77,12,9,add_cp,1054.850,11.532,30,L12=3;L11=3;L10=3;L9=2;L8=2;L7=2;L6=2;L5=2;L4=1;L3=1;L2=1;L1=1,mt,16,1,
openfhe,7,15,60,42,12,3,4,240,564,804,881,77,12,9,mul_cp,1202.658,8.123,30,L12=3;L11=3;L10=3;L9=2;L8=2;L7=2;L6=2;L5=2;L4=1;L3=1;L2=1;L1=1,mt,16,1,
openfhe,7,15,60,42,12,3,4,240,564,804,881,77,12,9,mul_cc,6609.640,116.258,30,L12=3;L11=3;L10=3;L9=2;L8=2;L7=2;L6=2;L5=2;L4=1;L3=1;L2=1;L1=1,mt,16,1,
openfhe,7,15,60,42,12,3,4,240,564,804,881,77,12,9,mul_cc_rlk,26001.373,3611.286,30,L12=3;L11=3;L10=3;L9=2;L8=2;L7=2;L6=2;L5=2;L4=1;L3=1;L2=1;L1=1,mt,16,1,
openfhe,7,15,60,42,12,3,4,240,564,804,881,77,12,9,relin,21981.370,3114.294,30,L12=3;L11=3;L10=3;L9=2;L8=2;L7=2;L6=2;L5=2;L4=1;L3=1;L2=1;L1=1,mt,16,1,
openfhe,7,15,60,42,12,3,4,240,564,804,881,77,12,9,rescale,3546.967,42.027,30,L12=3;L11=3;L10=3;L9=2;L8=2;L7=2;L6=2;L5=2;L4=1;L3=1;L2=1;L1=1,mt,16,1,
openfhe,7,15,60,42,12,3,4,240,564,804,881,77,12,9,rot1,20082.229,563.602,30,L12=3;L11=3;L10=3;L9=2;L8=2;L7=2;L6=2;L5=2;L4=1;L3=1;L2=1;L1=1,mt,16,1,
openfhe,7,15,60,42,12,3,4,240,564,804,881,77,12,8,add_cc,1004.943,11.956,30,L12=3;L11=3;L10=3;L9=2;L8=2;L7=2;L6=2;L5=2;L4=1;L3=1;L2=1;L1=1,mt,16,1,
openfhe,7,15,60,42,12,3,4,240,564,804,881,77,12,8,add_cp,910.658,11.174,30,L12=3;L11=3;L10=3;L9=2;L8=2;L7=2;L6=2;L5=2;L4=1;L3=1;L2=1;L1=1,mt,16,1,
openfhe,7,15,60,42,12,3,4,240,564,804,881,77,12,8,mul_cp,1026.644,7.331,30,L12=3;L11=3;L10=3;L9=2;L8=2;L7=2;L6=2;L5=2;L4=1;L3=1;L2=1;L1=1,mt,16,1,
openfhe,7,15,60,42,12,3,4,240,564,804,881,77,12,8,mul_cc,6049.105,721.912,30,L12=3;L11=3;L10=3;L9=2;L8=2;L7=2;L6=2;L5=2;L4=1;L3=1;L2=1;L1=1,mt,16,1,
openfhe,7,15,60,42,12,3,4,240,564,804,881,77,12,8,mul_cc_rlk,27474.626,5962.673,30,L12=3;L11=3;L10=3;L9=2;L8=2;L7=2;L6=2;L5=2;L4=1;L3=1;L2=1;L1=1,mt,16,1,
openfhe,7,15,60,42,12,3,4,240,564,804,881,77,12,8,relin,19493.952,2587.882,30,L12=3;L11=3;L10=3;L9=2;L8=2;L7=2;L6=2;L5=2;L4=1;L3=1;L2=1;L1=1,mt,16,1,
openfhe,7,15,60,42,12,3,4,240,564,804,881,77,12,8,rescale,3520.613,10.176,30,L12=3;L11=3;L10=3;L9=2;L8=2;L7=2;L6=2;L5=2;L4=1;L3=1;L2=1;L1=1,mt,16,1,
openfhe,7,15,60,42,12,3,4,240,564,804,881,77,12,8,rot1,19062.387,4299.051,30,L12=3;L11=3;L10=3;L9=2;L8=2;L7=2;L6=2;L5=2;L4=1;L3=1;L2=1;L1=1,mt,16,1,
openfhe,7,15,60,42,12,3,4,240,564,804,881,77,12,7,add_cc,930.536,9.600,30,L12=3;L11=3;L10=3;L9=2;L8=2;L7=2;L6=2;L5=2;L4=1;L3=1;L2=1;L1=1,mt,16,1,
openfhe,7,15,60,42,12,3,4,240,564,804,881,77,12,7,add_cp,886.801,14.668,30,L12=3;L11=3;L10=3;L9=2;L8=2;L7=2;L6=2;L5=2;L4=1;L3=1;L2=1;L1=1,mt,16,1,
openfhe,7,15,60,42,12,3,4,240,564,804,881,77,12,7,mul_cp,1016.707,13.835,30,L12=3;L11=3;L10=3;L9=2;L8=2;L7=2;L6=2;L5=2;L4=1;L3=1;L2=1;L1=1,mt,16,1,
openfhe,7,15,60,42,12,3,4,240,564,804,881,77,12,7,mul_cc,5217.599,44.820,30,L12=3;L11=3;L10=3;L9=2;L8=2;L7=2;L6=2;L5=2;L4=1;L3=1;L2=1;L1=1,mt,16,1,
openfhe,7,15,60,42,12,3,4,240,564,804,881,77,12,7,mul_cc_rlk,25603.887,8029.646,30,L12=3;L11=3;L10=3;L9=2;L8=2;L7=2;L6=2;L5=2;L4=1;L3=1;L2=1;L1=1,mt,16,1,
openfhe,7,15,60,42,12,3,4,240,564,804,881,77,12,7,relin,18812.408,4687.201,30,L12=3;L11=3;L10=3;L9=2;L8=2;L7=2;L6=2;L5=2;L4=1;L3=1;L2=1;L1=1,mt,16,1,
openfhe,7,15,60,42,12,3,4,240,564,804,881,77,12,7,rescale,3101.387,14.982,30,L12=3;L11=3;L10=3;L9=2;L8=2;L7=2;L6=2;L5=2;L4=1;L3=1;L2=1;L1=1,mt,16,1,
openfhe,7,15,60,42,12,3,4,240,564,804,881,77,12,7,rot1,16948.911,1233.566,30,L12=3;L11=3;L10=3;L9=2;L8=2;L7=2;L6=2;L5=2;L4=1;L3=1;L2=1;L1=1,mt,16,1,
openfhe,7,15,60,42,12,3,4,240,564,804,881,77,12,6,add_cc,753.904,15.032,30,L12=3;L11=3;L10=3;L9=2;L8=2;L7=2;L6=2;L5=2;L4=1;L3=1;L2=1;L1=1,mt,16,1,
openfhe,7,15,60,42,12,3,4,240,564,804,881,77,12,6,add_cp,733.136,11.166,30,L12=3;L11=3;L10=3;L9=2;L8=2;L7=2;L6=2;L5=2;L4=1;L3=1;L2=1;L1=1,mt,16,1,
openfhe,7,15,60,42,12,3,4,240,564,804,881,77,12,6,mul_cp,831.558,7.002,30,L12=3;L11=3;L10=3;L9=2;L8=2;L7=2;L6=2;L5=2;L4=1;L3=1;L2=1;L1=1,mt,16,1,
openfhe,7,15,60,42,12,3,4,240,564,804,881,77,12,6,mul_cc,4669.099,93.816,30,L12=3;L11=3;L10=3;L9=2;L8=2;L7=2;L6=2;L5=2;L4=1;L3=1;L2=1;L1=1,mt,16,1,
openfhe,7,15,60,42,12,3,4,240,564,804,881,77,12,6,mul_cc_rlk,23090.021,6199.607,30,L12=3;L11=3;L10=3;L9=2;L8=2;L7=2;L6=2;L5=2;L4=1;L3=1;L2=1;L1=1,mt,16,1,
openfhe,7,15,60,42,12,3,4,240,564,804,881,77,12,6,relin,17089.333,3470.262,30,L12=3;L11=3;L10=3;L9=2;L8=2;L7=2;L6=2;L5=2;L4=1;L3=1;L2=1;L1=1,mt,16,1,
openfhe,7,15,60,42,12,3,4,240,564,804,881,77,12,6,rescale,2711.475,168.125,30,L12=3;L11=3;L10=3;L9=2;L8=2;L7=2;L6=2;L5=2;L4=1;L3=1;L2=1;L1=1,mt,16,1,
openfhe,7,15,60,42,12,3,4,240,564,804,881,77,12,6,rot1,15616.131,843.210,30,L12=3;L11=3;L10=3;L9=2;L8=2;L7=2;L6=2;L5=2;L4=1;L3=1;L2=1;L1=1,mt,16,1,
openfhe,7,15,60,42,12,3,4,240,564,804,881,77,12,5,add_cc,678.125,9.683,30,L12=3;L11=3;L10=3;L9=2;L8=2;L7=2;L6=2;L5=2;L4=1;L3=1;L2=1;L1=1,mt,16,1,
openfhe,7,15,60,42,12,3,4,240,564,804,881,77,12,5,add_cp,617.768,10.036,30,L12=3;L11=3;L10=3;L9=2;L8=2;L7=2;L6=2;L5=2;L4=1;L3=1;L2=1;L1=1,mt,16,1,
openfhe,7,15,60,42,12,3,4,240,564,804,881,77,12,5,mul_cp,762.531,8.028,30,L12=3;L11=3;L10=3;L9=2;L8=2;L7=2;L6=2;L5=2;L4=1;L3=1;L2=1;L1=1,mt,16,1,
openfhe,7,15,60,42,12,3,4,240,564,804,881,77,12,5,mul_cc,3934.130,83.504,30,L12=3;L11=3;L10=3;L9=2;L8=2;L7=2;L6=2;L5=2;L4=1;L3=1;L2=1;L1=1,mt,16,1,
openfhe,7,15,60,42,12,3,4,240,564,804,881,77,12,5,mul_cc_rlk,19235.568,3083.787,30,L12=3;L11=3;L10=3;L9=2;L8=2;L7=2;L6=2;L5=2;L4=1;L3=1;L2=1;L1=1,mt,16,1,
openfhe,7,15,60,42,12,3,4,240,564,804,881,77,12,5,relin,15077.177,1923.145,30,L12=3;L11=3;L10=3;L9=2;L8=2;L7=2;L6=2;L5=2;L4=1;L3=1;L2=1;L1=1,mt,16,1,
openfhe,7,15,60,42,12,3,4,240,564,804,881,77,12,5,rescale,2581.695,32.017,30,L12=3;L11=3;L10=3;L9=2;L8=2;L7=2;L6=2;L5=2;L4=1;L3=1;L2=1;L1=1,mt,16,1,
openfhe,7,15,60,42,12,3,4,240,564,804,881,77,12,5,rot1,13845.364,1338.981,30,L12=3;L11=3;L10=3;L9=2;L8=2;L7=2;L6=2;L5=2;L4=1;L3=1;L2=1;L1=1,mt,16,1,
openfhe,7,15,60,42,12,3,4,240,564,804,881,77,12,4,add_cc,629.637,13.785,30,L12=3;L11=3;L10=3;L9=2;L8=2;L7=2;L6=2;L5=2;L4=1;L3=1;L2=1;L1=1,mt,16,1,
openfhe,7,15,60,42,12,3,4,240,564,804,881,77,12,4,add_cp,535.526,12.614,30,L12=3;L11=3;L10=3;L9=2;L8=2;L7=2;L6=2;L5=2;L4=1;L3=1;L2=1;L1=1,mt,16,1,
openfhe,7,15,60,42,12,3,4,240,564,804,881,77,12,4,mul_cp,634.157,15.156,30,L12=3;L11=3;L10=3;L9=2;L8=2;L7=2;L6=2;L5=2;L4=1;L3=1;L2=1;L1=1,mt,16,1,
openfhe,7,15,60,42,12,3,4,240,564,804,881,77,12,4,mul_cc,3129.615,30.355,30,L12=3;L11=3;L10=3;L9=2;L8=2;L7=2;L6=2;L5=2;L4=1;L3=1;L2=1;L1=1,mt,16,1,
openfhe,7,15,60,42,12,3,4,240,564,804,881,77,12,4,mul_cc_rlk,13092.219,1329.694,30,L12=3;L11=3;L10=3;L9=2;L8=2;L7=2;L6=2;L5=2;L4=1;L3=1;L2=1;L1=1,mt,16,1,
openfhe,7,15,60,42,12,3,4,240,564,804,881,77,12,4,relin,10367.450,460.798,30,L12=3;L11=3;L10=3;L9=2;L8=2;L7=2;L6=2;L5=2;L4=1;L3=1;L2=1;L1=1,mt,16,1,
openfhe,7,15,60,42,12,3,4,240,564,804,881,77,12,4,rescale,2651.074,637.074,30,L12=3;L11=3;L10=3;L9=2;L8=2;L7=2;L6=2;L5=2;L4=1;L3=1;L2=1;L1=1,mt,16,1,
openfhe,7,15,60,42,12,3,4,240,564,804,881,77,12,4,rot1,10030.680,434.332,30,L12=3;L11=3;L10=3;L9=2;L8=2;L7=2;L6=2;L5=2;L4=1;L3=1;L2=1;L1=1,mt,16,1,
openfhe,7,15,60,42,12,3,4,240,564,804,881,77,12,3,add_cc,484.194,7.319,30,L12=3;L11=3;L10=3;L9=2;L8=2;L7=2;L6=2;L5=2;L4=1;L3=1;L2=1;L1=1,mt,16,1,
openfhe,7,15,60,42,12,3,4,240,564,804,881,77,12,3,add_cp,425.898,8.216,30,L12=3;L11=3;L10=3;L9=2;L8=2;L7=2;L6=2;L5=2;L4=1;L3=1;L2=1;L1=1,mt,16,1,
openfhe,7,15,60,42,12,3,4,240,564,804,881,77,12,3,mul_cp,521.951,10.181,30,L12=3;L11=3;L10=3;L9=2;L8=2;L7=2;L6=2;L5=2;L4=1;L3=1;L2=1;L1=1,mt,16,1,
openfhe,7,15,60,42,12,3,4,240,564,804,881,77,12,3,mul_cc,2557.562,27.047,30,L12=3;L11=3;L10=3;L9=2;L8=2;L7=2;L6=2;L5=2;L4=1;L3=1;L2=1;L1=1,mt,16,1,
openfhe,7,15,60,42,12,3,4,240,564,804,881,77,12,3,mul_cc_rlk,10790.982,472.423,30,L12=3;L11=3;L10=3;L9=2;L8=2;L7=2;L6=2;L5=2;L4=1;L3=1;L2=1;L1=1,mt,16,1,
openfhe,7,15,60,42,12,3,4,240,564,804,881,77,12,3,relin,8957.013,399.558,30,L12=3;L11=3;L10=3;L9=2;L8=2;L7=2;L6=2;L5=2;L4=1;L3=1;L2=1;L1=1,mt,16,1,
openfhe,7,15,60,42,12,3,4,240,564,804,881,77,12,3,rescale,2341.553,17.506,30,L12=3;L11=3;L10=3;L9=2;L8=2;L7=2;L6=2;L5=2;L4=1;L3=1;L2=1;L1=1,mt,16,1,
openfhe,7,15,60,42,12,3,4,240,564,804,881,77,12,3,rot1,9427.122,1932.283,30,L12=3;L11=3;L10=3;L9=2;L8=2;L7=2;L6=2;L5=2;L4=1;L3=1;L2=1;L1=1,mt,16,1,
openfhe,7,15,60,42,12,3,4,240,564,804,881,77,12,2,add_cc,421.359,6.476,30,L12=3;L11=3;L10=3;L9=2;L8=2;L7=2;L6=2;L5=2;L4=1;L3=1;L2=1;L1=1,mt,16,1,
openfhe,7,15,60,42,12,3,4,240,564,804,881,77,12,2,add_cp,334.943,7.761,30,L12=3;L11=3;L10=3;L9=2;L8=2;L7=2;L6=2;L5=2;L4=1;L3=1;L2=1;L1=1,mt,16,1,
openfhe,7,15,60,42,12,3,4,240,564,804,881,77,12,2,mul_cp,459.845,9.298,30,L12=3;L11=3;L10=3;L9=2;L8=2;L7=2;L6=2;L5=2;L4=1;L3=1;L2=1;L1=1,mt,16,1,
openfhe,7,15,60,42,12,3,4,240,564,804,881,77,12,2,mul_cc,1541.431,16.864,30,L12=3;L11=3;L10=3;L9=2;L8=2;L7=2;L6=2;L5=2;L4=1;L3=1;L2=1;L1=1,mt,16,1,
openfhe,7,15,60,42,12,3,4,240,564,804,881,77,12,2,mul_cc_rlk,9994.423,629.901,30,L12=3;L11=3;L10=3;L9=2;L8=2;L7=2;L6=2;L5=2;L4=1;L3=1;L2=1;L1=1,mt,16,1,
openfhe,7,15,60,42,12,3,4,240,564,804,881,77,12,2,relin,9316.629,1846.688,30,L12=3;L11=3;L10=3;L9=2;L8=2;L7=2;L6=2;L5=2;L4=1;L3=1;L2=1;L1=1,mt,16,1,
openfhe,7,15,60,42,12,3,4,240,564,804,881,77,12,2,rescale,2343.962,17.433,30,L12=3;L11=3;L10=3;L9=2;L8=2;L7=2;L6=2;L5=2;L4=1;L3=1;L2=1;L1=1,mt,16,1,
openfhe,7,15,60,42,12,3,4,240,564,804,881,77,12,2,rot1,8133.046,1534.127,30,L12=3;L11=3;L10=3;L9=2;L8=2;L7=2;L6=2;L5=2;L4=1;L3=1;L2=1;L1=1,mt,16,1,
openfhe,7,15,60,42,12,3,4,240,564,804,881,77,12,1,add_cc,279.816,7.388,30,L12=3;L11=3;L10=3;L9=2;L8=2;L7=2;L6=2;L5=2;L4=1;L3=1;L2=1;L1=1,mt,16,1,
openfhe,7,15,60,42,12,3,4,240,564,804,881,77,12,1,add_cp,209.665,6.130,30,L12=3;L11=3;L10=3;L9=2;L8=2;L7=2;L6=2;L5=2;L4=1;L3=1;L2=1;L1=1,mt,16,1,
openfhe,7,15,60,42,12,3,4,240,564,804,881,77,12,1,mul_cp,336.103,12.257,30,L12=3;L11=3;L10=3;L9=2;L8=2;L7=2;L6=2;L5=2;L4=1;L3=1;L2=1;L1=1,mt,16,1,
openfhe,7,15,60,42,12,3,4,240,564,804,881,77,12,1,mul_cc,1015.263,9.105,30,L12=3;L11=3;L10=3;L9=2;L8=2;L7=2;L6=2;L5=2;L4=1;L3=1;L2=1;L1=1,mt,16,1,
openfhe,7,15,60,42,12,3,4,240,564,804,881,77,12,1,mul_cc_rlk,8957.376,4027.702,30,L12=3;L11=3;L10=3;L9=2;L8=2;L7=2;L6=2;L5=2;L4=1;L3=1;L2=1;L1=1,mt,16,1,
openfhe,7,15,60,42,12,3,4,240,564,804,881,77,12,1,relin,6629.538,383.266,30,L12=3;L11=3;L10=3;L9=2;L8=2;L7=2;L6=2;L5=2;L4=1;L3=1;L2=1;L1=1,mt,16,1,
openfhe,7,15,60,42,12,3,4,240,564,804,881,77,12,1,rescale,1850.525,14.914,30,L12=3;L11=3;L10=3;L9=2;L8=2;L7=2;L6=2;L5=2;L4=1;L3=1;L2=1;L1=1,mt,16,1,
openfhe,7,15,60,42,12,3,4,240,564,804,881,77,12,1,rot1,7348.793,3500.373,30,L12=3;L11=3;L10=3;L9=2;L8=2;L7=2;L6=2;L5=2;L4=1;L3=1;L2=1;L1=1,mt,16,1,
