q0,delta,residual_L,levelBudget_c2s,levelBudget_s2c,boot_depth_of,evalmod_levels_of,QCount_boot_of,logQ_boot_of,PCount_boot_of,logP_boot_of,logQP_boot_of,margin_1747_of,dnum_of,log_message_ratio_of,boot_depth_la,evalmod_levels_la,QCount_boot_la,logQ_boot_la,PCount_boot_la,logP_boot_la,logQP_boot_la,margin_1747_la,dnum_la,log_message_ratio_la,evalmod_scale_la
53,52,3,2,2,18,14,22.0,1145.0,10.0,600.0,1745.0,2.0,2,1,12.0,8.0,16.0,799.0,8,488.0,1287.0,460.0,2.0,1,50
53,52,3,3,3,20,14,24.0,1249.0,7.0,420.0,1669.0,78.0,3,1,14.0,8.0,18.0,894.0,6,366.0,1260.0,487.0,3.0,1,50
53,52,3,3,4,21,14,25.0,1301.0,7.0,420.0,1721.0,26.0,4,1,15.0,8.0,19.0,933.0,7,427.0,1360.0,387.0,3.0,1,50
53,52,3,4,3,21,14,25.0,1301.0,7.0,420.0,1721.0,26.0,4,1,15.0,8.0,19.0,950.0,7,427.0,1377.0,370.0,3.0,1,50
53,52,3,4,4,22,14,26.0,1353.0,6.0,360.0,1713.0,34.0,5,1,16.0,8.0,20.0,989.0,7,427.0,1416.0,331.0,3.0,1,50
53,52,4,2,2,18,14,23.0,1197.0,7.0,420.0,1617.0,130.0,3,1,12.0,8.0,17.0,851.0,6,366.0,1217.0,530.0,3.0,1,50
53,52,4,3,3,20,14,25.0,1301.0,7.0,420.0,1721.0,26.0,4,1,14.0,8.0,19.0,946.0,7,427.0,1373.0,374.0,3.0,1,50
53,52,4,3,4,21,14,26.0,1353.0,6.0,360.0,1713.0,34.0,5,1,15.0,8.0,20.0,985.0,7,427.0,1412.0,335.0,3.0,1,50
53,52,4,4,3,21,14,26.0,1353.0,6.0,360.0,1713.0,34.0,5,1,15.0,8.0,20.0,1002.0,7,427.0,1429.0,318.0,3.0,1,50
53,52,4,4,4,22,14,27.0,1405.0,5.0,300.0,1705.0,42.0,6,1,16.0,8.0,21.0,1041.0,7,427.0,1468.0,279.0,3.0,1,50
53,52,5,2,2,18,14,24.0,1249.0,7.0,420.0,1669.0,78.0,3,1,12.0,8.0,18.0,903.0,6,366.0,1269.0,478.0,3.0,1,50
53,52,5,3,3,20,14,26.0,1353.0,6.0,360.0,1713.0,34.0,5,1,14.0,8.0,20.0,998.0,7,427.0,1425.0,322.0,3.0,1,50
53,52,5,3,4,21,14,27.0,1405.0,5.0,300.0,1705.0,42.0,6,1,15.0,8.0,21.0,1037.0,7,427.0,1464.0,283.0,3.0,1,50
53,52,5,4,3,21,14,27.0,1405.0,5.0,300.0,1705.0,42.0,6,1,15.0,8.0,21.0,1054.0,7,427.0,1481.0,266.0,3.0,1,50
53,52,5,4,4,22,14,28.0,1457.0,4.0,240.0,1697.0,50.0,7,1,16.0,8.0,22.0,1093.0,8,488.0,1581.0,166.0,3.0,1,50
53,52,6,2,2,18,14,25.0,1301.0,7.0,420.0,1721.0,26.0,4,1,12.0,8.0,19.0,955.0,7,427.0,1382.0,365.0,3.0,1,50
53,52,6,3,3,20,14,27.0,1405.0,5.0,300.0,1705.0,42.0,6,1,14.0,8.0,21.0,1050.0,7,427.0,1477.0,270.0,3.0,1,50
53,52,6,3,4,21,14,28.0,1457.0,4.0,240.0,1697.0,50.0,7,1,15.0,8.0,22.0,1089.0,8,488.0,1577.0,170.0,3.0,1,50
53,52,6,4,3,21,14,28.0,1457.0,4.0,240.0,1697.0,50.0,7,1,15.0,8.0,22.0,1106.0,8,488.0,1594.0,153.0,3.0,1,50
53,52,6,4,4,22,14,29.0,1509.0,3.0,180.0,1689.0,58.0,10,1,16.0,8.0,23.0,1145.0,8,488.0,1633.0,114.0,3.0,1,50
53,52,7,2,2,18,14,26.0,1353.0,6.0,360.0,1713.0,34.0,5,1,12.0,8.0,20.0,1007.0,7,427.0,1434.0,313.0,3.0,1,50
53,52,7,3,3,20,14,28.0,1457.0,4.0,240.0,1697.0,50.0,7,1,14.0,8.0,22.0,1102.0,8,488.0,1590.0,157.0,3.0,1,50
53,52,7,3,4,21,14,29.0,1509.0,3.0,180.0,1689.0,58.0,10,1,15.0,8.0,23.0,1141.0,8,488.0,1629.0,118.0,3.0,1,50
53,52,7,4,3,21,14,29.0,1509.0,3.0,180.0,1689.0,58.0,10,1,15.0,8.0,23.0,1158.0,8,488.0,1646.0,101.0,3.0,1,50
53,52,7,4,4,22,14,30.0,1561.0,3.0,180.0,1741.0,6.0,10,1,16.0,8.0,24.0,1197.0,8,488.0,1685.0,62.0,3.0,1,50
53,52,8,2,2,18,14,27.0,1405.0,5.0,300.0,1705.0,42.0,6,1,12.0,8.0,21.0,1059.0,7,427.0,1486.0,261.0,3.0,1,50
53,52,8,3,3,20,14,29.0,1509.0,3.0,180.0,1689.0,58.0,10,1,14.0,8.0,23.0,1154.0,8,488.0,1642.0,105.0,3.0,1,50
53,52,8,3,4,21,14,30.0,1561.0,3.0,180.0,1741.0,6.0,10,1,15.0,8.0,24.0,1193.0,8,488.0,1681.0,66.0,3.0,1,50
53,52,8,4,3,21,14,30.0,1561.0,3.0,180.0,1741.0,6.0,10,1,15.0,8.0,24.0,1210.0,8,488.0,1698.0,49.0,3.0,1,50
53,52,8,4,4,22,14,31.0,1613.0,2.0,120.0,1733.0,14.0,16,1,16.0,8.0,25.0,1249.0,7,427.0,1676.0,71.0,4.0,1,50
53,52,9,2,2,18,14,28.0,1457.0,4.0,240.0,1697.0,50.0,7,1,12.0,8.0,22.0,1111.0,8,488.0,1599.0,148.0,3.0,1,50
53,52,9,3,3,20,14,30.0,1561.0,3.0,180.0,1741.0,6.0,10,1,14.0,8.0,24.0,1206.0,8,488.0,1694.0,53.0,3.0,1,50
53,52,9,3,4,21,14,31.0,1613.0,2.0,120.0,1733.0,14.0,16,1,15.0,8.0,25.0,1245.0,7,427.0,1672.0,75.0,4.0,1,50
53,52,9,4,3,21,14,31.0,1613.0,2.0,120.0,1733.0,14.0,16,1,15.0,8.0,25.0,1262.0,7,427.0,1689.0,58.0,4.0,1,50
53,52,9,4,4,22,14,32.0,1665.0,1.0,60.0,1725.0,22.0,32,1,16.0,8.0,26.0,1301.0,7,427.0,1728.0,19.0,4.0,1,50
53,52,10,2,2,18,14,29.0,1509.0,3.0,180.0,1689.0,58.0,10,1,12.0,8.0,23.0,1163.0,8,488.0,1651.0,96.0,3.0,1,50
53,52,10,3,3,20,14,31.0,1613.0,2.0,120.0,1733.0,14.0,16,1,14.0,8.0,25.0,1258.0,7,427.0,1685.0,62.0,4.0,1,50
53,52,10,3,4,21,14,32.0,1665.0,1.0,60.0,1725.0,22.0,32,1,15.0,8.0,26.0,1297.0,7,427.0,1724.0,23.0,4.0,1,50
53,52,10,4,3,21,14,32.0,1665.0,1.0,60.0,1725.0,22.0,32,1,15.0,8.0,26.0,1314.0,7,427.0,1741.0,6.0,4.0,1,50
53,52,11,2,2,18,14,30.0,1561.0,3.0,180.0,1741.0,6.0,10,1,12.0,8.0,24.0,1215.0,8,488.0,1703.0,44.0,3.0,1,50
53,52,11,3,3,20,14,32.0,1665.0,1.0,60.0,1725.0,22.0,32,1,14.0,8.0,26.0,1310.0,7,427.0,1737.0,10.0,4.0,1,50
53,52,12,2,2,18,14,31.0,1613.0,2.0,120.0,1733.0,14.0,16,1,12.0,8.0,25.0,1267.0,7,427.0,1694.0,53.0,4.0,1,50
53,52,13,2,2,18,14,32.0,1665.0,1.0,60.0,1725.0,22.0,32,1,12.0,8.0,26.0,1319.0,7,427.0,1746.0,1.0,4.0,1,50
54,52,3,2,2,18,14,22.0,1146.0,10.0,600.0,1746.0,1.0,2,2,12.0,8.0,16.0,800.0,8,488.0,1288.0,459.0,2.0,2,50
54,52,3,3,3,20,14,24.0,1250.0,7.0,420.0,1670.0,77.0,3,2,14.0,8.0,18.0,895.0,6,366.0,1261.0,486.0,3.0,2,50
54,52,3,3,4,21,14,25.0,1302.0,7.0,420.0,1722.0,25.0,4,2,15.0,8.0,19.0,934.0,7,427.0,1361.0,386.0,3.0,2,50
54,52,3,4,3,21,14,25.0,1302.0,7.0,420.0,1722.0,25.0,4,2,15.0,8.0,19.0,951.0,7,427.0,1378.0,369.0,3.0,2,50
54,52,3,4,4,22,14,26.0,1354.0,6.0,360.0,1714.0,33.0,5,2,16.0,8.0,20.0,990.0,7,427.0,1417.0,330.0,3.0,2,50
54,52,4,2,2,18,14,23.0,1198.0,7.0,420.0,1618.0,129.0,3,2,12.0,8.0,17.0,852.0,6,366.0,1218.0,529.0,3.0,2,50
54,52,4,3,3,20,14,25.0,1302.0,7.0,420.0,1722.0,25.0,4,2,14.0,8.0,19.0,947.0,7,427.0,1374.0,373.0,3.0,2,50
54,52,4,3,4,21,14,26.0,1354.0,6.0,360.0,1714.0,33.0,5,2,15.0,8.0,20.0,986.0,7,427.0,1413.0,334.0,3.0,2,50
54,52,4,4,3,21,14,26.0,1354.0,6.0,360.0,1714.0,33.0,5,2,15.0,8.0,20.0,1003.0,7,427.0,1430.0,317.0,3.0,2,50
54,52,4,4,4,22,14,27.0,1406.0,5.0,300.0,1706.0,41.0,6,2,16.0,8.0,21.0,1042.0,7,427.0,1469.0,278.0,3.0,2,50
54,52,5,2,2,18,14,24.0,1250.0,7.0,420.0,1670.0,77.0,3,2,12.0,8.0,18.0,904.0,6,366.0,1270.0,477.0,3.0,2,50
54,52,5,3,3,20,14,26.0,1354.0,6.0,360.0,1714.0,33.0,5,2,14.0,8.0,20.0,999.0,7,427.0,1426.0,321.0,3.0,2,50
54,52,5,3,4,21,14,27.0,1406.0,5.0,300.0,1706.0,41.0,6,2,15.0,8.0,21.0,1038.0,7,427.0,1465.0,282.0,3.0,2,50
54,52,5,4,3,21,14,27.0,1406.0,5.0,300.0,1706.0,41.0,6,2,15.0,8.0,21.0,1055.0,7,427.0,1482.0,265.0,3.0,2,50
54,52,5,4,4,22,14,28.0,1458.0,4.0,240.0,1698.0,49.0,7,2,16.0,8.0,22.0,1094.0,8,488.0,1582.0,165.0,3.0,2,50
54,52,6,2,2,18,14,25.0,1302.0,7.0,420.0,1722.0,25.0,4,2,12.0,8.0,19.0,956.0,7,427.0,1383.0,364.0,3.0,2,50
54,52,6,3,3,20,14,27.0,1406.0,5.0,300.0,1706.0,41.0,6,2,14.0,8.0,21.0,1051.0,7,427.0,1478.0,269.0,3.0,2,50
54,52,6,3,4,21,14,28.0,1458.0,4.0,240.0,1698.0,49.0,7,2,15.0,8.0,22.0,1090.0,8,488.0,1578.0,169.0,3.0,2,50
54,52,6,4,3,21,14,28.0,1458.0,4.0,240.0,1698.0,49.0,7,2,15.0,8.0,22.0,1107.0,8,488.0,1595.0,152.0,3.0,2,50
54,52,6,4,4,22,14,29.0,1510.0,3.0,180.0,1690.0,57.0,10,2,16.0,8.0,23.0,1146.0,8,488.0,1634.0,113.0,3.0,2,50
54,52,7,2,2,18,14,26.0,1354.0,6.0,360.0,1714.0,33.0,5,2,12.0,8.0,20.0,1008.0,7,427.0,1435.0,312.0,3.0,2,50
54,52,7,3,3,20,14,28.0,1458.0,4.0,240.0,1698.0,49.0,7,2,14.0,8.0,22.0,1103.0,8,488.0,1591.0,156.0,3.0,2,50
54,52,7,3,4,21,14,29.0,1510.0,3.0,180.0,1690.0,57.0,10,2,15.0,8.0,23.0,1142.0,8,488.0,1630.0,117.0,3.0,2,50
54,52,7,4,3,21,14,29.0,1510.0,3.0,180.0,1690.0,57.0,10,2,15.0,8.0,23.0,1159.0,8,488.0,1647.0,100.0,3.0,2,50
54,52,7,4,4,22,14,30.0,1562.0,3.0,180.0,1742.0,5.0,10,2,16.0,8.0,24.0,1198.0,8,488.0,1686.0,61.0,3.0,2,50
54,52,8,2,2,18,14,27.0,1406.0,5.0,300.0,1706.0,41.0,6,2,12.0,8.0,21.0,1060.0,7,427.0,1487.0,260.0,3.0,2,50
54,52,8,3,3,20,14,29.0,1510.0,3.0,180.0,1690.0,57.0,10,2,14.0,8.0,23.0,1155.0,8,488.0,1643.0,104.0,3.0,2,50
54,52,8,3,4,21,14,30.0,1562.0,3.0,180.0,1742.0,5.0,10,2,15.0,8.0,24.0,1194.0,8,488.0,1682.0,65.0,3.0,2,50
54,52,8,4,3,21,14,30.0,1562.0,3.0,180.0,1742.0,5.0,10,2,15.0,8.0,24.0,1211.0,8,488.0,1699.0,48.0,3.0,2,50
54,52,8,4,4,22,14,31.0,1614.0,2.0,120.0,1734.0,13.0,16,2,16.0,8.0,25.0,1250.0,7,427.0,1677.0,70.0,4.0,2,50
54,52,9,2,2,18,14,28.0,1458.0,4.0,240.0,1698.0,49.0,7,2,12.0,8.0,22.0,1112.0,8,488.0,1600.0,147.0,3.0,2,50
54,52,9,3,3,20,14,30.0,1562.0,3.0,180.0,1742.0,5.0,10,2,14.0,8.0,24.0,1207.0,8,488.0,1695.0,52.0,3.0,2,50
54,52,9,3,4,21,14,31.0,1614.0,2.0,120.0,1734.0,13.0,16,2,15.0,8.0,25.0,1246.0,7,427.0,1673.0,74.0,4.0,2,50
54,52,9,4,3,21,14,31.0,1614.0,2.0,120.0,1734.0,13.0,16,2,15.0,8.0,25.0,1263.0,7,427.0,1690.0,57.0,4.0,2,50
54,52,9,4,4,22,14,32.0,1666.0,1.0,60.0,1726.0,21.0,32,2,16.0,8.0,26.0,1302.0,7,427.0,1729.0,18.0,4.0,2,50
54,52,10,2,2,18,14,29.0,1510.0,3.0,180.0,1690.0,57.0,10,2,12.0,8.0,23.0,1164.0,8,488.0,1652.0,95.0,3.0,2,50
54,52,10,3,3,20,14,31.0,1614.0,2.0,120.0,1734.0,13.0,16,2,14.0,8.0,25.0,1259.0,7,427.0,1686.0,61.0,4.0,2,50
54,52,10,3,4,21,14,32.0,1666.0,1.0,60.0,1726.0,21.0,32,2,15.0,8.0,26.0,1298.0,7,427.0,1725.0,22.0,4.0,2,50
54,52,10,4,3,21,14,32.0,1666.0,1.0,60.0,1726.0,21.0,32,2,15.0,8.0,26.0,1315.0,7,427.0,1742.0,5.0,4.0,2,50
54,52,11,2,2,18,14,30.0,1562.0,3.0,180.0,1742.0,5.0,10,2,12.0,8.0,24.0,1216.0,8,488.0,1704.0,43.0,3.0,2,50
54,52,11,3,3,20,14,32.0,1666.0,1.0,60.0,1726.0,21.0,32,2,14.0,8.0,26.0,1311.0,7,427.0,1738.0,9.0,4.0,2,50
54,52,12,2,2,18,14,31.0,1614.0,2.0,120.0,1734.0,13.0,16,2,12.0,8.0,25.0,1268.0,7,427.0,1695.0,52.0,4.0,2,50
54,52,13,2,2,18,14,32.0,1666.0,1.0,60.0,1726.0,21.0,32,2,12.0,8.0,26.0,1320.0,7,427.0,1747.0,0.0,4.0,2,50
54,53,3,2,2,18,14,22.0,1167.0,8.0,480.0,1647.0,100.0,3,1,12.0,8.0,16.0,803.0,8,488.0,1291.0,456.0,2.0,1,50
54,53,3,3,3,20,14,24.0,1273.0,6.0,360.0,1633.0,114.0,4,1,14.0,8.0,18.0,898.0,6,366.0,1264.0,483.0,3.0,1,50
54,53,3,3,4,21,14,25.0,1326.0,7.0,420.0,1746.0,1.0,4,1,15.0,8.0,19.0,937.0,7,427.0,1364.0,383.0,3.0,1,50
54,53,3,4,3,21,14,25.0,1326.0,7.0,420.0,1746.0,1.0,4,1,15.0,8.0,19.0,954.0,7,427.0,1381.0,366.0,3.0,1,50
54,53,3,4,4,22,14,26.0,1379.0,6.0,360.0,1739.0,8.0,5,1,16.0,8.0,20.0,993.0,7,427.0,1420.0,327.0,3.0,1,50
54,53,4,2,2,18,14,23.0,1220.0,8.0,480.0,1700.0,47.0,3,1,12.0,8.0,17.0,856.0,6,366.0,1222.0,525.0,3.0,1,50
54,53,4,3,3,20,14,25.0,1326.0,7.0,420.0,1746.0,1.0,4,1,14.0,8.0,19.0,951.0,7,427.0,1378.0,369.0,3.0,1,50
54,53,4,3,4,21,14,26.0,1379.0,6.0,360.0,1739.0,8.0,5,1,15.0,8.0,20.0,990.0,7,427.0,1417.0,330.0,3.0,1,50
54,53,4,4,3,21,14,26.0,1379.0,6.0,360.0,1739.0,8.0,5,1,15.0,8.0,20.0,1007.0,7,427.0,1434.0,313.0,3.0,1,50
54,53,4,4,4,22,14,27.0,1432.0,5.0,300.0,1732.0,15.0,6,1,16.0,8.0,21.0,1046.0,7,427.0,1473.0,274.0,3.0,1,50
54,53,5,2,2,18,14,24.0,1273.0,6.0,360.0,1633.0,114.0,4,1,12.0,8.0,18.0,909.0,6,366.0,1275.0,472.0,3.0,1,50
54,53,5,3,3,20,14,26.0,1379.0,6.0,360.0,1739.0,8.0,5,1,14.0,8.0,20.0,1004.0,7,427.0,1431.0,316.0,3.0,1,50
54,53,5,3,4,21,14,27.0,1432.0,5.0,300.0,1732.0,15.0,6,1,15.0,8.0,21.0,1043.0,7,427.0,1470.0,277.0,3.0,1,50
54,53,5,4,3,21,14,27.0,1432.0,5.0,300.0,1732.0,15.0,6,1,15.0,8.0,21.0,1060.0,7,427.0,1487.0,260.0,3.0,1,50
54,53,5,4,4,22,14,28.0,1485.0,4.0,240.0,1725.0,22.0,7,1,16.0,8.0,22.0,1099.0,8,488.0,1587.0,160.0,3.0,1,50
54,53,6,2,2,18,14,25.0,1326.0,7.0,420.0,1746.0,1.0,4,1,12.0,8.0,19.0,962.0,7,427.0,1389.0,358.0,3.0,1,50
54,53,6,3,3,20,14,27.0,1432.0,5.0,300.0,1732.0,15.0,6,1,14.0,8.0,21.0,1057.0,7,427.0,1484.0,263.0,3.0,1,50
54,53,6,3,4,21,14,28.0,1485.0,4.0,240.0,1725.0,22.0,7,1,15.0,8.0,22.0,1096.0,8,488.0,1584.0,163.0,3.0,1,50
54,53,6,4,3,21,14,28.0,1485.0,4.0,240.0,1725.0,22.0,7,1,15.0,8.0,22.0,1113.0,8,488.0,1601.0,146.0,3.0,1,50
54,53,6,4,4,22,14,29.0,1538.0,3.0,180.0,1718.0,29.0,10,1,16.0,8.0,23.0,1152.0,8,488.0,1640.0,107.0,3.0,1,50
54,53,7,2,2,18,14,26.0,1379.0,6.0,360.0,1739.0,8.0,5,1,12.0,8.0,20.0,1015.0,7,427.0,1442.0,305.0,3.0,1,50
54,53,7,3,3,20,14,28.0,1485.0,4.0,240.0,1725.0,22.0,7,1,14.0,8.0,22.0,1110.0,8,488.0,1598.0,149.0,3.0,1,50
54,53,7,3,4,21,14,29.0,1538.0,3.0,180.0,1718.0,29.0,10,1,15.0,8.0,23.0,1149.0,8,488.0,1637.0,110.0,3.0,1,50
54,53,7,4,3,21,14,29.0,1538.0,3.0,180.0,1718.0,29.0,10,1,15.0,8.0,23.0,1166.0,8,488.0,1654.0,93.0,3.0,1,50
54,53,7,4,4,22,14,30.0,1591.0,2.0,120.0,1711.0,36.0,15,1,16.0,8.0,24.0,1205.0,8,488.0,1693.0,54.0,3.0,1,50
54,53,8,2,2,18,14,27.0,1432.0,5.0,300.0,1732.0,15.0,6,1,12.0,8.0,21.0,1068.0,7,427.0,1495.0,252.0,3.0,1,50
54,53,8,3,3,20,14,29.0,1538.0,3.0,180.0,1718.0,29.0,10,1,14.0,8.0,23.0,1163.0,8,488.0,1651.0,96.0,3.0,1,50
54,53,8,3,4,21,14,30.0,1591.0,2.0,120.0,1711.0,36.0,15,1,15.0,8.0,24.0,1202.0,8,488.0,1690.0,57.0,3.0,1,50
54,53,8,4,3,21,14,30.0,1591.0,2.0,120.0,1711.0,36.0,15,1,15.0,8.0,24.0,1219.0,8,488.0,1707.0,40.0,3.0,1,50
54,53,8,4,4,22,14,31.0,1644.0,1.0,60.0,1704.0,43.0,31,1,16.0,8.0,25.0,1258.0,7,427.0,1685.0,62.0,4.0,1,50
54,53,9,2,2,18,14,28.0,1485.0,4.0,240.0,1725.0,22.0,7,1,12.0,8.0,22.0,1121.0,8,488.0,1609.0,138.0,3.0,1,50
54,53,9,3,3,20,14,30.0,1591.0,2.0,120.0,1711.0,36.0,15,1,14.0,8.0,24.0,1216.0,8,488.0,1704.0,43.0,3.0,1,50
54,53,9,3,4,21,14,31.0,1644.0,1.0,60.0,1704.0,43.0,31,1,15.0,8.0,25.0,1255.0,7,427.0,1682.0,65.0,4.0,1,50
54,53,9,4,3,21,14,31.0,1644.0,1.0,60.0,1704.0,43.0,31,1,15.0,8.0,25.0,1272.0,7,427.0,1699.0,48.0,4.0,1,50
54,53,10,2,2,18,14,29.0,1538.0,3.0,180.0,1718.0,29.0,10,1,12.0,8.0,23.0,1174.0,8,488.0,1662.0,85.0,3.0,1,50
54,53,10,3,3,20,14,31.0,1644.0,1.0,60.0,1704.0,43.0,31,1,14.0,8.0,25.0,1269.0,7,427.0,1696.0,51.0,4.0,1,50
54,53,11,2,2,18,14,30.0,1591.0,2.0,120.0,1711.0,36.0,15,1,12.0,8.0,24.0,1227.0,8,488.0,1715.0,32.0,3.0,1,50
54,53,12,2,2,18,14,31.0,1644.0,1.0,60.0,1704.0,43.0,31,1,12.0,8.0,25.0,1280.0,7,427.0,1707.0,40.0,4.0,1,50
55,52,3,2,2,18,14,22.0,1147.0,10.0,600.0,1747.0,0.0,2,3,12.0,8.0,16.0,801.0,8,488.0,1289.0,458.0,2.0,3,50
55,52,3,3,3,20,14,24.0,1251.0,7.0,420.0,1671.0,76.0,3,3,14.0,8.0,18.0,896.0,6,366.0,1262.0,485.0,3.0,3,50
55,52,3,3,4,21,14,25.0,1303.0,7.0,420.0,1723.0,24.0,4,3,15.0,8.0,19.0,935.0,7,427.0,1362.0,385.0,3.0,3,50
55,52,3,4,3,21,14,25.0,1303.0,7.0,420.0,1723.0,24.0,4,3,15.0,8.0,19.0,952.0,7,427.0,1379.0,368.0,3.0,3,50
55,52,3,4,4,22,14,26.0,1355.0,6.0,360.0,1715.0,32.0,5,3,16.0,8.0,20.0,991.0,7,427.0,1418.0,329.0,3.0,3,50
55,52,4,2,2,18,14,23.0,1199.0,7.0,420.0,1619.0,128.0,3,3,12.0,8.0,17.0,853.0,6,366.0,1219.0,528.0,3.0,3,50
55,52,4,3,3,20,14,25.0,1303.0,7.0,420.0,1723.0,24.0,4,3,14.0,8.0,19.0,948.0,7,427.0,1375.0,372.0,3.0,3,50
55,52,4,3,4,21,14,26.0,1355.0,6.0,360.0,1715.0,32.0,5,3,15.0,8.0,20.0,987.0,7,427.0,1414.0,333.0,3.0,3,50
55,52,4,4,3,21,14,26.0,1355.0,6.0,360.0,1715.0,32.0,5,3,15.0,8.0,20.0,1004.0,7,427.0,1431.0,316.0,3.0,3,50
55,52,4,4,4,22,14,27.0,1407.0,5.0,300.0,1707.0,40.0,6,3,16.0,8.0,21.0,1043.0,7,427.0,1470.0,277.0,3.0,3,50
55,52,5,2,2,18,14,24.0,1251.0,7.0,420.0,1671.0,76.0,3,3,12.0,8.0,18.0,905.0,6,366.0,1271.0,476.0,3.0,3,50
55,52,5,3,3,20,14,26.0,1355.0,6.0,360.0,1715.0,32.0,5,3,14.0,8.0,20.0,1000.0,7,427.0,1427.0,320.0,3.0,3,50
55,52,5,3,4,21,14,27.0,1407.0,5.0,300.0,1707.0,40.0,6,3,15.0,8.0,21.0,1039.0,7,427.0,1466.0,281.0,3.0,3,50
55,52,5,4,3,21,14,27.0,1407.0,5.0,300.0,1707.0,40.0,6,3,15.0,8.0,21.0,1056.0,7,427.0,1483.0,264.0,3.0,3,50
55,52,5,4,4,22,14,28.0,1459.0,4.0,240.0,1699.0,48.0,7,3,16.0,8.0,22.0,1095.0,8,488.0,1583.0,164.0,3.0,3,50
55,52,6,2,2,18,14,25.0,1303.0,7.0,420.0,1723.0,24.0,4,3,12.0,8.0,19.0,957.0,7,427.0,1384.0,363.0,3.0,3,50
55,52,6,3,3,20,14,27.0,1407.0,5.0,300.0,1707.0,40.0,6,3,14.0,8.0,21.0,1052.0,7,427.0,1479.0,268.0,3.0,3,50
55,52,6,3,4,21,14,28.0,1459.0,4.0,240.0,1699.0,48.0,7,3,15.0,8.0,22.0,1091.0,8,488.0,1579.0,168.0,3.0,3,50
55,52,6,4,3,21,14,28.0,1459.0,4.0,240.0,1699.0,48.0,7,3,15.0,8.0,22.0,1108.0,8,488.0,1596.0,151.0,3.0,3,50
55,52,6,4,4,22,14,29.0,1511.0,3.0,180.0,1691.0,56.0,10,3,16.0,8.0,23.0,1147.0,8,488.0,1635.0,112.0,3.0,3,50
55,52,7,2,2,18,14,26.0,1355.0,6.0,360.0,1715.0,32.0,5,3,12.0,8.0,20.0,1009.0,7,427.0,1436.0,311.0,3.0,3,50
55,52,7,3,3,20,14,28.0,1459.0,4.0,240.0,1699.0,48.0,7,3,14.0,8.0,22.0,1104.0,8,488.0,1592.0,155.0,3.0,3,50
55,52,7,3,4,21,14,29.0,1511.0,3.0,180.0,1691.0,56.0,10,3,15.0,8.0,23.0,1143.0,8,488.0,1631.0,116.0,3.0,3,50
55,52,7,4,3,21,14,29.0,1511.0,3.0,180.0,1691.0,56.0,10,3,15.0,8.0,23.0,1160.0,8,488.0,1648.0,99.0,3.0,3,50
55,52,7,4,4,22,14,30.0,1563.0,3.0,180.0,1743.0,4.0,10,3,16.0,8.0,24.0,1199.0,8,488.0,1687.0,60.0,3.0,3,50
55,52,8,2,2,18,14,27.0,1407.0,5.0,300.0,1707.0,40.0,6,3,12.0,8.0,21.0,1061.0,7,427.0,1488.0,259.0,3.0,3,50
55,52,8,3,3,20,14,29.0,1511.0,3.0,180.0,1691.0,56.0,10,3,14.0,8.0,23.0,1156.0,8,488.0,1644.0,103.0,3.0,3,50
55,52,8,3,4,21,14,30.0,1563.0,3.0,180.0,1743.0,4.0,10,3,15.0,8.0,24.0,1195.0,8,488.0,1683.0,64.0,3.0,3,50
55,52,8,4,3,21,14,30.0,1563.0,3.0,180.0,1743.0,4.0,10,3,15.0,8.0,24.0,1212.0,8,488.0,1700.0,47.0,3.0,3,50
55,52,8,4,4,22,14,31.0,1615.0,2.0,120.0,1735.0,12.0,16,3,16.0,8.0,25.0,1251.0,7,427.0,1678.0,69.0,4.0,3,50
55,52,9,2,2,18,14,28.0,1459.0,4.0,240.0,1699.0,48.0,7,3,12.0,8.0,22.0,1113.0,8,488.0,1601.0,146.0,3.0,3,50
55,52,9,3,3,20,14,30.0,1563.0,3.0,180.0,1743.0,4.0,10,3,14.0,8.0,24.0,1208.0,8,488.0,1696.0,51.0,3.0,3,50
55,52,9,3,4,21,14,31.0,1615.0,2.0,120.0,1735.0,12.0,16,3,15.0,8.0,25.0,1247.0,7,427.0,1674.0,73.0,4.0,3,50
55,52,9,4,3,21,14,31.0,1615.0,2.0,120.0,1735.0,12.0,16,3,15.0,8.0,25.0,1264.0,7,427.0,1691.0,56.0,4.0,3,50
55,52,9,4,4,22,14,32.0,1667.0,1.0,60.0,1727.0,20.0,32,3,16.0,8.0,26.0,1303.0,7,427.0,1730.0,17.0,4.0,3,50
55,52,10,2,2,18,14,29.0,1511.0,3.0,180.0,1691.0,56.0,10,3,12.0,8.0,23.0,1165.0,8,488.0,1653.0,94.0,3.0,3,50
55,52,10,3,3,20,14,31.0,1615.0,2.0,120.0,1735.0,12.0,16,3,14.0,8.0,25.0,1260.0,7,427.0,1687.0,60.0,4.0,3,50
55,52,10,3,4,21,14,32.0,1667.0,1.0,60.0,1727.0,20.0,32,3,15.0,8.0,26.0,1299.0,7,427.0,1726.0,21.0,4.0,3,50
55,52,10,4,3,21,14,32.0,1667.0,1.0,60.0,1727.0,20.0,32,3,15.0,8.0,26.0,1316.0,7,427.0,1743.0,4.0,4.0,3,50
55,52,11,2,2,18,14,30.0,1563.0,3.0,180.0,1743.0,4.0,10,3,12.0,8.0,24.0,1217.0,8,488.0,1705.0,42.0,3.0,3,50
55,52,11,3,3,20,14,32.0,1667.0,1.0,60.0,1727.0,20.0,32,3,14.0,8.0,26.0,1312.0,7,427.0,1739.0,8.0,4.0,3,50
55,52,12,2,2,18,14,31.0,1615.0,2.0,120.0,1735.0,12.0,16,3,12.0,8.0,25.0,1269.0,7,427.0,1696.0,51.0,4.0,3,50
55,52,13,2,2,18,14,32.0,1667.0,1.0,60.0,1727.0,20.0,32,3,12.0,8.0,26.0,1321.0,6,366.0,1687.0,60.0,5.0,3,50
55,53,3,2,2,18,14,22.0,1168.0,8.0,480.0,1648.0,99.0,3,2,12.0,8.0,16.0,804.0,8,488.0,1292.0,455.0,2.0,2,50
55,53,3,3,3,20,14,24.0,1274.0,6.0,360.0,1634.0,113.0,4,2,14.0,8.0,18.0,899.0,6,366.0,1265.0,482.0,3.0,2,50
55,53,3,3,4,21,14,25.0,1327.0,7.0,420.0,1747.0,0.0,4,2,15.0,8.0,19.0,938.0,7,427.0,1365.0,382.0,3.0,2,50
55,53,3,4,3,21,14,25.0,1327.0,7.0,420.0,1747.0,0.0,4,2,15.0,8.0,19.0,955.0,7,427.0,1382.0,365.0,3.0,2,50
55,53,3,4,4,22,14,26.0,1380.0,6.0,360.0,1740.0,7.0,5,2,16.0,8.0,20.0,994.0,7,427.0,1421.0,326.0,3.0,2,50
55,53,4,2,2,18,14,23.0,1221.0,8.0,480.0,1701.0,46.0,3,2,12.0,8.0,17.0,857.0,6,366.0,1223.0,524.0,3.0,2,50
55,53,4,3,3,20,14,25.0,1327.0,7.0,420.0,1747.0,0.0,4,2,14.0,8.0,19.0,952.0,7,427.0,1379.0,368.0,3.0,2,50
55,53,4,3,4,21,14,26.0,1380.0,6.0,360.0,1740.0,7.0,5,2,15.0,8.0,20.0,991.0,7,427.0,1418.0,329.0,3.0,2,50
55,53,4,4,3,21,14,26.0,1380.0,6.0,360.0,1740.0,7.0,5,2,15.0,8.0,20.0,1008.0,7,427.0,1435.0,312.0,3.0,2,50
55,53,4,4,4,22,14,27.0,1433.0,5.0,300.0,1733.0,14.0,6,2,16.0,8.0,21.0,1047.0,7,427.0,1474.0,273.0,3.0,2,50
55,53,5,2,2,18,14,24.0,1274.0,6.0,360.0,1634.0,113.0,4,2,12.0,8.0,18.0,910.0,6,366.0,1276.0,471.0,3.0,2,50
55,53,5,3,3,20,14,26.0,1380.0,6.0,360.0,1740.0,7.0,5,2,14.0,8.0,20.0,1005.0,7,427.0,1432.0,315.0,3.0,2,50
55,53,5,3,4,21,14,27.0,1433.0,5.0,300.0,1733.0,14.0,6,2,15.0,8.0,21.0,1044.0,7,427.0,1471.0,276.0,3.0,2,50
55,53,5,4,3,21,14,27.0,1433.0,5.0,300.0,1733.0,14.0,6,2,15.0,8.0,21.0,1061.0,7,427.0,1488.0,259.0,3.0,2,50
55,53,5,4,4,22,14,28.0,1486.0,4.0,240.0,1726.0,21.0,7,2,16.0,8.0,22.0,1100.0,8,488.0,1588.0,159.0,3.0,2,50
55,53,6,2,2,18,14,25.0,1327.0,7.0,420.0,1747.0,0.0,4,2,12.0,8.0,19.0,963.0,7,427.0,1390.0,357.0,3.0,2,50
55,53,6,3,3,20,14,27.0,1433.0,5.0,300.0,1733.0,14.0,6,2,14.0,8.0,21.0,1058.0,7,427.0,1485.0,262.0,3.0,2,50
55,53,6,3,4,21,14,28.0,1486.0,4.0,240.0,1726.0,21.0,7,2,15.0,8.0,22.0,1097.0,8,488.0,1585.0,162.0,3.0,2,50
55,53,6,4,3,21,14,28.0,1486.0,4.0,240.0,1726.0,21.0,7,2,15.0,8.0,22.0,1114.0,8,488.0,1602.0,145.0,3.0,2,50
55,53,6,4,4,22,14,29.0,1539.0,3.0,180.0,1719.0,28.0,10,2,16.0,8.0,23.0,1153.0,8,488.0,1641.0,106.0,3.0,2,50
55,53,7,2,2,18,14,26.0,1380.0,6.0,360.0,1740.0,7.0,5,2,12.0,8.0,20.0,1016.0,7,427.0,1443.0,304.0,3.0,2,50
55,53,7,3,3,20,14,28.0,1486.0,4.0,240.0,1726.0,21.0,7,2,14.0,8.0,22.0,1111.0,8,488.0,1599.0,148.0,3.0,2,50
55,53,7,3,4,21,14,29.0,1539.0,3.0,180.0,1719.0,28.0,10,2,15.0,8.0,23.0,1150.0,8,488.0,1638.0,109.0,3.0,2,50
55,53,7,4,3,21,14,29.0,1539.0,3.0,180.0,1719.0,28.0,10,2,15.0,8.0,23.0,1167.0,8,488.0,1655.0,92.0,3.0,2,50
55,53,7,4,4,22,14,30.0,1592.0,2.0,120.0,1712.0,35.0,15,2,16.0,8.0,24.0,1206.0,8,488.0,1694.0,53.0,3.0,2,50
55,53,8,2,2,18,14,27.0,1433.0,5.0,300.0,1733.0,14.0,6,2,12.0,8.0,21.0,1069.0,7,427.0,1496.0,251.0,3.0,2,50
55,53,8,3,3,20,14,29.0,1539.0,3.0,180.0,1719.0,28.0,10,2,14.0,8.0,23.0,1164.0,8,488.0,1652.0,95.0,3.0,2,50
55,53,8,3,4,21,14,30.0,1592.0,2.0,120.0,1712.0,35.0,15,2,15.0,8.0,24.0,1203.0,8,488.0,1691.0,56.0,3.0,2,50
55,53,8,4,3,21,14,30.0,1592.0,2.0,120.0,1712.0,35.0,15,2,15.0,8.0,24.0,1220.0,8,488.0,1708.0,39.0,3.0,2,50
55,53,8,4,4,22,14,31.0,1645.0,1.0,60.0,1705.0,42.0,31,2,16.0,8.0,25.0,1259.0,7,427.0,1686.0,61.0,4.0,2,50
55,53,9,2,2,18,14,28.0,1486.0,4.0,240.0,1726.0,21.0,7,2,12.0,8.0,22.0,1122.0,8,488.0,1610.0,137.0,3.0,2,50
55,53,9,3,3,20,14,30.0,1592.0,2.0,120.0,1712.0,35.0,15,2,14.0,8.0,24.0,1217.0,8,488.0,1705.0,42.0,3.0,2,50
55,53,9,3,4,21,14,31.0,1645.0,1.0,60.0,1705.0,42.0,31,2,15.0,8.0,25.0,1256.0,7,427.0,1683.0,64.0,4.0,2,50
55,53,9,4,3,21,14,31.0,1645.0,1.0,60.0,1705.0,42.0,31,2,15.0,8.0,25.0,1273.0,7,427.0,1700.0,47.0,4.0,2,50
55,53,10,2,2,18,14,29.0,1539.0,3.0,180.0,1719.0,28.0,10,2,12.0,8.0,23.0,1175.0,8,488.0,1663.0,84.0,3.0,2,50
55,53,10,3,3,20,14,31.0,1645.0,1.0,60.0,1705.0,42.0,31,2,14.0,8.0,25.0,1270.0,7,427.0,1697.0,50.0,4.0,2,50
55,53,11,2,2,18,14,30.0,1592.0,2.0,120.0,1712.0,35.0,15,2,12.0,8.0,24.0,1228.0,8,488.0,1716.0,31.0,3.0,2,50
55,53,12,2,2,18,14,31.0,1645.0,1.0,60.0,1705.0,42.0,31,2,12.0,8.0,25.0,1281.0,7,427.0,1708.0,39.0,4.0,2,50
56,52,3,2,2,18,14,22.0,1148.0,7.0,420.0,1568.0,179.0,3,4,12.0,8.0,16.0,802.0,8,488.0,1290.0,457.0,2.0,4,50
56,52,3,3,3,20,14,24.0,1252.0,7.0,420.0,1672.0,75.0,3,4,14.0,8.0,18.0,897.0,6,366.0,1263.0,484.0,3.0,4,50
56,52,3,3,4,21,14,25.0,1304.0,7.0,420.0,1724.0,23.0,4,4,15.0,8.0,19.0,936.0,7,427.0,1363.0,384.0,3.0,4,50
56,52,3,4,3,21,14,25.0,1304.0,7.0,420.0,1724.0,23.0,4,4,15.0,8.0,19.0,953.0,7,427.0,1380.0,367.0,3.0,4,50
56,52,3,4,4,22,14,26.0,1356.0,6.0,360.0,1716.0,31.0,5,4,16.0,8.0,20.0,992.0,7,427.0,1419.0,328.0,3.0,4,50
56,52,4,2,2,18,14,23.0,1200.0,7.0,420.0,1620.0,127.0,3,4,12.0,8.0,17.0,854.0,6,366.0,1220.0,527.0,3.0,4,50
56,52,4,3,3,20,14,25.0,1304.0,7.0,420.0,1724.0,23.0,4,4,14.0,8.0,19.0,949.0,7,427.0,1376.0,371.0,3.0,4,50
56,52,4,3,4,21,14,26.0,1356.0,6.0,360.0,1716.0,31.0,5,4,15.0,8.0,20.0,988.0,7,427.0,1415.0,332.0,3.0,4,50
56,52,4,4,3,21,14,26.0,1356.0,6.0,360.0,1716.0,31.0,5,4,15.0,8.0,20.0,1005.0,7,427.0,1432.0,315.0,3.0,4,50
56,52,4,4,4,22,14,27.0,1408.0,5.0,300.0,1708.0,39.0,6,4,16.0,8.0,21.0,1044.0,7,427.0,1471.0,276.0,3.0,4,50
56,52,5,2,2,18,14,24.0,1252.0,7.0,420.0,1672.0,75.0,3,4,12.0,8.0,18.0,906.0,6,366.0,1272.0,475.0,3.0,4,50
56,52,5,3,3,20,14,26.0,1356.0,6.0,360.0,1716.0,31.0,5,4,14.0,8.0,20.0,1001.0,7,427.0,1428.0,319.0,3.0,4,50
56,52,5,3,4,21,14,27.0,1408.0,5.0,300.0,1708.0,39.0,6,4,15.0,8.0,21.0,1040.0,7,427.0,1467.0,280.0,3.0,4,50
56,52,5,4,3,21,14,27.0,1408.0,5.0,300.0,1708.0,39.0,6,4,15.0,8.0,21.0,1057.0,7,427.0,1484.0,263.0,3.0,4,50
56,52,5,4,4,22,14,28.0,1460.0,4.0,240.0,1700.0,47.0,7,4,16.0,8.0,22.0,1096.0,8,488.0,1584.0,163.0,3.0,4,50
56,52,6,2,2,18,14,25.0,1304.0,7.0,420.0,1724.0,23.0,4,4,12.0,8.0,19.0,958.0,7,427.0,1385.0,362.0,3.0,4,50
56,52,6,3,3,20,14,27.0,1408.0,5.0,300.0,1708.0,39.0,6,4,14.0,8.0,21.0,1053.0,7,427.0,1480.0,267.0,3.0,4,50
56,52,6,3,4,21,14,28.0,1460.0,4.0,240.0,1700.0,47.0,7,4,15.0,8.0,22.0,1092.0,8,488.0,1580.0,167.0,3.0,4,50
56,52,6,4,3,21,14,28.0,1460.0,4.0,240.0,1700.0,47.0,7,4,15.0,8.0,22.0,1109.0,8,488.0,1597.0,150.0,3.0,4,50
56,52,6,4,4,22,14,29.0,1512.0,3.0,180.0,1692.0,55.0,10,4,16.0,8.0,23.0,1148.0,8,488.0,1636.0,111.0,3.0,4,50
56,52,7,2,2,18,14,26.0,1356.0,6.0,360.0,1716.0,31.0,5,4,12.0,8.0,20.0,1010.0,7,427.0,1437.0,310.0,3.0,4,50
56,52,7,3,3,20,14,28.0,1460.0,4.0,240.0,1700.0,47.0,7,4,14.0,8.0,22.0,1105.0,8,488.0,1593.0,154.0,3.0,4,50
56,52,7,3,4,21,14,29.0,1512.0,3.0,180.0,1692.0,55.0,10,4,15.0,8.0,23.0,1144.0,8,488.0,1632.0,115.0,3.0,4,50
56,52,7,4,3,21,14,29.0,1512.0,3.0,180.0,1692.0,55.0,10,4,15.0,8.0,23.0,1161.0,8,488.0,1649.0,98.0,3.0,4,50
56,52,7,4,4,22,14,30.0,1564.0,3.0,180.0,1744.0,3.0,10,4,16.0,8.0,24.0,1200.0,8,488.0,1688.0,59.0,3.0,4,50
56,52,8,2,2,18,14,27.0,1408.0,5.0,300.0,1708.0,39.0,6,4,12.0,8.0,21.0,1062.0,7,427.0,1489.0,258.0,3.0,4,50
56,52,8,3,3,20,14,29.0,1512.0,3.0,180.0,1692.0,55.0,10,4,14.0,8.0,23.0,1157.0,8,488.0,1645.0,102.0,3.0,4,50
56,52,8,3,4,21,14,30.0,1564.0,3.0,180.0,1744.0,3.0,10,4,15.0,8.0,24.0,1196.0,8,488.0,1684.0,63.0,3.0,4,50
56,52,8,4,3,21,14,30.0,1564.0,3.0,180.0,1744.0,3.0,10,4,15.0,8.0,24.0,1213.0,8,488.0,1701.0,46.0,3.0,4,50
56,52,8,4,4,22,14,31.0,1616.0,2.0,120.0,1736.0,11.0,16,4,16.0,8.0,25.0,1252.0,7,427.0,1679.0,68.0,4.0,4,50
56,52,9,2,2,18,14,28.0,1460.0,4.0,240.0,1700.0,47.0,7,4,12.0,8.0,22.0,1114.0,8,488.0,1602.0,145.0,3.0,4,50
56,52,9,3,3,20,14,30.0,1564.0,3.0,180.0,1744.0,3.0,10,4,14.0,8.0,24.0,1209.0,8,488.0,1697.0,50.0,3.0,4,50
56,52,9,3,4,21,14,31.0,1616.0,2.0,120.0,1736.0,11.0,16,4,15.0,8.0,25.0,1248.0,7,427.0,1675.0,72.0,4.0,4,50
56,52,9,4,3,21,14,31.0,1616.0,2.0,120.0,1736.0,11.0,16,4,15.0,8.0,25.0,1265.0,7,427.0,1692.0,55.0,4.0,4,50
56,52,9,4,4,22,14,32.0,1668.0,1.0,60.0,1728.0,19.0,32,4,16.0,8.0,26.0,1304.0,7,427.0,1731.0,16.0,4.0,4,50
56,52,10,2,2,18,14,29.0,1512.0,3.0,180.0,1692.0,55.0,10,4,12.0,8.0,23.0,1166.0,8,488.0,1654.0,93.0,3.0,4,50
56,52,10,3,3,20,14,31.0,1616.0,2.0,120.0,1736.0,11.0,16,4,14.0,8.0,25.0,1261.0,7,427.0,1688.0,59.0,4.0,4,50
56,52,10,3,4,21,14,32.0,1668.0,1.0,60.0,1728.0,19.0,32,4,15.0,8.0,26.0,1300.0,7,427.0,1727.0,20.0,4.0,4,50
56,52,10,4,3,21,14,32.0,1668.0,1.0,60.0,1728.0,19.0,32,4,15.0,8.0,26.0,1317.0,7,427.0,1744.0,3.0,4.0,4,50
56,52,11,2,2,18,14,30.0,1564.0,3.0,180.0,1744.0,3.0,10,4,12.0,8.0,24.0,1218.0,8,488.0,1706.0,41.0,3.0,4,50
56,52,11,3,3,20,14,32.0,1668.0,1.0,60.0,1728.0,19.0,32,4,14.0,8.0,26.0,1313.0,7,427.0,1740.0,7.0,4.0,4,50
56,52,12,2,2,18,14,31.0,1616.0,2.0,120.0,1736.0,11.0,16,4,12.0,8.0,25.0,1270.0,7,427.0,1697.0,50.0,4.0,4,50
56,52,13,2,2,18,14,32.0,1668.0,1.0,60.0,1728.0,19.0,32,4,12.0,8.0,26.0,1322.0,6,366.0,1688.0,59.0,5.0,4,50
56,53,3,2,2,18,14,22.0,1169.0,8.0,480.0,1649.0,98.0,3,3,12.0,8.0,16.0,805.0,8,488.0,1293.0,454.0,2.0,3,50
56,53,3,3,3,20,14,24.0,1275.0,6.0,360.0,1635.0,112.0,4,3,14.0,8.0,18.0,900.0,6,366.0,1266.0,481.0,3.0,3,50
56,53,3,3,4,21,14,25.0,1328.0,5.0,300.0,1628.0,119.0,5,3,15.0,8.0,19.0,939.0,7,427.0,1366.0,381.0,3.0,3,50
56,53,3,4,3,21,14,25.0,1328.0,5.0,300.0,1628.0,119.0,5,3,15.0,8.0,19.0,956.0,7,427.0,1383.0,364.0,3.0,3,50
56,53,3,4,4,22,14,26.0,1381.0,6.0,360.0,1741.0,6.0,5,3,16.0,8.0,20.0,995.0,7,427.0,1422.0,325.0,3.0,3,50
56,53,4,2,2,18,14,23.0,1222.0,8.0,480.0,1702.0,45.0,3,3,12.0,8.0,17.0,858.0,6,366.0,1224.0,523.0,3.0,3,50
56,53,4,3,3,20,14,25.0,1328.0,5.0,300.0,1628.0,119.0,5,3,14.0,8.0,19.0,953.0,7,427.0,1380.0,367.0,3.0,3,50
56,53,4,3,4,21,14,26.0,1381.0,6.0,360.0,1741.0,6.0,5,3,15.0,8.0,20.0,992.0,7,427.0,1419.0,328.0,3.0,3,50
56,53,4,4,3,21,14,26.0,1381.0,6.0,360.0,1741.0,6.0,5,3,15.0,8.0,20.0,1009.0,7,427.0,1436.0,311.0,3.0,3,50
56,53,4,4,4,22,14,27.0,1434.0,5.0,300.0,1734.0,13.0,6,3,16.0,8.0,21.0,1048.0,7,427.0,1475.0,272.0,3.0,3,50
56,53,5,2,2,18,14,24.0,1275.0,6.0,360.0,1635.0,112.0,4,3,12.0,8.0,18.0,911.0,6,366.0,1277.0,470.0,3.0,3,50
56,53,5,3,3,20,14,26.0,1381.0,6.0,360.0,1741.0,6.0,5,3,14.0,8.0,20.0,1006.0,7,427.0,1433.0,314.0,3.0,3,50
56,53,5,3,4,21,14,27.0,1434.0,5.0,300.0,1734.0,13.0,6,3,15.0,8.0,21.0,1045.0,7,427.0,1472.0,275.0,3.0,3,50
56,53,5,4,3,21,14,27.0,1434.0,5.0,300.0,1734.0,13.0,6,3,15.0,8.0,21.0,1062.0,7,427.0,1489.0,258.0,3.0,3,50
56,53,5,4,4,22,14,28.0,1487.0,4.0,240.0,1727.0,20.0,7,3,16.0,8.0,22.0,1101.0,8,488.0,1589.0,158.0,3.0,3,50
56,53,6,2,2,18,14,25.0,1328.0,5.0,300.0,1628.0,119.0,5,3,12.0,8.0,19.0,964.0,7,427.0,1391.0,356.0,3.0,3,50
56,53,6,3,3,20,14,27.0,1434.0,5.0,300.0,1734.0,13.0,6,3,14.0,8.0,21.0,1059.0,7,427.0,1486.0,261.0,3.0,3,50
56,53,6,3,4,21,14,28.0,1487.0,4.0,240.0,1727.0,20.0,7,3,15.0,8.0,22.0,1098.0,8,488.0,1586.0,161.0,3.0,3,50
56,53,6,4,3,21,14,28.0,1487.0,4.0,240.0,1727.0,20.0,7,3,15.0,8.0,22.0,1115.0,8,488.0,1603.0,144.0,3.0,3,50
56,53,6,4,4,22,14,29.0,1540.0,3.0,180.0,1720.0,27.0,10,3,16.0,8.0,23.0,1154.0,8,488.0,1642.0,105.0,3.0,3,50
56,53,7,2,2,18,14,26.0,1381.0,6.0,360.0,1741.0,6.0,5,3,12.0,8.0,20.0,1017.0,7,427.0,1444.0,303.0,3.0,3,50
56,53,7,3,3,20,14,28.0,1487.0,4.0,240.0,1727.0,20.0,7,3,14.0,8.0,22.0,1112.0,8,488.0,1600.0,147.0,3.0,3,50
56,53,7,3,4,21,14,29.0,1540.0,3.0,180.0,1720.0,27.0,10,3,15.0,8.0,23.0,1151.0,8,488.0,1639.0,108.0,3.0,3,50
56,53,7,4,3,21,14,29.0,1540.0,3.0,180.0,1720.0,27.0,10,3,15.0,8.0,23.0,1168.0,8,488.0,1656.0,91.0,3.0,3,50
56,53,7,4,4,22,14,30.0,1593.0,2.0,120.0,1713.0,34.0,15,3,16.0,8.0,24.0,1207.0,8,488.0,1695.0,52.0,3.0,3,50
56,53,8,2,2,18,14,27.0,1434.0,5.0,300.0,1734.0,13.0,6,3,12.0,8.0,21.0,1070.0,7,427.0,1497.0,250.0,3.0,3,50
56,53,8,3,3,20,14,29.0,1540.0,3.0,180.0,1720.0,27.0,10,3,14.0,8.0,23.0,1165.0,8,488.0,1653.0,94.0,3.0,3,50
56,53,8,3,4,21,14,30.0,1593.0,2.0,120.0,1713.0,34.0,15,3,15.0,8.0,24.0,1204.0,8,488.0,1692.0,55.0,3.0,3,50
56,53,8,4,3,21,14,30.0,1593.0,2.0,120.0,1713.0,34.0,15,3,15.0,8.0,24.0,1221.0,8,488.0,1709.0,38.0,3.0,3,50
56,53,8,4,4,22,14,31.0,1646.0,1.0,60.0,1706.0,41.0,31,3,16.0,8.0,25.0,1260.0,7,427.0,1687.0,60.0,4.0,3,50
56,53,9,2,2,18,14,28.0,1487.0,4.0,240.0,1727.0,20.0,7,3,12.0,8.0,22.0,1123.0,8,488.0,1611.0,136.0,3.0,3,50
56,53,9,3,3,20,14,30.0,1593.0,2.0,120.0,1713.0,34.0,15,3,14.0,8.0,24.0,1218.0,8,488.0,1706.0,41.0,3.0,3,50
56,53,9,3,4,21,14,31.0,1646.0,1.0,60.0,1706.0,41.0,31,3,15.0,8.0,25.0,1257.0,7,427.0,1684.0,63.0,4.0,3,50
56,53,9,4,3,21,14,31.0,1646.0,1.0,60.0,1706.0,41.0,31,3,15.0,8.0,25.0,1274.0,7,427.0,1701.0,46.0,4.0,3,50
56,53,10,2,2,18,14,29.0,1540.0,3.0,180.0,1720.0,27.0,10,3,12.0,8.0,23.0,1176.0,8,488.0,1664.0,83.0,3.0,3,50
56,53,10,3,3,20,14,31.0,1646.0,1.0,60.0,1706.0,41.0,31,3,14.0,8.0,25.0,1271.0,7,427.0,1698.0,49.0,4.0,3,50
56,53,11,2,2,18,14,30.0,1593.0,2.0,120.0,1713.0,34.0,15,3,12.0,8.0,24.0,1229.0,8,488.0,1717.0,30.0,3.0,3,50
56,53,12,2,2,18,14,31.0,1646.0,1.0,60.0,1706.0,41.0,31,3,12.0,8.0,25.0,1282.0,7,427.0,1709.0,38.0,4.0,3,50
56,55,3,2,2,18,14,22.0,1211.0,8.0,480.0,1691.0,56.0,3,1,12.0,8.0,16.0,811.0,8,488.0,1299.0,448.0,2.0,1,50
56,55,3,3,3,20,14,24.0,1321.0,6.0,360.0,1681.0,66.0,4,1,14.0,8.0,18.0,906.0,6,366.0,1272.0,475.0,3.0,1,50
56,55,3,3,4,21,14,25.0,1376.0,5.0,300.0,1676.0,71.0,5,1,15.0,8.0,19.0,945.0,7,427.0,1372.0,375.0,3.0,1,50
56,55,3,4,3,21,14,25.0,1376.0,5.0,300.0,1676.0,71.0,5,1,15.0,8.0,19.0,962.0,7,427.0,1389.0,358.0,3.0,1,50
56,55,3,4,4,22,14,26.0,1431.0,5.0,300.0,1731.0,16.0,6,1,16.0,8.0,20.0,1001.0,7,427.0,1428.0,319.0,3.0,1,50
56,55,4,2,2,18,14,23.0,1266.0,8.0,480.0,1746.0,1.0,3,1,12.0,8.0,17.0,866.0,6,366.0,1232.0,515.0,3.0,1,50
56,55,4,3,3,20,14,25.0,1376.0,5.0,300.0,1676.0,71.0,5,1,14.0,8.0,19.0,961.0,7,427.0,1388.0,359.0,3.0,1,50
56,55,4,3,4,21,14,26.0,1431.0,5.0,300.0,1731.0,16.0,6,1,15.0,8.0,20.0,1000.0,7,427.0,1427.0,320.0,3.0,1,50
56,55,4,4,3,21,14,26.0,1431.0,5.0,300.0,1731.0,16.0,6,1,15.0,8.0,20.0,1017.0,7,427.0,1444.0,303.0,3.0,1,50
56,55,4,4,4,22,14,27.0,1486.0,4.0,240.0,1726.0,21.0,7,1,16.0,8.0,21.0,1056.0,7,427.0,1483.0,264.0,3.0,1,50
56,55,5,2,2,18,14,24.0,1321.0,6.0,360.0,1681.0,66.0,4,1,12.0,8.0,18.0,921.0,6,366.0,1287.0,460.0,3.0,1,50
56,55,5,3,3,20,14,26.0,1431.0,5.0,300.0,1731.0,16.0,6,1,14.0,8.0,20.0,1016.0,7,427.0,1443.0,304.0,3.0,1,50
56,55,5,3,4,21,14,27.0,1486.0,4.0,240.0,1726.0,21.0,7,1,15.0,8.0,21.0,1055.0,7,427.0,1482.0,265.0,3.0,1,50
56,55,5,4,3,21,14,27.0,1486.0,4.0,240.0,1726.0,21.0,7,1,15.0,8.0,21.0,1072.0,7,427.0,1499.0,248.0,3.0,1,50
56,55,5,4,4,22,14,28.0,1541.0,3.0,180.0,1721.0,26.0,10,1,16.0,8.0,22.0,1111.0,8,488.0,1599.0,148.0,3.0,1,50
56,55,6,2,2,18,14,25.0,1376.0,5.0,300.0,1676.0,71.0,5,1,12.0,8.0,19.0,976.0,7,427.0,1403.0,344.0,3.0,1,50
56,55,6,3,3,20,14,27.0,1486.0,4.0,240.0,1726.0,21.0,7,1,14.0,8.0,21.0,1071.0,7,427.0,1498.0,249.0,3.0,1,50
56,55,6,3,4,21,14,28.0,1541.0,3.0,180.0,1721.0,26.0,10,1,15.0,8.0,22.0,1110.0,8,488.0,1598.0,149.0,3.0,1,50
56,55,6,4,3,21,14,28.0,1541.0,3.0,180.0,1721.0,26.0,10,1,15.0,8.0,22.0,1127.0,8,488.0,1615.0,132.0,3.0,1,50
56,55,6,4,4,22,14,29.0,1596.0,2.0,120.0,1716.0,31.0,15,1,16.0,8.0,23.0,1166.0,8,488.0,1654.0,93.0,3.0,1,50
56,55,7,2,2,18,14,26.0,1431.0,5.0,300.0,1731.0,16.0,6,1,12.0,8.0,20.0,1031.0,7,427.0,1458.0,289.0,3.0,1,50
56,55,7,3,3,20,14,28.0,1541.0,3.0,180.0,1721.0,26.0,10,1,14.0,8.0,22.0,1126.0,8,488.0,1614.0,133.0,3.0,1,50
56,55,7,3,4,21,14,29.0,1596.0,2.0,120.0,1716.0,31.0,15,1,15.0,8.0,23.0,1165.0,8,488.0,1653.0,94.0,3.0,1,50
56,55,7,4,3,21,14,29.0,1596.0,2.0,120.0,1716.0,31.0,15,1,15.0,8.0,23.0,1182.0,8,488.0,1670.0,77.0,3.0,1,50
56,55,7,4,4,22,14,30.0,1651.0,1.0,60.0,1711.0,36.0,30,1,16.0,8.0,24.0,1221.0,8,488.0,1709.0,38.0,3.0,1,50
56,55,8,2,2,18,14,27.0,1486.0,4.0,240.0,1726.0,21.0,7,1,12.0,8.0,21.0,1086.0,7,427.0,1513.0,234.0,3.0,1,50
56,55,8,3,3,20,14,29.0,1596.0,2.0,120.0,1716.0,31.0,15,1,14.0,8.0,23.0,1181.0,8,488.0,1669.0,78.0,3.0,1,50
56,55,8,3,4,21,14,30.0,1651.0,1.0,60.0,1711.0,36.0,30,1,15.0,8.0,24.0,1220.0,8,488.0,1708.0,39.0,3.0,1,50
56,55,8,4,3,21,14,30.0,1651.0,1.0,60.0,1711.0,36.0,30,1,15.0,8.0,24.0,1237.0,8,488.0,1725.0,22.0,3.0,1,50
56,55,9,2,2,18,14,28.0,1541.0,3.0,180.0,1721.0,26.0,10,1,12.0,8.0,22.0,1141.0,8,488.0,1629.0,118.0,3.0,1,50
56,55,9,3,3,20,14,30.0,1651.0,1.0,60.0,1711.0,36.0,30,1,14.0,8.0,24.0,1236.0,8,488.0,1724.0,23.0,3.0,1,50
56,55,10,2,2,18,14,29.0,1596.0,2.0,120.0,1716.0,31.0,15,1,12.0,8.0,23.0,1196.0,8,488.0,1684.0,63.0,3.0,1,50
56,55,11,2,2,18,14,30.0,1651.0,1.0,60.0,1711.0,36.0,30,1,12.0,8.0,24.0,1251.0,8,488.0,1739.0,8.0,3.0,1,50
57,52,3,2,2,18,14,22.0,1149.0,8.0,480.0,1629.0,118.0,3,5,12.0,8.0,16.0,803.0,8,488.0,1291.0,456.0,2.0,5,50
57,52,3,3,3,20,14,24.0,1253.0,8.0,480.0,1733.0,14.0,3,5,14.0,8.0,18.0,898.0,6,366.0,1264.0,483.0,3.0,5,50
57,52,3,3,4,21,14,25.0,1305.0,7.0,420.0,1725.0,22.0,4,5,15.0,8.0,19.0,937.0,7,427.0,1364.0,383.0,3.0,5,50
57,52,3,4,3,21,14,25.0,1305.0,7.0,420.0,1725.0,22.0,4,5,15.0,8.0,19.0,954.0,7,427.0,1381.0,366.0,3.0,5,50
57,52,3,4,4,22,14,26.0,1357.0,6.0,360.0,1717.0,30.0,5,5,16.0,8.0,20.0,993.0,7,427.0,1420.0,327.0,3.0,5,50
57,52,4,2,2,18,14,23.0,1201.0,8.0,480.0,1681.0,66.0,3,5,12.0,8.0,17.0,855.0,6,366.0,1221.0,526.0,3.0,5,50
57,52,4,3,3,20,14,25.0,1305.0,7.0,420.0,1725.0,22.0,4,5,14.0,8.0,19.0,950.0,7,427.0,1377.0,370.0,3.0,5,50
57,52,4,3,4,21,14,26.0,1357.0,6.0,360.0,1717.0,30.0,5,5,15.0,8.0,20.0,989.0,7,427.0,1416.0,331.0,3.0,5,50
57,52,4,4,3,21,14,26.0,1357.0,6.0,360.0,1717.0,30.0,5,5,15.0,8.0,20.0,1006.0,7,427.0,1433.0,314.0,3.0,5,50
57,52,4,4,4,22,14,27.0,1409.0,5.0,300.0,1709.0,38.0,6,5,16.0,8.0,21.0,1045.0,7,427.0,1472.0,275.0,3.0,5,50
57,52,5,2,2,18,14,24.0,1253.0,8.0,480.0,1733.0,14.0,3,5,12.0,8.0,18.0,907.0,6,366.0,1273.0,474.0,3.0,5,50
57,52,5,3,3,20,14,26.0,1357.0,6.0,360.0,1717.0,30.0,5,5,14.0,8.0,20.0,1002.0,7,427.0,1429.0,318.0,3.0,5,50
57,52,5,3,4,21,14,27.0,1409.0,5.0,300.0,1709.0,38.0,6,5,15.0,8.0,21.0,1041.0,7,427.0,1468.0,279.0,3.0,5,50
57,52,5,4,3,21,14,27.0,1409.0,5.0,300.0,1709.0,38.0,6,5,15.0,8.0,21.0,1058.0,7,427.0,1485.0,262.0,3.0,5,50
57,52,5,4,4,22,14,28.0,1461.0,4.0,240.0,1701.0,46.0,7,5,16.0,8.0,22.0,1097.0,8,488.0,1585.0,162.0,3.0,5,50
57,52,6,2,2,18,14,25.0,1305.0,7.0,420.0,1725.0,22.0,4,5,12.0,8.0,19.0,959.0,7,427.0,1386.0,361.0,3.0,5,50
57,52,6,3,3,20,14,27.0,1409.0,5.0,300.0,1709.0,38.0,6,5,14.0,8.0,21.0,1054.0,7,427.0,1481.0,266.0,3.0,5,50
57,52,6,3,4,21,14,28.0,1461.0,4.0,240.0,1701.0,46.0,7,5,15.0,8.0,22.0,1093.0,8,488.0,1581.0,166.0,3.0,5,50
57,52,6,4,3,21,14,28.0,1461.0,4.0,240.0,1701.0,46.0,7,5,15.0,8.0,22.0,1110.0,8,488.0,1598.0,149.0,3.0,5,50
57,52,6,4,4,22,14,29.0,1513.0,3.0,180.0,1693.0,54.0,10,5,16.0,8.0,23.0,1149.0,8,488.0,1637.0,110.0,3.0,5,50
57,52,7,2,2,18,14,26.0,1357.0,6.0,360.0,1717.0,30.0,5,5,12.0,8.0,20.0,1011.0,7,427.0,1438.0,309.0,3.0,5,50
57,52,7,3,3,20,14,28.0,1461.0,4.0,240.0,1701.0,46.0,7,5,14.0,8.0,22.0,1106.0,8,488.0,1594.0,153.0,3.0,5,50
57,52,7,3,4,21,14,29.0,1513.0,3.0,180.0,1693.0,54.0,10,5,15.0,8.0,23.0,1145.0,8,488.0,1633.0,114.0,3.0,5,50
57,52,7,4,3,21,14,29.0,1513.0,3.0,180.0,1693.0,54.0,10,5,15.0,8.0,23.0,1162.0,8,488.0,1650.0,97.0,3.0,5,50
57,52,7,4,4,22,14,30.0,1565.0,3.0,180.0,1745.0,2.0,10,5,16.0,8.0,24.0,1201.0,8,488.0,1689.0,58.0,3.0,5,50
57,52,8,2,2,18,14,27.0,1409.0,5.0,300.0,1709.0,38.0,6,5,12.0,8.0,21.0,1063.0,7,427.0,1490.0,257.0,3.0,5,50
57,52,8,3,3,20,14,29.0,1513.0,3.0,180.0,1693.0,54.0,10,5,14.0,8.0,23.0,1158.0,8,488.0,1646.0,101.0,3.0,5,50
57,52,8,3,4,21,14,30.0,1565.0,3.0,180.0,1745.0,2.0,10,5,15.0,8.0,24.0,1197.0,8,488.0,1685.0,62.0,3.0,5,50
57,52,8,4,3,21,14,30.0,1565.0,3.0,180.0,1745.0,2.0,10,5,15.0,8.0,24.0,1214.0,8,488.0,1702.0,45.0,3.0,5,50
57,52,8,4,4,22,14,31.0,1617.0,2.0,120.0,1737.0,10.0,16,5,16.0,8.0,25.0,1253.0,7,427.0,1680.0,67.0,4.0,5,50
57,52,9,2,2,18,14,28.0,1461.0,4.0,240.0,1701.0,46.0,7,5,12.0,8.0,22.0,1115.0,8,488.0,1603.0,144.0,3.0,5,50
57,52,9,3,3,20,14,30.0,1565.0,3.0,180.0,1745.0,2.0,10,5,14.0,8.0,24.0,1210.0,8,488.0,1698.0,49.0,3.0,5,50
57,52,9,3,4,21,14,31.0,1617.0,2.0,120.0,1737.0,10.0,16,5,15.0,8.0,25.0,1249.0,7,427.0,1676.0,71.0,4.0,5,50
57,52,9,4,3,21,14,31.0,1617.0,2.0,120.0,1737.0,10.0,16,5,15.0,8.0,25.0,1266.0,7,427.0,1693.0,54.0,4.0,5,50
57,52,9,4,4,22,14,32.0,1669.0,1.0,60.0,1729.0,18.0,32,5,16.0,8.0,26.0,1305.0,7,427.0,1732.0,15.0,4.0,5,50
57,52,10,2,2,18,14,29.0,1513.0,3.0,180.0,1693.0,54.0,10,5,12.0,8.0,23.0,1167.0,8,488.0,1655.0,92.0,3.0,5,50
57,52,10,3,3,20,14,31.0,1617.0,2.0,120.0,1737.0,10.0,16,5,14.0,8.0,25.0,1262.0,7,427.0,1689.0,58.0,4.0,5,50
57,52,10,3,4,21,14,32.0,1669.0,1.0,60.0,1729.0,18.0,32,5,15.0,8.0,26.0,1301.0,7,427.0,1728.0,19.0,4.0,5,50
57,52,10,4,3,21,14,32.0,1669.0,1.0,60.0,1729.0,18.0,32,5,15.0,8.0,26.0,1318.0,7,427.0,1745.0,2.0,4.0,5,50
57,52,11,2,2,18,14,30.0,1565.0,3.0,180.0,1745.0,2.0,10,5,12.0,8.0,24.0,1219.0,8,488.0,1707.0,40.0,3.0,5,50
57,52,11,3,3,20,14,32.0,1669.0,1.0,60.0,1729.0,18.0,32,5,14.0,8.0,26.0,1314.0,7,427.0,1741.0,6.0,4.0,5,50
57,52,12,2,2,18,14,31.0,1617.0,2.0,120.0,1737.0,10.0,16,5,12.0,8.0,25.0,1271.0,7,427.0,1698.0,49.0,4.0,5,50
57,52,13,2,2,18,14,32.0,1669.0,1.0,60.0,1729.0,18.0,32,5,12.0,8.0,26.0,1323.0,6,366.0,1689.0,58.0,5.0,5,50
57,53,3,2,2,18,14,22.0,1170.0,8.0,480.0,1650.0,97.0,3,4,12.0,8.0,16.0,806.0,8,488.0,1294.0,453.0,2.0,4,50
57,53,3,3,3,20,14,24.0,1276.0,6.0,360.0,1636.0,111.0,4,4,14.0,8.0,18.0,901.0,6,366.0,1267.0,480.0,3.0,4,50
57,53,3,3,4,21,14,25.0,1329.0,5.0,300.0,1629.0,118.0,5,4,15.0,8.0,19.0,940.0,7,427.0,1367.0,380.0,3.0,4,50
57,53,3,4,3,21,14,25.0,1329.0,5.0,300.0,1629.0,118.0,5,4,15.0,8.0,19.0,957.0,7,427.0,1384.0,363.0,3.0,4,50
57,53,3,4,4,22,14,26.0,1382.0,6.0,360.0,1742.0,5.0,5,4,16.0,8.0,20.0,996.0,7,427.0,1423.0,324.0,3.0,4,50
57,53,4,2,2,18,14,23.0,1223.0,8.0,480.0,1703.0,44.0,3,4,12.0,8.0,17.0,859.0,6,366.0,1225.0,522.0,3.0,4,50
57,53,4,3,3,20,14,25.0,1329.0,5.0,300.0,1629.0,118.0,5,4,14.0,8.0,19.0,954.0,7,427.0,1381.0,366.0,3.0,4,50
57,53,4,3,4,21,14,26.0,1382.0,6.0,360.0,1742.0,5.0,5,4,15.0,8.0,20.0,993.0,7,427.0,1420.0,327.0,3.0,4,50
57,53,4,4,3,21,14,26.0,1382.0,6.0,360.0,1742.0,5.0,5,4,15.0,8.0,20.0,1010.0,7,427.0,1437.0,310.0,3.0,4,50
57,53,4,4,4,22,14,27.0,1435.0,5.0,300.0,1735.0,12.0,6,4,16.0,8.0,21.0,1049.0,7,427.0,1476.0,271.0,3.0,4,50
57,53,5,2,2,18,14,24.0,1276.0,6.0,360.0,1636.0,111.0,4,4,12.0,8.0,18.0,912.0,6,366.0,1278.0,469.0,3.0,4,50
57,53,5,3,3,20,14,26.0,1382.0,6.0,360.0,1742.0,5.0,5,4,14.0,8.0,20.0,1007.0,7,427.0,1434.0,313.0,3.0,4,50
57,53,5,3,4,21,14,27.0,1435.0,5.0,300.0,1735.0,12.0,6,4,15.0,8.0,21.0,1046.0,7,427.0,1473.0,274.0,3.0,4,50
57,53,5,4,3,21,14,27.0,1435.0,5.0,300.0,1735.0,12.0,6,4,15.0,8.0,21.0,1063.0,7,427.0,1490.0,257.0,3.0,4,50
57,53,5,4,4,22,14,28.0,1488.0,4.0,240.0,1728.0,19.0,7,4,16.0,8.0,22.0,1102.0,8,488.0,1590.0,157.0,3.0,4,50
57,53,6,2,2,18,14,25.0,1329.0,5.0,300.0,1629.0,118.0,5,4,12.0,8.0,19.0,965.0,7,427.0,1392.0,355.0,3.0,4,50
57,53,6,3,3,20,14,27.0,1435.0,5.0,300.0,1735.0,12.0,6,4,14.0,8.0,21.0,1060.0,7,427.0,1487.0,260.0,3.0,4,50
57,53,6,3,4,21,14,28.0,1488.0,4.0,240.0,1728.0,19.0,7,4,15.0,8.0,22.0,1099.0,8,488.0,1587.0,160.0,3.0,4,50
57,53,6,4,3,21,14,28.0,1488.0,4.0,240.0,1728.0,19.0,7,4,15.0,8.0,22.0,1116.0,8,488.0,1604.0,143.0,3.0,4,50
57,53,6,4,4,22,14,29.0,1541.0,3.0,180.0,1721.0,26.0,10,4,16.0,8.0,23.0,1155.0,8,488.0,1643.0,104.0,3.0,4,50
57,53,7,2,2,18,14,26.0,1382.0,6.0,360.0,1742.0,5.0,5,4,12.0,8.0,20.0,1018.0,7,427.0,1445.0,302.0,3.0,4,50
57,53,7,3,3,20,14,28.0,1488.0,4.0,240.0,1728.0,19.0,7,4,14.0,8.0,22.0,1113.0,8,488.0,1601.0,146.0,3.0,4,50
57,53,7,3,4,21,14,29.0,1541.0,3.0,180.0,1721.0,26.0,10,4,15.0,8.0,23.0,1152.0,8,488.0,1640.0,107.0,3.0,4,50
57,53,7,4,3,21,14,29.0,1541.0,3.0,180.0,1721.0,26.0,10,4,15.0,8.0,23.0,1169.0,8,488.0,1657.0,90.0,3.0,4,50
57,53,7,4,4,22,14,30.0,1594.0,2.0,120.0,1714.0,33.0,15,4,16.0,8.0,24.0,1208.0,8,488.0,1696.0,51.0,3.0,4,50
57,53,8,2,2,18,14,27.0,1435.0,5.0,300.0,1735.0,12.0,6,4,12.0,8.0,21.0,1071.0,7,427.0,1498.0,249.0,3.0,4,50
57,53,8,3,3,20,14,29.0,1541.0,3.0,180.0,1721.0,26.0,10,4,14.0,8.0,23.0,1166.0,8,488.0,1654.0,93.0,3.0,4,50
57,53,8,3,4,21,14,30.0,1594.0,2.0,120.0,1714.0,33.0,15,4,15.0,8.0,24.0,1205.0,8,488.0,1693.0,54.0,3.0,4,50
57,53,8,4,3,21,14,30.0,1594.0,2.0,120.0,1714.0,33.0,15,4,15.0,8.0,24.0,1222.0,8,488.0,1710.0,37.0,3.0,4,50
57,53,8,4,4,22,14,31.0,1647.0,1.0,60.0,1707.0,40.0,31,4,16.0,8.0,25.0,1261.0,7,427.0,1688.0,59.0,4.0,4,50
57,53,9,2,2,18,14,28.0,1488.0,4.0,240.0,1728.0,19.0,7,4,12.0,8.0,22.0,1124.0,8,488.0,1612.0,135.0,3.0,4,50
57,53,9,3,3,20,14,30.0,1594.0,2.0,120.0,1714.0,33.0,15,4,14.0,8.0,24.0,1219.0,8,488.0,1707.0,40.0,3.0,4,50
57,53,9,3,4,21,14,31.0,1647.0,1.0,60.0,1707.0,40.0,31,4,15.0,8.0,25.0,1258.0,7,427.0,1685.0,62.0,4.0,4,50
57,53,9,4,3,21,14,31.0,1647.0,1.0,60.0,1707.0,40.0,31,4,15.0,8.0,25.0,1275.0,7,427.0,1702.0,45.0,4.0,4,50
57,53,10,2,2,18,14,29.0,1541.0,3.0,180.0,1721.0,26.0,10,4,12.0,8.0,23.0,1177.0,8,488.0,1665.0,82.0,3.0,4,50
57,53,10,3,3,20,14,31.0,1647.0,1.0,60.0,1707.0,40.0,31,4,14.0,8.0,25.0,1272.0,7,427.0,1699.0,48.0,4.0,4,50
57,53,11,2,2,18,14,30.0,1594.0,2.0,120.0,1714.0,33.0,15,4,12.0,8.0,24.0,1230.0,8,488.0,1718.0,29.0,3.0,4,50
57,53,12,2,2,18,14,31.0,1647.0,1.0,60.0,1707.0,40.0,31,4,12.0,8.0,25.0,1283.0,7,427.0,1710.0,37.0,4.0,4,50
57,55,3,2,2,18,14,22.0,1212.0,8.0,480.0,1692.0,55.0,3,2,12.0,8.0,16.0,812.0,8,488.0,1300.0,447.0,2.0,2,50
57,55,3,3,3,20,14,24.0,1322.0,6.0,360.0,1682.0,65.0,4,2,14.0,8.0,18.0,907.0,6,366.0,1273.0,474.0,3.0,2,50
57,55,3,3,4,21,14,25.0,1377.0,5.0,300.0,1677.0,70.0,5,2,15.0,8.0,19.0,946.0,7,427.0,1373.0,374.0,3.0,2,50
57,55,3,4,3,21,14,25.0,1377.0,5.0,300.0,1677.0,70.0,5,2,15.0,8.0,19.0,963.0,7,427.0,1390.0,357.0,3.0,2,50
57,55,3,4,4,22,14,26.0,1432.0,5.0,300.0,1732.0,15.0,6,2,16.0,8.0,20.0,1002.0,7,427.0,1429.0,318.0,3.0,2,50
57,55,4,2,2,18,14,23.0,1267.0,8.0,480.0,1747.0,0.0,3,2,12.0,8.0,17.0,867.0,6,366.0,1233.0,514.0,3.0,2,50
57,55,4,3,3,20,14,25.0,1377.0,5.0,300.0,1677.0,70.0,5,2,14.0,8.0,19.0,962.0,7,427.0,1389.0,358.0,3.0,2,50
57,55,4,3,4,21,14,26.0,1432.0,5.0,300.0,1732.0,15.0,6,2,15.0,8.0,20.0,1001.0,7,427.0,1428.0,319.0,3.0,2,50
57,55,4,4,3,21,14,26.0,1432.0,5.0,300.0,1732.0,15.0,6,2,15.0,8.0,20.0,1018.0,7,427.0,1445.0,302.0,3.0,2,50
57,55,4,4,4,22,14,27.0,1487.0,4.0,240.0,1727.0,20.0,7,2,16.0,8.0,21.0,1057.0,7,427.0,1484.0,263.0,3.0,2,50
57,55,5,2,2,18,14,24.0,1322.0,6.0,360.0,1682.0,65.0,4,2,12.0,8.0,18.0,922.0,6,366.0,1288.0,459.0,3.0,2,50
57,55,5,3,3,20,14,26.0,1432.0,5.0,300.0,1732.0,15.0,6,2,14.0,8.0,20.0,1017.0,7,427.0,1444.0,303.0,3.0,2,50
57,55,5,3,4,21,14,27.0,1487.0,4.0,240.0,1727.0,20.0,7,2,15.0,8.0,21.0,1056.0,7,427.0,1483.0,264.0,3.0,2,50
57,55,5,4,3,21,14,27.0,1487.0,4.0,240.0,1727.0,20.0,7,2,15.0,8.0,21.0,1073.0,7,427.0,1500.0,247.0,3.0,2,50
57,55,5,4,4,22,14,28.0,1542.0,3.0,180.0,1722.0,25.0,10,2,16.0,8.0,22.0,1112.0,8,488.0,1600.0,147.0,3.0,2,50
57,55,6,2,2,18,14,25.0,1377.0,5.0,300.0,1677.0,70.0,5,2,12.0,8.0,19.0,977.0,7,427.0,1404.0,343.0,3.0,2,50
57,55,6,3,3,20,14,27.0,1487.0,4.0,240.0,1727.0,20.0,7,2,14.0,8.0,21.0,1072.0,7,427.0,1499.0,248.0,3.0,2,50
57,55,6,3,4,21,14,28.0,1542.0,3.0,180.0,1722.0,25.0,10,2,15.0,8.0,22.0,1111.0,8,488.0,1599.0,148.0,3.0,2,50
57,55,6,4,3,21,14,28.0,1542.0,3.0,180.0,1722.0,25.0,10,2,15.0,8.0,22.0,1128.0,8,488.0,1616.0,131.0,3.0,2,50
57,55,6,4,4,22,14,29.0,1597.0,2.0,120.0,1717.0,30.0,15,2,16.0,8.0,23.0,1167.0,8,488.0,1655.0,92.0,3.0,2,50
57,55,7,2,2,18,14,26.0,1432.0,5.0,300.0,1732.0,15.0,6,2,12.0,8.0,20.0,1032.0,7,427.0,1459.0,288.0,3.0,2,50
57,55,7,3,3,20,14,28.0,1542.0,3.0,180.0,1722.0,25.0,10,2,14.0,8.0,22.0,1127.0,8,488.0,1615.0,132.0,3.0,2,50
57,55,7,3,4,21,14,29.0,1597.0,2.0,120.0,1717.0,30.0,15,2,15.0,8.0,23.0,1166.0,8,488.0,1654.0,93.0,3.0,2,50
57,55,7,4,3,21,14,29.0,1597.0,2.0,120.0,1717.0,30.0,15,2,15.0,8.0,23.0,1183.0,8,488.0,1671.0,76.0,3.0,2,50
57,55,7,4,4,22,14,30.0,1652.0,1.0,60.0,1712.0,35.0,30,2,16.0,8.0,24.0,1222.0,8,488.0,1710.0,37.0,3.0,2,50
57,55,8,2,2,18,14,27.0,1487.0,4.0,240.0,1727.0,20.0,7,2,12.0,8.0,21.0,1087.0,7,427.0,1514.0,233.0,3.0,2,50
57,55,8,3,3,20,14,29.0,1597.0,2.0,120.0,1717.0,30.0,15,2,14.0,8.0,23.0,1182.0,8,488.0,1670.0,77.0,3.0,2,50
57,55,8,3,4,21,14,30.0,1652.0,1.0,60.0,1712.0,35.0,30,2,15.0,8.0,24.0,1221.0,8,488.0,1709.0,38.0,3.0,2,50
57,55,8,4,3,21,14,30.0,1652.0,1.0,60.0,1712.0,35.0,30,2,15.0,8.0,24.0,1238.0,8,488.0,1726.0,21.0,3.0,2,50
57,55,9,2,2,18,14,28.0,1542.0,3.0,180.0,1722.0,25.0,10,2,12.0,8.0,22.0,1142.0,8,488.0,1630.0,117.0,3.0,2,50
57,55,9,3,3,20,14,30.0,1652.0,1.0,60.0,1712.0,35.0,30,2,14.0,8.0,24.0,1237.0,8,488.0,1725.0,22.0,3.0,2,50
57,55,10,2,2,18,14,29.0,1597.0,2.0,120.0,1717.0,30.0,15,2,12.0,8.0,23.0,1197.0,8,488.0,1685.0,62.0,3.0,2,50
57,55,11,2,2,18,14,30.0,1652.0,1.0,60.0,1712.0,35.0,30,2,12.0,8.0,24.0,1252.0,8,488.0,1740.0,7.0,3.0,2,50
58,52,3,2,2,18,14,22.0,1150.0,8.0,480.0,1630.0,117.0,3,6,12.0,8.0,16.0,804.0,8,488.0,1292.0,455.0,2.0,6,50
58,52,3,3,3,20,14,24.0,1254.0,8.0,480.0,1734.0,13.0,3,6,14.0,8.0,18.0,899.0,6,366.0,1265.0,482.0,3.0,6,50
58,52,3,3,4,21,14,25.0,1306.0,7.0,420.0,1726.0,21.0,4,6,15.0,8.0,19.0,938.0,7,427.0,1365.0,382.0,3.0,6,50
58,52,3,4,3,21,14,25.0,1306.0,7.0,420.0,1726.0,21.0,4,6,15.0,8.0,19.0,955.0,7,427.0,1382.0,365.0,3.0,6,50
58,52,3,4,4,22,14,26.0,1358.0,6.0,360.0,1718.0,29.0,5,6,16.0,8.0,20.0,994.0,7,427.0,1421.0,326.0,3.0,6,50
58,52,4,2,2,18,14,23.0,1202.0,8.0,480.0,1682.0,65.0,3,6,12.0,8.0,17.0,856.0,6,366.0,1222.0,525.0,3.0,6,50
58,52,4,3,3,20,14,25.0,1306.0,7.0,420.0,1726.0,21.0,4,6,14.0,8.0,19.0,951.0,7,427.0,1378.0,369.0,3.0,6,50
58,52,4,3,4,21,14,26.0,1358.0,6.0,360.0,1718.0,29.0,5,6,15.0,8.0,20.0,990.0,7,427.0,1417.0,330.0,3.0,6,50
58,52,4,4,3,21,14,26.0,1358.0,6.0,360.0,1718.0,29.0,5,6,15.0,8.0,20.0,1007.0,7,427.0,1434.0,313.0,3.0,6,50
58,52,4,4,4,22,14,27.0,1410.0,5.0,300.0,1710.0,37.0,6,6,16.0,8.0,21.0,1046.0,7,427.0,1473.0,274.0,3.0,6,50
58,52,5,2,2,18,14,24.0,1254.0,8.0,480.0,1734.0,13.0,3,6,12.0,8.0,18.0,908.0,6,366.0,1274.0,473.0,3.0,6,50
58,52,5,3,3,20,14,26.0,1358.0,6.0,360.0,1718.0,29.0,5,6,14.0,8.0,20.0,1003.0,7,427.0,1430.0,317.0,3.0,6,50
58,52,5,3,4,21,14,27.0,1410.0,5.0,300.0,1710.0,37.0,6,6,15.0,8.0,21.0,1042.0,7,427.0,1469.0,278.0,3.0,6,50
58,52,5,4,3,21,14,27.0,1410.0,5.0,300.0,1710.0,37.0,6,6,15.0,8.0,21.0,1059.0,7,427.0,1486.0,261.0,3.0,6,50
58,52,5,4,4,22,14,28.0,1462.0,4.0,240.0,1702.0,45.0,7,6,16.0,8.0,22.0,1098.0,8,488.0,1586.0,161.0,3.0,6,50
58,52,6,2,2,18,14,25.0,1306.0,7.0,420.0,1726.0,21.0,4,6,12.0,8.0,19.0,960.0,7,427.0,1387.0,360.0,3.0,6,50
58,52,6,3,3,20,14,27.0,1410.0,5.0,300.0,1710.0,37.0,6,6,14.0,8.0,21.0,1055.0,7,427.0,1482.0,265.0,3.0,6,50
58,52,6,3,4,21,14,28.0,1462.0,4.0,240.0,1702.0,45.0,7,6,15.0,8.0,22.0,1094.0,8,488.0,1582.0,165.0,3.0,6,50
58,52,6,4,3,21,14,28.0,1462.0,4.0,240.0,1702.0,45.0,7,6,15.0,8.0,22.0,1111.0,8,488.0,1599.0,148.0,3.0,6,50
58,52,6,4,4,22,14,29.0,1514.0,3.0,180.0,1694.0,53.0,10,6,16.0,8.0,23.0,1150.0,8,488.0,1638.0,109.0,3.0,6,50
58,52,7,2,2,18,14,26.0,1358.0,6.0,360.0,1718.0,29.0,5,6,12.0,8.0,20.0,1012.0,7,427.0,1439.0,308.0,3.0,6,50
58,52,7,3,3,20,14,28.0,1462.0,4.0,240.0,1702.0,45.0,7,6,14.0,8.0,22.0,1107.0,8,488.0,1595.0,152.0,3.0,6,50
58,52,7,3,4,21,14,29.0,1514.0,3.0,180.0,1694.0,53.0,10,6,15.0,8.0,23.0,1146.0,8,488.0,1634.0,113.0,3.0,6,50
58,52,7,4,3,21,14,29.0,1514.0,3.0,180.0,1694.0,53.0,10,6,15.0,8.0,23.0,1163.0,8,488.0,1651.0,96.0,3.0,6,50
58,52,7,4,4,22,14,30.0,1566.0,3.0,180.0,1746.0,1.0,10,6,16.0,8.0,24.0,1202.0,8,488.0,1690.0,57.0,3.0,6,50
58,52,8,2,2,18,14,27.0,1410.0,5.0,300.0,1710.0,37.0,6,6,12.0,8.0,21.0,1064.0,7,427.0,1491.0,256.0,3.0,6,50
58,52,8,3,3,20,14,29.0,1514.0,3.0,180.0,1694.0,53.0,10,6,14.0,8.0,23.0,1159.0,8,488.0,1647.0,100.0,3.0,6,50
58,52,8,3,4,21,14,30.0,1566.0,3.0,180.0,1746.0,1.0,10,6,15.0,8.0,24.0,1198.0,8,488.0,1686.0,61.0,3.0,6,50
58,52,8,4,3,21,14,30.0,1566.0,3.0,180.0,1746.0,1.0,10,6,15.0,8.0,24.0,1215.0,8,488.0,1703.0,44.0,3.0,6,50
58,52,8,4,4,22,14,31.0,1618.0,2.0,120.0,1738.0,9.0,16,6,16.0,8.0,25.0,1254.0,7,427.0,1681.0,66.0,4.0,6,50
58,52,9,2,2,18,14,28.0,1462.0,4.0,240.0,1702.0,45.0,7,6,12.0,8.0,22.0,1116.0,8,488.0,1604.0,143.0,3.0,6,50
58,52,9,3,3,20,14,30.0,1566.0,3.0,180.0,1746.0,1.0,10,6,14.0,8.0,24.0,1211.0,8,488.0,1699.0,48.0,3.0,6,50
58,52,9,3,4,21,14,31.0,1618.0,2.0,120.0,1738.0,9.0,16,6,15.0,8.0,25.0,1250.0,7,427.0,1677.0,70.0,4.0,6,50
58,52,9,4,3,21,14,31.0,1618.0,2.0,120.0,1738.0,9.0,16,6,15.0,8.0,25.0,1267.0,7,427.0,1694.0,53.0,4.0,6,50
58,52,9,4,4,22,14,32.0,1670.0,1.0,60.0,1730.0,17.0,32,6,16.0,8.0,26.0,1306.0,7,427.0,1733.0,14.0,4.0,6,50
58,52,10,2,2,18,14,29.0,1514.0,3.0,180.0,1694.0,53.0,10,6,12.0,8.0,23.0,1168.0,8,488.0,1656.0,91.0,3.0,6,50
58,52,10,3,3,20,14,31.0,1618.0,2.0,120.0,1738.0,9.0,16,6,14.0,8.0,25.0,1263.0,7,427.0,1690.0,57.0,4.0,6,50
58,52,10,3,4,21,14,32.0,1670.0,1.0,60.0,1730.0,17.0,32,6,15.0,8.0,26.0,1302.0,7,427.0,1729.0,18.0,4.0,6,50
58,52,10,4,3,21,14,32.0,1670.0,1.0,60.0,1730.0,17.0,32,6,15.0,8.0,26.0,1319.0,7,427.0,1746.0,1.0,4.0,6,50
58,52,11,2,2,18,14,30.0,1566.0,3.0,180.0,1746.0,1.0,10,6,12.0,8.0,24.0,1220.0,8,488.0,1708.0,39.0,3.0,6,50
58,52,11,3,3,20,14,32.0,1670.0,1.0,60.0,1730.0,17.0,32,6,14.0,8.0,26.0,1315.0,7,427.0,1742.0,5.0,4.0,6,50
58,52,12,2,2,18,14,31.0,1618.0,2.0,120.0,1738.0,9.0,16,6,12.0,8.0,25.0,1272.0,7,427.0,1699.0,48.0,4.0,6,50
58,52,13,2,2,18,14,32.0,1670.0,1.0,60.0,1730.0,17.0,32,6,12.0,8.0,26.0,1324.0,6,366.0,1690.0,57.0,5.0,6,50
58,53,3,2,2,18,14,22.0,1171.0,8.0,480.0,1651.0,96.0,3,5,12.0,8.0,16.0,807.0,8,488.0,1295.0,452.0,2.0,5,50
58,53,3,3,3,20,14,24.0,1277.0,6.0,360.0,1637.0,110.0,4,5,14.0,8.0,18.0,902.0,6,366.0,1268.0,479.0,3.0,5,50
58,53,3,3,4,21,14,25.0,1330.0,5.0,300.0,1630.0,117.0,5,5,15.0,8.0,19.0,941.0,7,427.0,1368.0,379.0,3.0,5,50
58,53,3,4,3,21,14,25.0,1330.0,5.0,300.0,1630.0,117.0,5,5,15.0,8.0,19.0,958.0,7,427.0,1385.0,362.0,3.0,5,50
58,53,3,4,4,22,14,26.0,1383.0,6.0,360.0,1743.0,4.0,5,5,16.0,8.0,20.0,997.0,7,427.0,1424.0,323.0,3.0,5,50
58,53,4,2,2,18,14,23.0,1224.0,8.0,480.0,1704.0,43.0,3,5,12.0,8.0,17.0,860.0,6,366.0,1226.0,521.0,3.0,5,50
58,53,4,3,3,20,14,25.0,1330.0,5.0,300.0,1630.0,117.0,5,5,14.0,8.0,19.0,955.0,7,427.0,1382.0,365.0,3.0,5,50
58,53,4,3,4,21,14,26.0,1383.0,6.0,360.0,1743.0,4.0,5,5,15.0,8.0,20.0,994.0,7,427.0,1421.0,326.0,3.0,5,50
58,53,4,4,3,21,14,26.0,1383.0,6.0,360.0,1743.0,4.0,5,5,15.0,8.0,20.0,1011.0,7,427.0,1438.0,309.0,3.0,5,50
58,53,4,4,4,22,14,27.0,1436.0,5.0,300.0,1736.0,11.0,6,5,16.0,8.0,21.0,1050.0,7,427.0,1477.0,270.0,3.0,5,50
58,53,5,2,2,18,14,24.0,1277.0,6.0,360.0,1637.0,110.0,4,5,12.0,8.0,18.0,913.0,6,366.0,1279.0,468.0,3.0,5,50
58,53,5,3,3,20,14,26.0,1383.0,6.0,360.0,1743.0,4.0,5,5,14.0,8.0,20.0,1008.0,7,427.0,1435.0,312.0,3.0,5,50
58,53,5,3,4,21,14,27.0,1436.0,5.0,300.0,1736.0,11.0,6,5,15.0,8.0,21.0,1047.0,7,427.0,1474.0,273.0,3.0,5,50
58,53,5,4,3,21,14,27.0,1436.0,5.0,300.0,1736.0,11.0,6,5,15.0,8.0,21.0,1064.0,7,427.0,1491.0,256.0,3.0,5,50
58,53,5,4,4,22,14,28.0,1489.0,4.0,240.0,1729.0,18.0,7,5,16.0,8.0,22.0,1103.0,8,488.0,1591.0,156.0,3.0,5,50
58,53,6,2,2,18,14,25.0,1330.0,5.0,300.0,1630.0,117.0,5,5,12.0,8.0,19.0,966.0,7,427.0,1393.0,354.0,3.0,5,50
58,53,6,3,3,20,14,27.0,1436.0,5.0,300.0,1736.0,11.0,6,5,14.0,8.0,21.0,1061.0,7,427.0,1488.0,259.0,3.0,5,50
58,53,6,3,4,21,14,28.0,1489.0,4.0,240.0,1729.0,18.0,7,5,15.0,8.0,22.0,1100.0,8,488.0,1588.0,159.0,3.0,5,50
58,53,6,4,3,21,14,28.0,1489.0,4.0,240.0,1729.0,18.0,7,5,15.0,8.0,22.0,1117.0,8,488.0,1605.0,142.0,3.0,5,50
58,53,6,4,4,22,14,29.0,1542.0,3.0,180.0,1722.0,25.0,10,5,16.0,8.0,23.0,1156.0,8,488.0,1644.0,103.0,3.0,5,50
58,53,7,2,2,18,14,26.0,1383.0,6.0,360.0,1743.0,4.0,5,5,12.0,8.0,20.0,1019.0,7,427.0,1446.0,301.0,3.0,5,50
58,53,7,3,3,20,14,28.0,1489.0,4.0,240.0,1729.0,18.0,7,5,14.0,8.0,22.0,1114.0,8,488.0,1602.0,145.0,3.0,5,50
58,53,7,3,4,21,14,29.0,1542.0,3.0,180.0,1722.0,25.0,10,5,15.0,8.0,23.0,1153.0,8,488.0,1641.0,106.0,3.0,5,50
58,53,7,4,3,21,14,29.0,1542.0,3.0,180.0,1722.0,25.0,10,5,15.0,8.0,23.0,1170.0,8,488.0,1658.0,89.0,3.0,5,50
58,53,7,4,4,22,14,30.0,1595.0,2.0,120.0,1715.0,32.0,15,5,16.0,8.0,24.0,1209.0,8,488.0,1697.0,50.0,3.0,5,50
58,53,8,2,2,18,14,27.0,1436.0,5.0,300.0,1736.0,11.0,6,5,12.0,8.0,21.0,1072.0,7,427.0,1499.0,248.0,3.0,5,50
58,53,8,3,3,20,14,29.0,1542.0,3.0,180.0,1722.0,25.0,10,5,14.0,8.0,23.0,1167.0,8,488.0,1655.0,92.0,3.0,5,50
58,53,8,3,4,21,14,30.0,1595.0,2.0,120.0,1715.0,32.0,15,5,15.0,8.0,24.0,1206.0,8,488.0,1694.0,53.0,3.0,5,50
58,53,8,4,3,21,14,30.0,1595.0,2.0,120.0,1715.0,32.0,15,5,15.0,8.0,24.0,1223.0,8,488.0,1711.0,36.0,3.0,5,50
58,53,8,4,4,22,14,31.0,1648.0,1.0,60.0,1708.0,39.0,31,5,16.0,8.0,25.0,1262.0,7,427.0,1689.0,58.0,4.0,5,50
58,53,9,2,2,18,14,28.0,1489.0,4.0,240.0,1729.0,18.0,7,5,12.0,8.0,22.0,1125.0,8,488.0,1613.0,134.0,3.0,5,50
58,53,9,3,3,20,14,30.0,1595.0,2.0,120.0,1715.0,32.0,15,5,14.0,8.0,24.0,1220.0,8,488.0,1708.0,39.0,3.0,5,50
58,53,9,3,4,21,14,31.0,1648.0,1.0,60.0,1708.0,39.0,31,5,15.0,8.0,25.0,1259.0,7,427.0,1686.0,61.0,4.0,5,50
58,53,9,4,3,21,14,31.0,1648.0,1.0,60.0,1708.0,39.0,31,5,15.0,8.0,25.0,1276.0,7,427.0,1703.0,44.0,4.0,5,50
58,53,10,2,2,18,14,29.0,1542.0,3.0,180.0,1722.0,25.0,10,5,12.0,8.0,23.0,1178.0,8,488.0,1666.0,81.0,3.0,5,50
58,53,10,3,3,20,14,31.0,1648.0,1.0,60.0,1708.0,39.0,31,5,14.0,8.0,25.0,1273.0,7,427.0,1700.0,47.0,4.0,5,50
58,53,11,2,2,18,14,30.0,1595.0,2.0,120.0,1715.0,32.0,15,5,12.0,8.0,24.0,1231.0,8,488.0,1719.0,28.0,3.0,5,50
58,53,12,2,2,18,14,31.0,1648.0,1.0,60.0,1708.0,39.0,31,5,12.0,8.0,25.0,1284.0,7,427.0,1711.0,36.0,4.0,5,50
58,55,3,2,2,18,14,22.0,1213.0,8.0,480.0,1693.0,54.0,3,3,12.0,8.0,16.0,813.0,8,488.0,1301.0,446.0,2.0,3,50
58,55,3,3,3,20,14,24.0,1323.0,6.0,360.0,1683.0,64.0,4,3,14.0,8.0,18.0,908.0,6,366.0,1274.0,473.0,3.0,3,50
58,55,3,3,4,21,14,25.0,1378.0,5.0,300.0,1678.0,69.0,5,3,15.0,8.0,19.0,947.0,7,427.0,1374.0,373.0,3.0,3,50
58,55,3,4,3,21,14,25.0,1378.0,5.0,300.0,1678.0,69.0,5,3,15.0,8.0,19.0,964.0,7,427.0,1391.0,356.0,3.0,3,50
58,55,3,4,4,22,14,26.0,1433.0,5.0,300.0,1733.0,14.0,6,3,16.0,8.0,20.0,1003.0,7,427.0,1430.0,317.0,3.0,3,50
58,55,4,2,2,18,14,23.0,1268.0,6.0,360.0,1628.0,119.0,4,3,12.0,8.0,17.0,868.0,6,366.0,1234.0,513.0,3.0,3,50
58,55,4,3,3,20,14,25.0,1378.0,5.0,300.0,1678.0,69.0,5,3,14.0,8.0,19.0,963.0,7,427.0,1390.0,357.0,3.0,3,50
58,55,4,3,4,21,14,26.0,1433.0,5.0,300.0,1733.0,14.0,6,3,15.0,8.0,20.0,1002.0,7,427.0,1429.0,318.0,3.0,3,50
58,55,4,4,3,21,14,26.0,1433.0,5.0,300.0,1733.0,14.0,6,3,15.0,8.0,20.0,1019.0,7,427.0,1446.0,301.0,3.0,3,50
58,55,4,4,4,22,14,27.0,1488.0,4.0,240.0,1728.0,19.0,7,3,16.0,8.0,21.0,1058.0,7,427.0,1485.0,262.0,3.0,3,50
58,55,5,2,2,18,14,24.0,1323.0,6.0,360.0,1683.0,64.0,4,3,12.0,8.0,18.0,923.0,6,366.0,1289.0,458.0,3.0,3,50
58,55,5,3,3,20,14,26.0,1433.0,5.0,300.0,1733.0,14.0,6,3,14.0,8.0,20.0,1018.0,7,427.0,1445.0,302.0,3.0,3,50
58,55,5,3,4,21,14,27.0,1488.0,4.0,240.0,1728.0,19.0,7,3,15.0,8.0,21.0,1057.0,7,427.0,1484.0,263.0,3.0,3,50
58,55,5,4,3,21,14,27.0,1488.0,4.0,240.0,1728.0,19.0,7,3,15.0,8.0,21.0,1074.0,7,427.0,1501.0,246.0,3.0,3,50
58,55,5,4,4,22,14,28.0,1543.0,3.0,180.0,1723.0,24.0,10,3,16.0,8.0,22.0,1113.0,8,488.0,1601.0,146.0,3.0,3,50
58,55,6,2,2,18,14,25.0,1378.0,5.0,300.0,1678.0,69.0,5,3,12.0,8.0,19.0,978.0,7,427.0,1405.0,342.0,3.0,3,50
58,55,6,3,3,20,14,27.0,1488.0,4.0,240.0,1728.0,19.0,7,3,14.0,8.0,21.0,1073.0,7,427.0,1500.0,247.0,3.0,3,50
58,55,6,3,4,21,14,28.0,1543.0,3.0,180.0,1723.0,24.0,10,3,15.0,8.0,22.0,1112.0,8,488.0,1600.0,147.0,3.0,3,50
58,55,6,4,3,21,14,28.0,1543.0,3.0,180.0,1723.0,24.0,10,3,15.0,8.0,22.0,1129.0,8,488.0,1617.0,130.0,3.0,3,50
58,55,6,4,4,22,14,29.0,1598.0,2.0,120.0,1718.0,29.0,15,3,16.0,8.0,23.0,1168.0,8,488.0,1656.0,91.0,3.0,3,50
58,55,7,2,2,18,14,26.0,1433.0,5.0,300.0,1733.0,14.0,6,3,12.0,8.0,20.0,1033.0,7,427.0,1460.0,287.0,3.0,3,50
58,55,7,3,3,20,14,28.0,1543.0,3.0,180.0,1723.0,24.0,10,3,14.0,8.0,22.0,1128.0,8,488.0,1616.0,131.0,3.0,3,50
58,55,7,3,4,21,14,29.0,1598.0,2.0,120.0,1718.0,29.0,15,3,15.0,8.0,23.0,1167.0,8,488.0,1655.0,92.0,3.0,3,50
58,55,7,4,3,21,14,29.0,1598.0,2.0,120.0,1718.0,29.0,15,3,15.0,8.0,23.0,1184.0,8,488.0,1672.0,75.0,3.0,3,50
58,55,7,4,4,22,14,30.0,1653.0,1.0,60.0,1713.0,34.0,30,3,16.0,8.0,24.0,1223.0,8,488.0,1711.0,36.0,3.0,3,50
58,55,8,2,2,18,14,27.0,1488.0,4.0,240.0,1728.0,19.0,7,3,12.0,8.0,21.0,1088.0,7,427.0,1515.0,232.0,3.0,3,50
58,55,8,3,3,20,14,29.0,1598.0,2.0,120.0,1718.0,29.0,15,3,14.0,8.0,23.0,1183.0,8,488.0,1671.0,76.0,3.0,3,50
58,55,8,3,4,21,14,30.0,1653.0,1.0,60.0,1713.0,34.0,30,3,15.0,8.0,24.0,1222.0,8,488.0,1710.0,37.0,3.0,3,50
58,55,8,4,3,21,14,30.0,1653.0,1.0,60.0,1713.0,34.0,30,3,15.0,8.0,24.0,1239.0,8,488.0,1727.0,20.0,3.0,3,50
58,55,9,2,2,18,14,28.0,1543.0,3.0,180.0,1723.0,24.0,10,3,12.0,8.0,22.0,1143.0,8,488.0,1631.0,116.0,3.0,3,50
58,55,9,3,3,20,14,30.0,1653.0,1.0,60.0,1713.0,34.0,30,3,14.0,8.0,24.0,1238.0,8,488.0,1726.0,21.0,3.0,3,50
58,55,10,2,2,18,14,29.0,1598.0,2.0,120.0,1718.0,29.0,15,3,12.0,8.0,23.0,1198.0,8,488.0,1686.0,61.0,3.0,3,50
58,55,11,2,2,18,14,30.0,1653.0,1.0,60.0,1713.0,34.0,30,3,12.0,8.0,24.0,1253.0,8,488.0,1741.0,6.0,3.0,3,50
59,52,3,2,2,18,14,22.0,1151.0,8.0,480.0,1631.0,116.0,3,7,12.0,8.0,16.0,805.0,8,488.0,1293.0,454.0,2.0,7,50
59,52,3,3,3,20,14,24.0,1255.0,8.0,480.0,1735.0,12.0,3,7,14.0,8.0,18.0,900.0,6,366.0,1266.0,481.0,3.0,7,50
59,52,3,3,4,21,14,25.0,1307.0,7.0,420.0,1727.0,20.0,4,7,15.0,8.0,19.0,939.0,7,427.0,1366.0,381.0,3.0,7,50
59,52,3,4,3,21,14,25.0,1307.0,7.0,420.0,1727.0,20.0,4,7,15.0,8.0,19.0,956.0,7,427.0,1383.0,364.0,3.0,7,50
59,52,3,4,4,22,14,26.0,1359.0,6.0,360.0,1719.0,28.0,5,7,16.0,8.0,20.0,995.0,7,427.0,1422.0,325.0,3.0,7,50
59,52,4,2,2,18,14,23.0,1203.0,8.0,480.0,1683.0,64.0,3,7,12.0,8.0,17.0,857.0,6,366.0,1223.0,524.0,3.0,7,50
59,52,4,3,3,20,14,25.0,1307.0,7.0,420.0,1727.0,20.0,4,7,14.0,8.0,19.0,952.0,7,427.0,1379.0,368.0,3.0,7,50
59,52,4,3,4,21,14,26.0,1359.0,6.0,360.0,1719.0,28.0,5,7,15.0,8.0,20.0,991.0,7,427.0,1418.0,329.0,3.0,7,50
59,52,4,4,3,21,14,26.0,1359.0,6.0,360.0,1719.0,28.0,5,7,15.0,8.0,20.0,1008.0,7,427.0,1435.0,312.0,3.0,7,50
59,52,4,4,4,22,14,27.0,1411.0,5.0,300.0,1711.0,36.0,6,7,16.0,8.0,21.0,1047.0,7,427.0,1474.0,273.0,3.0,7,50
59,52,5,2,2,18,14,24.0,1255.0,8.0,480.0,1735.0,12.0,3,7,12.0,8.0,18.0,909.0,6,366.0,1275.0,472.0,3.0,7,50
59,52,5,3,3,20,14,26.0,1359.0,6.0,360.0,1719.0,28.0,5,7,14.0,8.0,20.0,1004.0,7,427.0,1431.0,316.0,3.0,7,50
59,52,5,3,4,21,14,27.0,1411.0,5.0,300.0,1711.0,36.0,6,7,15.0,8.0,21.0,1043.0,7,427.0,1470.0,277.0,3.0,7,50
59,52,5,4,3,21,14,27.0,1411.0,5.0,300.0,1711.0,36.0,6,7,15.0,8.0,21.0,1060.0,7,427.0,1487.0,260.0,3.0,7,50
59,52,5,4,4,22,14,28.0,1463.0,4.0,240.0,1703.0,44.0,7,7,16.0,8.0,22.0,1099.0,8,488.0,1587.0,160.0,3.0,7,50
59,52,6,2,2,18,14,25.0,1307.0,7.0,420.0,1727.0,20.0,4,7,12.0,8.0,19.0,961.0,7,427.0,1388.0,359.0,3.0,7,50
59,52,6,3,3,20,14,27.0,1411.0,5.0,300.0,1711.0,36.0,6,7,14.0,8.0,21.0,1056.0,7,427.0,1483.0,264.0,3.0,7,50
59,52,6,3,4,21,14,28.0,1463.0,4.0,240.0,1703.0,44.0,7,7,15.0,8.0,22.0,1095.0,8,488.0,1583.0,164.0,3.0,7,50
59,52,6,4,3,21,14,28.0,1463.0,4.0,240.0,1703.0,44.0,7,7,15.0,8.0,22.0,1112.0,8,488.0,1600.0,147.0,3.0,7,50
59,52,6,4,4,22,14,29.0,1515.0,3.0,180.0,1695.0,52.0,10,7,16.0,8.0,23.0,1151.0,8,488.0,1639.0,108.0,3.0,7,50
59,52,7,2,2,18,14,26.0,1359.0,6.0,360.0,1719.0,28.0,5,7,12.0,8.0,20.0,1013.0,7,427.0,1440.0,307.0,3.0,7,50
59,52,7,3,3,20,14,28.0,1463.0,4.0,240.0,1703.0,44.0,7,7,14.0,8.0,22.0,1108.0,8,488.0,1596.0,151.0,3.0,7,50
59,52,7,3,4,21,14,29.0,1515.0,3.0,180.0,1695.0,52.0,10,7,15.0,8.0,23.0,1147.0,8,488.0,1635.0,112.0,3.0,7,50
59,52,7,4,3,21,14,29.0,1515.0,3.0,180.0,1695.0,52.0,10,7,15.0,8.0,23.0,1164.0,8,488.0,1652.0,95.0,3.0,7,50
59,52,7,4,4,22,14,30.0,1567.0,3.0,180.0,1747.0,0.0,10,7,16.0,8.0,24.0,1203.0,8,488.0,1691.0,56.0,3.0,7,50
59,52,8,2,2,18,14,27.0,1411.0,5.0,300.0,1711.0,36.0,6,7,12.0,8.0,21.0,1065.0,7,427.0,1492.0,255.0,3.0,7,50
59,52,8,3,3,20,14,29.0,1515.0,3.0,180.0,1695.0,52.0,10,7,14.0,8.0,23.0,1160.0,8,488.0,1648.0,99.0,3.0,7,50
59,52,8,3,4,21,14,30.0,1567.0,3.0,180.0,1747.0,0.0,10,7,15.0,8.0,24.0,1199.0,8,488.0,1687.0,60.0,3.0,7,50
59,52,8,4,3,21,14,30.0,1567.0,3.0,180.0,1747.0,0.0,10,7,15.0,8.0,24.0,1216.0,8,488.0,1704.0,43.0,3.0,7,50
59,52,8,4,4,22,14,31.0,1619.0,2.0,120.0,1739.0,8.0,16,7,16.0,8.0,25.0,1255.0,7,427.0,1682.0,65.0,4.0,7,50
59,52,9,2,2,18,14,28.0,1463.0,4.0,240.0,1703.0,44.0,7,7,12.0,8.0,22.0,1117.0,8,488.0,1605.0,142.0,3.0,7,50
59,52,9,3,3,20,14,30.0,1567.0,3.0,180.0,1747.0,0.0,10,7,14.0,8.0,24.0,1212.0,8,488.0,1700.0,47.0,3.0,7,50
59,52,9,3,4,21,14,31.0,1619.0,2.0,120.0,1739.0,8.0,16,7,15.0,8.0,25.0,1251.0,7,427.0,1678.0,69.0,4.0,7,50
59,52,9,4,3,21,14,31.0,1619.0,2.0,120.0,1739.0,8.0,16,7,15.0,8.0,25.0,1268.0,7,427.0,1695.0,52.0,4.0,7,50
59,52,9,4,4,22,14,32.0,1671.0,1.0,60.0,1731.0,16.0,32,7,16.0,8.0,26.0,1307.0,7,427.0,1734.0,13.0,4.0,7,50
59,52,10,2,2,18,14,29.0,1515.0,3.0,180.0,1695.0,52.0,10,7,12.0,8.0,23.0,1169.0,8,488.0,1657.0,90.0,3.0,7,50
59,52,10,3,3,20,14,31.0,1619.0,2.0,120.0,1739.0,8.0,16,7,14.0,8.0,25.0,1264.0,7,427.0,1691.0,56.0,4.0,7,50
59,52,10,3,4,21,14,32.0,1671.0,1.0,60.0,1731.0,16.0,32,7,15.0,8.0,26.0,1303.0,7,427.0,1730.0,17.0,4.0,7,50
59,52,10,4,3,21,14,32.0,1671.0,1.0,60.0,1731.0,16.0,32,7,15.0,8.0,26.0,1320.0,7,427.0,1747.0,0.0,4.0,7,50
59,52,11,2,2,18,14,30.0,1567.0,3.0,180.0,1747.0,0.0,10,7,12.0,8.0,24.0,1221.0,8,488.0,1709.0,38.0,3.0,7,50
59,52,11,3,3,20,14,32.0,1671.0,1.0,60.0,1731.0,16.0,32,7,14.0,8.0,26.0,1316.0,7,427.0,1743.0,4.0,4.0,7,50
59,52,12,2,2,18,14,31.0,1619.0,2.0,120.0,1739.0,8.0,16,7,12.0,8.0,25.0,1273.0,7,427.0,1700.0,47.0,4.0,7,50
59,52,13,2,2,18,14,32.0,1671.0,1.0,60.0,1731.0,16.0,32,7,12.0,8.0,26.0,1325.0,6,366.0,1691.0,56.0,5.0,7,50
59,53,3,2,2,18,14,22.0,1172.0,8.0,480.0,1652.0,95.0,3,6,12.0,8.0,16.0,808.0,8,488.0,1296.0,451.0,2.0,6,50
59,53,3,3,3,20,14,24.0,1278.0,6.0,360.0,1638.0,109.0,4,6,14.0,8.0,18.0,903.0,6,366.0,1269.0,478.0,3.0,6,50
59,53,3,3,4,21,14,25.0,1331.0,5.0,300.0,1631.0,116.0,5,6,15.0,8.0,19.0,942.0,7,427.0,1369.0,378.0,3.0,6,50
59,53,3,4,3,21,14,25.0,1331.0,5.0,300.0,1631.0,116.0,5,6,15.0,8.0,19.0,959.0,7,427.0,1386.0,361.0,3.0,6,50
59,53,3,4,4,22,14,26.0,1384.0,6.0,360.0,1744.0,3.0,5,6,16.0,8.0,20.0,998.0,7,427.0,1425.0,322.0,3.0,6,50
59,53,4,2,2,18,14,23.0,1225.0,8.0,480.0,1705.0,42.0,3,6,12.0,8.0,17.0,861.0,6,366.0,1227.0,520.0,3.0,6,50
59,53,4,3,3,20,14,25.0,1331.0,5.0,300.0,1631.0,116.0,5,6,14.0,8.0,19.0,956.0,7,427.0,1383.0,364.0,3.0,6,50
59,53,4,3,4,21,14,26.0,1384.0,6.0,360.0,1744.0,3.0,5,6,15.0,8.0,20.0,995.0,7,427.0,1422.0,325.0,3.0,6,50
59,53,4,4,3,21,14,26.0,1384.0,6.0,360.0,1744.0,3.0,5,6,15.0,8.0,20.0,1012.0,7,427.0,1439.0,308.0,3.0,6,50
59,53,4,4,4,22,14,27.0,1437.0,5.0,300.0,1737.0,10.0,6,6,16.0,8.0,21.0,1051.0,7,427.0,1478.0,269.0,3.0,6,50
59,53,5,2,2,18,14,24.0,1278.0,6.0,360.0,1638.0,109.0,4,6,12.0,8.0,18.0,914.0,6,366.0,1280.0,467.0,3.0,6,50
59,53,5,3,3,20,14,26.0,1384.0,6.0,360.0,1744.0,3.0,5,6,14.0,8.0,20.0,1009.0,7,427.0,1436.0,311.0,3.0,6,50
59,53,5,3,4,21,14,27.0,1437.0,5.0,300.0,1737.0,10.0,6,6,15.0,8.0,21.0,1048.0,7,427.0,1475.0,272.0,3.0,6,50
59,53,5,4,3,21,14,27.0,1437.0,5.0,300.0,1737.0,10.0,6,6,15.0,8.0,21.0,1065.0,7,427.0,1492.0,255.0,3.0,6,50
59,53,5,4,4,22,14,28.0,1490.0,4.0,240.0,1730.0,17.0,7,6,16.0,8.0,22.0,1104.0,8,488.0,1592.0,155.0,3.0,6,50
59,53,6,2,2,18,14,25.0,1331.0,5.0,300.0,1631.0,116.0,5,6,12.0,8.0,19.0,967.0,7,427.0,1394.0,353.0,3.0,6,50
59,53,6,3,3,20,14,27.0,1437.0,5.0,300.0,1737.0,10.0,6,6,14.0,8.0,21.0,1062.0,7,427.0,1489.0,258.0,3.0,6,50
59,53,6,3,4,21,14,28.0,1490.0,4.0,240.0,1730.0,17.0,7,6,15.0,8.0,22.0,1101.0,8,488.0,1589.0,158.0,3.0,6,50
59,53,6,4,3,21,14,28.0,1490.0,4.0,240.0,1730.0,17.0,7,6,15.0,8.0,22.0,1118.0,8,488.0,1606.0,141.0,3.0,6,50
59,53,6,4,4,22,14,29.0,1543.0,3.0,180.0,1723.0,24.0,10,6,16.0,8.0,23.0,1157.0,8,488.0,1645.0,102.0,3.0,6,50
59,53,7,2,2,18,14,26.0,1384.0,6.0,360.0,1744.0,3.0,5,6,12.0,8.0,20.0,1020.0,7,427.0,1447.0,300.0,3.0,6,50
59,53,7,3,3,20,14,28.0,1490.0,4.0,240.0,1730.0,17.0,7,6,14.0,8.0,22.0,1115.0,8,488.0,1603.0,144.0,3.0,6,50
59,53,7,3,4,21,14,29.0,1543.0,3.0,180.0,1723.0,24.0,10,6,15.0,8.0,23.0,1154.0,8,488.0,1642.0,105.0,3.0,6,50
59,53,7,4,3,21,14,29.0,1543.0,3.0,180.0,1723.0,24.0,10,6,15.0,8.0,23.0,1171.0,8,488.0,1659.0,88.0,3.0,6,50
59,53,7,4,4,22,14,30.0,1596.0,2.0,120.0,1716.0,31.0,15,6,16.0,8.0,24.0,1210.0,8,488.0,1698.0,49.0,3.0,6,50
59,53,8,2,2,18,14,27.0,1437.0,5.0,300.0,1737.0,10.0,6,6,12.0,8.0,21.0,1073.0,7,427.0,1500.0,247.0,3.0,6,50
59,53,8,3,3,20,14,29.0,1543.0,3.0,180.0,1723.0,24.0,10,6,14.0,8.0,23.0,1168.0,8,488.0,1656.0,91.0,3.0,6,50
59,53,8,3,4,21,14,30.0,1596.0,2.0,120.0,1716.0,31.0,15,6,15.0,8.0,24.0,1207.0,8,488.0,1695.0,52.0,3.0,6,50
59,53,8,4,3,21,14,30.0,1596.0,2.0,120.0,1716.0,31.0,15,6,15.0,8.0,24.0,1224.0,8,488.0,1712.0,35.0,3.0,6,50
59,53,8,4,4,22,14,31.0,1649.0,1.0,60.0,1709.0,38.0,31,6,16.0,8.0,25.0,1263.0,7,427.0,1690.0,57.0,4.0,6,50
59,53,9,2,2,18,14,28.0,1490.0,4.0,240.0,1730.0,17.0,7,6,12.0,8.0,22.0,1126.0,8,488.0,1614.0,133.0,3.0,6,50
59,53,9,3,3,20,14,30.0,1596.0,2.0,120.0,1716.0,31.0,15,6,14.0,8.0,24.0,1221.0,8,488.0,1709.0,38.0,3.0,6,50
59,53,9,3,4,21,14,31.0,1649.0,1.0,60.0,1709.0,38.0,31,6,15.0,8.0,25.0,1260.0,7,427.0,1687.0,60.0,4.0,6,50
59,53,9,4,3,21,14,31.0,1649.0,1.0,60.0,1709.0,38.0,31,6,15.0,8.0,25.0,1277.0,7,427.0,1704.0,43.0,4.0,6,50
59,53,10,2,2,18,14,29.0,1543.0,3.0,180.0,1723.0,24.0,10,6,12.0,8.0,23.0,1179.0,8,488.0,1667.0,80.0,3.0,6,50
59,53,10,3,3,20,14,31.0,1649.0,1.0,60.0,1709.0,38.0,31,6,14.0,8.0,25.0,1274.0,7,427.0,1701.0,46.0,4.0,6,50
59,53,11,2,2,18,14,30.0,1596.0,2.0,120.0,1716.0,31.0,15,6,12.0,8.0,24.0,1232.0,8,488.0,1720.0,27.0,3.0,6,50
59,53,12,2,2,18,14,31.0,1649.0,1.0,60.0,1709.0,38.0,31,6,12.0,8.0,25.0,1285.0,7,427.0,1712.0,35.0,4.0,6,50
59,55,3,2,2,18,14,22.0,1214.0,8.0,480.0,1694.0,53.0,3,4,12.0,8.0,16.0,814.0,8,488.0,1302.0,445.0,2.0,4,50
59,55,3,3,3,20,14,24.0,1324.0,6.0,360.0,1684.0,63.0,4,4,14.0,8.0,18.0,909.0,6,366.0,1275.0,472.0,3.0,4,50
59,55,3,3,4,21,14,25.0,1379.0,5.0,300.0,1679.0,68.0,5,4,15.0,8.0,19.0,948.0,7,427.0,1375.0,372.0,3.0,4,50
59,55,3,4,3,21,14,25.0,1379.0,5.0,300.0,1679.0,68.0,5,4,15.0,8.0,19.0,965.0,7,427.0,1392.0,355.0,3.0,4,50
59,55,3,4,4,22,14,26.0,1434.0,5.0,300.0,1734.0,13.0,6,4,16.0,8.0,20.0,1004.0,7,427.0,1431.0,316.0,3.0,4,50
59,55,4,2,2,18,14,23.0,1269.0,6.0,360.0,1629.0,118.0,4,4,12.0,8.0,17.0,869.0,6,366.0,1235.0,512.0,3.0,4,50
59,55,4,3,3,20,14,25.0,1379.0,5.0,300.0,1679.0,68.0,5,4,14.0,8.0,19.0,964.0,7,427.0,1391.0,356.0,3.0,4,50
59,55,4,3,4,21,14,26.0,1434.0,5.0,300.0,1734.0,13.0,6,4,15.0,8.0,20.0,1003.0,7,427.0,1430.0,317.0,3.0,4,50
59,55,4,4,3,21,14,26.0,1434.0,5.0,300.0,1734.0,13.0,6,4,15.0,8.0,20.0,1020.0,7,427.0,1447.0,300.0,3.0,4,50
59,55,4,4,4,22,14,27.0,1489.0,4.0,240.0,1729.0,18.0,7,4,16.0,8.0,21.0,1059.0,7,427.0,1486.0,261.0,3.0,4,50
59,55,5,2,2,18,14,24.0,1324.0,6.0,360.0,1684.0,63.0,4,4,12.0,8.0,18.0,924.0,6,366.0,1290.0,457.0,3.0,4,50
59,55,5,3,3,20,14,26.0,1434.0,5.0,300.0,1734.0,13.0,6,4,14.0,8.0,20.0,1019.0,7,427.0,1446.0,301.0,3.0,4,50
59,55,5,3,4,21,14,27.0,1489.0,4.0,240.0,1729.0,18.0,7,4,15.0,8.0,21.0,1058.0,7,427.0,1485.0,262.0,3.0,4,50
59,55,5,4,3,21,14,27.0,1489.0,4.0,240.0,1729.0,18.0,7,4,15.0,8.0,21.0,1075.0,7,427.0,1502.0,245.0,3.0,4,50
59,55,5,4,4,22,14,28.0,1544.0,3.0,180.0,1724.0,23.0,10,4,16.0,8.0,22.0,1114.0,8,488.0,1602.0,145.0,3.0,4,50
59,55,6,2,2,18,14,25.0,1379.0,5.0,300.0,1679.0,68.0,5,4,12.0,8.0,19.0,979.0,7,427.0,1406.0,341.0,3.0,4,50
59,55,6,3,3,20,14,27.0,1489.0,4.0,240.0,1729.0,18.0,7,4,14.0,8.0,21.0,1074.0,7,427.0,1501.0,246.0,3.0,4,50
59,55,6,3,4,21,14,28.0,1544.0,3.0,180.0,1724.0,23.0,10,4,15.0,8.0,22.0,1113.0,8,488.0,1601.0,146.0,3.0,4,50
59,55,6,4,3,21,14,28.0,1544.0,3.0,180.0,1724.0,23.0,10,4,15.0,8.0,22.0,1130.0,8,488.0,1618.0,129.0,3.0,4,50
59,55,6,4,4,22,14,29.0,1599.0,2.0,120.0,1719.0,28.0,15,4,16.0,8.0,23.0,1169.0,8,488.0,1657.0,90.0,3.0,4,50
59,55,7,2,2,18,14,26.0,1434.0,5.0,300.0,1734.0,13.0,6,4,12.0,8.0,20.0,1034.0,7,427.0,1461.0,286.0,3.0,4,50
59,55,7,3,3,20,14,28.0,1544.0,3.0,180.0,1724.0,23.0,10,4,14.0,8.0,22.0,1129.0,8,488.0,1617.0,130.0,3.0,4,50
59,55,7,3,4,21,14,29.0,1599.0,2.0,120.0,1719.0,28.0,15,4,15.0,8.0,23.0,1168.0,8,488.0,1656.0,91.0,3.0,4,50
59,55,7,4,3,21,14,29.0,1599.0,2.0,120.0,1719.0,28.0,15,4,15.0,8.0,23.0,1185.0,8,488.0,1673.0,74.0,3.0,4,50
59,55,7,4,4,22,14,30.0,1654.0,1.0,60.0,1714.0,33.0,30,4,16.0,8.0,24.0,1224.0,8,488.0,1712.0,35.0,3.0,4,50
59,55,8,2,2,18,14,27.0,1489.0,4.0,240.0,1729.0,18.0,7,4,12.0,8.0,21.0,1089.0,7,427.0,1516.0,231.0,3.0,4,50
59,55,8,3,3,20,14,29.0,1599.0,2.0,120.0,1719.0,28.0,15,4,14.0,8.0,23.0,1184.0,8,488.0,1672.0,75.0,3.0,4,50
59,55,8,3,4,21,14,30.0,1654.0,1.0,60.0,1714.0,33.0,30,4,15.0,8.0,24.0,1223.0,8,488.0,1711.0,36.0,3.0,4,50
59,55,8,4,3,21,14,30.0,1654.0,1.0,60.0,1714.0,33.0,30,4,15.0,8.0,24.0,1240.0,8,488.0,1728.0,19.0,3.0,4,50
59,55,9,2,2,18,14,28.0,1544.0,3.0,180.0,1724.0,23.0,10,4,12.0,8.0,22.0,1144.0,8,488.0,1632.0,115.0,3.0,4,50
59,55,9,3,3,20,14,30.0,1654.0,1.0,60.0,1714.0,33.0,30,4,14.0,8.0,24.0,1239.0,8,488.0,1727.0,20.0,3.0,4,50
59,55,10,2,2,18,14,29.0,1599.0,2.0,120.0,1719.0,28.0,15,4,12.0,8.0,23.0,1199.0,8,488.0,1687.0,60.0,3.0,4,50
59,55,11,2,2,18,14,30.0,1654.0,1.0,60.0,1714.0,33.0,30,4,12.0,8.0,24.0,1254.0,8,488.0,1742.0,5.0,3.0,4,50
59,58,3,2,2,18,14,22.0,1277.0,6.0,360.0,1637.0,110.0,4,1,12.0,8.0,16.0,823.0,8,488.0,1311.0,436.0,2.0,1,50
59,58,3,3,3,20,14,24.0,1393.0,5.0,300.0,1693.0,54.0,5,1,14.0,8.0,18.0,918.0,6,366.0,1284.0,463.0,3.0,1,50
59,58,3,3,4,21,14,25.0,1451.0,4.0,240.0,1691.0,56.0,7,1,15.0,8.0,19.0,957.0,7,427.0,1384.0,363.0,3.0,1,50
59,58,3,4,3,21,14,25.0,1451.0,4.0,240.0,1691.0,56.0,7,1,15.0,8.0,19.0,974.0,7,427.0,1401.0,346.0,3.0,1,50
59,58,3,4,4,22,14,26.0,1509.0,3.0,180.0,1689.0,58.0,9,1,16.0,8.0,20.0,1013.0,7,427.0,1440.0,307.0,3.0,1,50
59,58,4,2,2,18,14,23.0,1335.0,6.0,360.0,1695.0,52.0,4,1,12.0,8.0,17.0,881.0,6,366.0,1247.0,500.0,3.0,1,50
59,58,4,3,3,20,14,25.0,1451.0,4.0,240.0,1691.0,56.0,7,1,14.0,8.0,19.0,976.0,7,427.0,1403.0,344.0,3.0,1,50
59,58,4,3,4,21,14,26.0,1509.0,3.0,180.0,1689.0,58.0,9,1,15.0,8.0,20.0,1015.0,7,427.0,1442.0,305.0,3.0,1,50
59,58,4,4,3,21,14,26.0,1509.0,3.0,180.0,1689.0,58.0,9,1,15.0,8.0,20.0,1032.0,7,427.0,1459.0,288.0,3.0,1,50
59,58,4,4,4,22,14,27.0,1567.0,3.0,180.0,1747.0,0.0,9,1,16.0,8.0,21.0,1071.0,7,427.0,1498.0,249.0,3.0,1,50
59,58,5,2,2,18,14,24.0,1393.0,5.0,300.0,1693.0,54.0,5,1,12.0,8.0,18.0,939.0,6,366.0,1305.0,442.0,3.0,1,50
59,58,5,3,3,20,14,26.0,1509.0,3.0,180.0,1689.0,58.0,9,1,14.0,8.0,20.0,1034.0,7,427.0,1461.0,286.0,3.0,1,50
59,58,5,3,4,21,14,27.0,1567.0,3.0,180.0,1747.0,0.0,9,1,15.0,8.0,21.0,1073.0,7,427.0,1500.0,247.0,3.0,1,50
59,58,5,4,3,21,14,27.0,1567.0,3.0,180.0,1747.0,0.0,9,1,15.0,8.0,21.0,1090.0,7,427.0,1517.0,230.0,3.0,1,50
59,58,5,4,4,22,14,28.0,1625.0,2.0,120.0,1745.0,2.0,14,1,16.0,8.0,22.0,1129.0,8,488.0,1617.0,130.0,3.0,1,50
59,58,6,2,2,18,14,25.0,1451.0,4.0,240.0,1691.0,56.0,7,1,12.0,8.0,19.0,997.0,7,427.0,1424.0,323.0,3.0,1,50
59,58,6,3,3,20,14,27.0,1567.0,3.0,180.0,1747.0,0.0,9,1,14.0,8.0,21.0,1092.0,7,427.0,1519.0,228.0,3.0,1,50
59,58,6,3,4,21,14,28.0,1625.0,2.0,120.0,1745.0,2.0,14,1,15.0,8.0,22.0,1131.0,8,488.0,1619.0,128.0,3.0,1,50
59,58,6,4,3,21,14,28.0,1625.0,2.0,120.0,1745.0,2.0,14,1,15.0,8.0,22.0,1148.0,8,488.0,1636.0,111.0,3.0,1,50
59,58,6,4,4,22,14,29.0,1683.0,1.0,60.0,1743.0,4.0,29,1,16.0,8.0,23.0,1187.0,8,488.0,1675.0,72.0,3.0,1,50
59,58,7,2,2,18,14,26.0,1509.0,3.0,180.0,1689.0,58.0,9,1,12.0,8.0,20.0,1055.0,7,427.0,1482.0,265.0,3.0,1,50
59,58,7,3,3,20,14,28.0,1625.0,2.0,120.0,1745.0,2.0,14,1,14.0,8.0,22.0,1150.0,8,488.0,1638.0,109.0,3.0,1,50
59,58,7,3,4,21,14,29.0,1683.0,1.0,60.0,1743.0,4.0,29,1,15.0,8.0,23.0,1189.0,8,488.0,1677.0,70.0,3.0,1,50
59,58,7,4,3,21,14,29.0,1683.0,1.0,60.0,1743.0,4.0,29,1,15.0,8.0,23.0,1206.0,8,488.0,1694.0,53.0,3.0,1,50
59,58,8,2,2,18,14,27.0,1567.0,3.0,180.0,1747.0,0.0,9,1,12.0,8.0,21.0,1113.0,7,427.0,1540.0,207.0,3.0,1,50
59,58,8,3,3,20,14,29.0,1683.0,1.0,60.0,1743.0,4.0,29,1,14.0,8.0,23.0,1208.0,8,488.0,1696.0,51.0,3.0,1,50
59,58,9,2,2,18,14,28.0,1625.0,2.0,120.0,1745.0,2.0,14,1,12.0,8.0,22.0,1171.0,8,488.0,1659.0,88.0,3.0,1,50
59,58,10,2,2,18,14,29.0,1683.0,1.0,60.0,1743.0,4.0,29,1,12.0,8.0,23.0,1229.0,8,488.0,1717.0,30.0,3.0,1,50
60,53,3,2,2,18,14,22.0,1173.0,8.0,480.0,1653.0,94.0,3,7,12.0,8.0,16.0,809.0,8,488.0,1297.0,450.0,2.0,7,50
60,53,3,3,3,20,14,24.0,1279.0,6.0,360.0,1639.0,108.0,4,7,14.0,8.0,18.0,904.0,6,366.0,1270.0,477.0,3.0,7,50
60,53,3,3,4,21,14,25.0,1332.0,5.0,300.0,1632.0,115.0,5,7,15.0,8.0,19.0,943.0,7,427.0,1370.0,377.0,3.0,7,50
60,53,3,4,3,21,14,25.0,1332.0,5.0,300.0,1632.0,115.0,5,7,15.0,8.0,19.0,960.0,7,427.0,1387.0,360.0,3.0,7,50
60,53,3,4,4,22,14,26.0,1385.0,6.0,360.0,1745.0,2.0,5,7,16.0,8.0,20.0,999.0,7,427.0,1426.0,321.0,3.0,7,50
60,53,4,2,2,18,14,23.0,1226.0,8.0,480.0,1706.0,41.0,3,7,12.0,8.0,17.0,862.0,6,366.0,1228.0,519.0,3.0,7,50
60,53,4,3,3,20,14,25.0,1332.0,5.0,300.0,1632.0,115.0,5,7,14.0,8.0,19.0,957.0,7,427.0,1384.0,363.0,3.0,7,50
60,53,4,3,4,21,14,26.0,1385.0,6.0,360.0,1745.0,2.0,5,7,15.0,8.0,20.0,996.0,7,427.0,1423.0,324.0,3.0,7,50
60,53,4,4,3,21,14,26.0,1385.0,6.0,360.0,1745.0,2.0,5,7,15.0,8.0,20.0,1013.0,7,427.0,1440.0,307.0,3.0,7,50
60,53,4,4,4,22,14,27.0,1438.0,5.0,300.0,1738.0,9.0,6,7,16.0,8.0,21.0,1052.0,7,427.0,1479.0,268.0,3.0,7,50
60,53,5,2,2,18,14,24.0,1279.0,6.0,360.0,1639.0,108.0,4,7,12.0,8.0,18.0,915.0,6,366.0,1281.0,466.0,3.0,7,50
60,53,5,3,3,20,14,26.0,1385.0,6.0,360.0,1745.0,2.0,5,7,14.0,8.0,20.0,1010.0,7,427.0,1437.0,310.0,3.0,7,50
60,53,5,3,4,21,14,27.0,1438.0,5.0,300.0,1738.0,9.0,6,7,15.0,8.0,21.0,1049.0,7,427.0,1476.0,271.0,3.0,7,50
60,53,5,4,3,21,14,27.0,1438.0,5.0,300.0,1738.0,9.0,6,7,15.0,8.0,21.0,1066.0,7,427.0,1493.0,254.0,3.0,7,50
60,53,5,4,4,22,14,28.0,1491.0,4.0,240.0,1731.0,16.0,7,7,16.0,8.0,22.0,1105.0,8,488.0,1593.0,154.0,3.0,7,50
60,53,6,2,2,18,14,25.0,1332.0,5.0,300.0,1632.0,115.0,5,7,12.0,8.0,19.0,968.0,7,427.0,1395.0,352.0,3.0,7,50
60,53,6,3,3,20,14,27.0,1438.0,5.0,300.0,1738.0,9.0,6,7,14.0,8.0,21.0,1063.0,7,427.0,1490.0,257.0,3.0,7,50
60,53,6,3,4,21,14,28.0,1491.0,4.0,240.0,1731.0,16.0,7,7,15.0,8.0,22.0,1102.0,8,488.0,1590.0,157.0,3.0,7,50
60,53,6,4,3,21,14,28.0,1491.0,4.0,240.0,1731.0,16.0,7,7,15.0,8.0,22.0,1119.0,8,488.0,1607.0,140.0,3.0,7,50
60,53,6,4,4,22,14,29.0,1544.0,3.0,180.0,1724.0,23.0,10,7,16.0,8.0,23.0,1158.0,8,488.0,1646.0,101.0,3.0,7,50
60,53,7,2,2,18,14,26.0,1385.0,6.0,360.0,1745.0,2.0,5,7,12.0,8.0,20.0,1021.0,7,427.0,1448.0,299.0,3.0,7,50
60,53,7,3,3,20,14,28.0,1491.0,4.0,240.0,1731.0,16.0,7,7,14.0,8.0,22.0,1116.0,8,488.0,1604.0,143.0,3.0,7,50
60,53,7,3,4,21,14,29.0,1544.0,3.0,180.0,1724.0,23.0,10,7,15.0,8.0,23.0,1155.0,8,488.0,1643.0,104.0,3.0,7,50
60,53,7,4,3,21,14,29.0,1544.0,3.0,180.0,1724.0,23.0,10,7,15.0,8.0,23.0,1172.0,8,488.0,1660.0,87.0,3.0,7,50
60,53,7,4,4,22,14,30.0,1597.0,2.0,120.0,1717.0,30.0,15,7,16.0,8.0,24.0,1211.0,8,488.0,1699.0,48.0,3.0,7,50
60,53,8,2,2,18,14,27.0,1438.0,5.0,300.0,1738.0,9.0,6,7,12.0,8.0,21.0,1074.0,7,427.0,1501.0,246.0,3.0,7,50
60,53,8,3,3,20,14,29.0,1544.0,3.0,180.0,1724.0,23.0,10,7,14.0,8.0,23.0,1169.0,8,488.0,1657.0,90.0,3.0,7,50
60,53,8,3,4,21,14,30.0,1597.0,2.0,120.0,1717.0,30.0,15,7,15.0,8.0,24.0,1208.0,8,488.0,1696.0,51.0,3.0,7,50
60,53,8,4,3,21,14,30.0,1597.0,2.0,120.0,1717.0,30.0,15,7,15.0,8.0,24.0,1225.0,8,488.0,1713.0,34.0,3.0,7,50
60,53,8,4,4,22,14,31.0,1650.0,1.0,60.0,1710.0,37.0,31,7,16.0,8.0,25.0,1264.0,7,427.0,1691.0,56.0,4.0,7,50
60,53,9,2,2,18,14,28.0,1491.0,4.0,240.0,1731.0,16.0,7,7,12.0,8.0,22.0,1127.0,8,488.0,1615.0,132.0,3.0,7,50
60,53,9,3,3,20,14,30.0,1597.0,2.0,120.0,1717.0,30.0,15,7,14.0,8.0,24.0,1222.0,8,488.0,1710.0,37.0,3.0,7,50
60,53,9,3,4,21,14,31.0,1650.0,1.0,60.0,1710.0,37.0,31,7,15.0,8.0,25.0,1261.0,7,427.0,1688.0,59.0,4.0,7,50
60,53,9,4,3,21,14,31.0,1650.0,1.0,60.0,1710.0,37.0,31,7,15.0,8.0,25.0,1278.0,7,427.0,1705.0,42.0,4.0,7,50
60,53,10,2,2,18,14,29.0,1544.0,3.0,180.0,1724.0,23.0,10,7,12.0,8.0,23.0,1180.0,8,488.0,1668.0,79.0,3.0,7,50
60,53,10,3,3,20,14,31.0,1650.0,1.0,60.0,1710.0,37.0,31,7,14.0,8.0,25.0,1275.0,7,427.0,1702.0,45.0,4.0,7,50
60,53,11,2,2,18,14,30.0,1597.0,2.0,120.0,1717.0,30.0,15,7,12.0,8.0,24.0,1233.0,8,488.0,1721.0,26.0,3.0,7,50
60,53,12,2,2,18,14,31.0,1650.0,1.0,60.0,1710.0,37.0,31,7,12.0,8.0,25.0,1286.0,7,427.0,1713.0,34.0,4.0,7,50
60,55,3,2,2,18,14,22.0,1215.0,8.0,480.0,1695.0,52.0,3,5,12.0,8.0,16.0,815.0,8,488.0,1303.0,444.0,2.0,5,50
60,55,3,3,3,20,14,24.0,1325.0,6.0,360.0,1685.0,62.0,4,5,14.0,8.0,18.0,910.0,6,366.0,1276.0,471.0,3.0,5,50
60,55,3,3,4,21,14,25.0,1380.0,5.0,300.0,1680.0,67.0,5,5,15.0,8.0,19.0,949.0,7,427.0,1376.0,371.0,3.0,5,50
60,55,3,4,3,21,14,25.0,1380.0,5.0,300.0,1680.0,67.0,5,5,15.0,8.0,19.0,966.0,7,427.0,1393.0,354.0,3.0,5,50
60,55,3,4,4,22,14,26.0,1435.0,5.0,300.0,1735.0,12.0,6,5,16.0,8.0,20.0,1005.0,7,427.0,1432.0,315.0,3.0,5,50
60,55,4,2,2,18,14,23.0,1270.0,6.0,360.0,1630.0,117.0,4,5,12.0,8.0,17.0,870.0,6,366.0,1236.0,511.0,3.0,5,50
60,55,4,3,3,20,14,25.0,1380.0,5.0,300.0,1680.0,67.0,5,5,14.0,8.0,19.0,965.0,7,427.0,1392.0,355.0,3.0,5,50
60,55,4,3,4,21,14,26.0,1435.0,5.0,300.0,1735.0,12.0,6,5,15.0,8.0,20.0,1004.0,7,427.0,1431.0,316.0,3.0,5,50
60,55,4,4,3,21,14,26.0,1435.0,5.0,300.0,1735.0,12.0,6,5,15.0,8.0,20.0,1021.0,7,427.0,1448.0,299.0,3.0,5,50
60,55,4,4,4,22,14,27.0,1490.0,4.0,240.0,1730.0,17.0,7,5,16.0,8.0,21.0,1060.0,7,427.0,1487.0,260.0,3.0,5,50
60,55,5,2,2,18,14,24.0,1325.0,6.0,360.0,1685.0,62.0,4,5,12.0,8.0,18.0,925.0,6,366.0,1291.0,456.0,3.0,5,50
60,55,5,3,3,20,14,26.0,1435.0,5.0,300.0,1735.0,12.0,6,5,14.0,8.0,20.0,1020.0,7,427.0,1447.0,300.0,3.0,5,50
60,55,5,3,4,21,14,27.0,1490.0,4.0,240.0,1730.0,17.0,7,5,15.0,8.0,21.0,1059.0,7,427.0,1486.0,261.0,3.0,5,50
60,55,5,4,3,21,14,27.0,1490.0,4.0,240.0,1730.0,17.0,7,5,15.0,8.0,21.0,1076.0,7,427.0,1503.0,244.0,3.0,5,50
60,55,5,4,4,22,14,28.0,1545.0,3.0,180.0,1725.0,22.0,10,5,16.0,8.0,22.0,1115.0,8,488.0,1603.0,144.0,3.0,5,50
60,55,6,2,2,18,14,25.0,1380.0,5.0,300.0,1680.0,67.0,5,5,12.0,8.0,19.0,980.0,7,427.0,1407.0,340.0,3.0,5,50
60,55,6,3,3,20,14,27.0,1490.0,4.0,240.0,1730.0,17.0,7,5,14.0,8.0,21.0,1075.0,7,427.0,1502.0,245.0,3.0,5,50
60,55,6,3,4,21,14,28.0,1545.0,3.0,180.0,1725.0,22.0,10,5,15.0,8.0,22.0,1114.0,8,488.0,1602.0,145.0,3.0,5,50
60,55,6,4,3,21,14,28.0,1545.0,3.0,180.0,1725.0,22.0,10,5,15.0,8.0,22.0,1131.0,8,488.0,1619.0,128.0,3.0,5,50
60,55,6,4,4,22,14,29.0,1600.0,2.0,120.0,1720.0,27.0,15,5,16.0,8.0,23.0,1170.0,8,488.0,1658.0,89.0,3.0,5,50
60,55,7,2,2,18,14,26.0,1435.0,5.0,300.0,1735.0,12.0,6,5,12.0,8.0,20.0,1035.0,7,427.0,1462.0,285.0,3.0,5,50
60,55,7,3,3,20,14,28.0,1545.0,3.0,180.0,1725.0,22.0,10,5,14.0,8.0,22.0,1130.0,8,488.0,1618.0,129.0,3.0,5,50
60,55,7,3,4,21,14,29.0,1600.0,2.0,120.0,1720.0,27.0,15,5,15.0,8.0,23.0,1169.0,8,488.0,1657.0,90.0,3.0,5,50
60,55,7,4,3,21,14,29.0,1600.0,2.0,120.0,1720.0,27.0,15,5,15.0,8.0,23.0,1186.0,8,488.0,1674.0,73.0,3.0,5,50
60,55,7,4,4,22,14,30.0,1655.0,1.0,60.0,1715.0,32.0,30,5,16.0,8.0,24.0,1225.0,8,488.0,1713.0,34.0,3.0,5,50
60,55,8,2,2,18,14,27.0,1490.0,4.0,240.0,1730.0,17.0,7,5,12.0,8.0,21.0,1090.0,7,427.0,1517.0,230.0,3.0,5,50
60,55,8,3,3,20,14,29.0,1600.0,2.0,120.0,1720.0,27.0,15,5,14.0,8.0,23.0,1185.0,8,488.0,1673.0,74.0,3.0,5,50
60,55,8,3,4,21,14,30.0,1655.0,1.0,60.0,1715.0,32.0,30,5,15.0,8.0,24.0,1224.0,8,488.0,1712.0,35.0,3.0,5,50
60,55,8,4,3,21,14,30.0,1655.0,1.0,60.0,1715.0,32.0,30,5,15.0,8.0,24.0,1241.0,8,488.0,1729.0,18.0,3.0,5,50
60,55,9,2,2,18,14,28.0,1545.0,3.0,180.0,1725.0,22.0,10,5,12.0,8.0,22.0,1145.0,8,488.0,1633.0,114.0,3.0,5,50
60,55,9,3,3,20,14,30.0,1655.0,1.0,60.0,1715.0,32.0,30,5,14.0,8.0,24.0,1240.0,8,488.0,1728.0,19.0,3.0,5,50
60,55,10,2,2,18,14,29.0,1600.0,2.0,120.0,1720.0,27.0,15,5,12.0,8.0,23.0,1200.0,8,488.0,1688.0,59.0,3.0,5,50
60,55,11,2,2,18,14,30.0,1655.0,1.0,60.0,1715.0,32.0,30,5,12.0,8.0,24.0,1255.0,8,488.0,1743.0,4.0,3.0,5,50
60,58,3,2,2,18,14,22.0,1278.0,6.0,360.0,1638.0,109.0,4,2,12.0,8.0,16.0,824.0,8,488.0,1312.0,435.0,2.0,2,50
60,58,3,3,3,20,14,24.0,1394.0,5.0,300.0,1694.0,53.0,5,2,14.0,8.0,18.0,919.0,6,366.0,1285.0,462.0,3.0,2,50
60,58,3,3,4,21,14,25.0,1452.0,4.0,240.0,1692.0,55.0,7,2,15.0,8.0,19.0,958.0,7,427.0,1385.0,362.0,3.0,2,50
60,58,3,4,3,21,14,25.0,1452.0,4.0,240.0,1692.0,55.0,7,2,15.0,8.0,19.0,975.0,7,427.0,1402.0,345.0,3.0,2,50
60,58,3,4,4,22,14,26.0,1510.0,3.0,180.0,1690.0,57.0,9,2,16.0,8.0,20.0,1014.0,7,427.0,1441.0,306.0,3.0,2,50
60,58,4,2,2,18,14,23.0,1336.0,6.0,360.0,1696.0,51.0,4,2,12.0,8.0,17.0,882.0,6,366.0,1248.0,499.0,3.0,2,50
60,58,4,3,3,20,14,25.0,1452.0,4.0,240.0,1692.0,55.0,7,2,14.0,8.0,19.0,977.0,7,427.0,1404.0,343.0,3.0,2,50
60,58,4,3,4,21,14,26.0,1510.0,3.0,180.0,1690.0,57.0,9,2,15.0,8.0,20.0,1016.0,7,427.0,1443.0,304.0,3.0,2,50
60,58,4,4,3,21,14,26.0,1510.0,3.0,180.0,1690.0,57.0,9,2,15.0,8.0,20.0,1033.0,7,427.0,1460.0,287.0,3.0,2,50
60,58,4,4,4,22,14,27.0,1568.0,2.0,120.0,1688.0,59.0,14,2,16.0,8.0,21.0,1072.0,7,427.0,1499.0,248.0,3.0,2,50
60,58,5,2,2,18,14,24.0,1394.0,5.0,300.0,1694.0,53.0,5,2,12.0,8.0,18.0,940.0,6,366.0,1306.0,441.0,3.0,2,50
60,58,5,3,3,20,14,26.0,1510.0,3.0,180.0,1690.0,57.0,9,2,14.0,8.0,20.0,1035.0,7,427.0,1462.0,285.0,3.0,2,50
60,58,5,3,4,21,14,27.0,1568.0,2.0,120.0,1688.0,59.0,14,2,15.0,8.0,21.0,1074.0,7,427.0,1501.0,246.0,3.0,2,50
60,58,5,4,3,21,14,27.0,1568.0,2.0,120.0,1688.0,59.0,14,2,15.0,8.0,21.0,1091.0,7,427.0,1518.0,229.0,3.0,2,50
60,58,5,4,4,22,14,28.0,1626.0,2.0,120.0,1746.0,1.0,14,2,16.0,8.0,22.0,1130.0,8,488.0,1618.0,129.0,3.0,2,50
60,58,6,2,2,18,14,25.0,1452.0,4.0,240.0,1692.0,55.0,7,2,12.0,8.0,19.0,998.0,7,427.0,1425.0,322.0,3.0,2,50
60,58,6,3,3,20,14,27.0,1568.0,2.0,120.0,1688.0,59.0,14,2,14.0,8.0,21.0,1093.0,7,427.0,1520.0,227.0,3.0,2,50
60,58,6,3,4,21,14,28.0,1626.0,2.0,120.0,1746.0,1.0,14,2,15.0,8.0,22.0,1132.0,8,488.0,1620.0,127.0,3.0,2,50
60,58,6,4,3,21,14,28.0,1626.0,2.0,120.0,1746.0,1.0,14,2,15.0,8.0,22.0,1149.0,8,488.0,1637.0,110.0,3.0,2,50
60,58,6,4,4,22,14,29.0,1684.0,1.0,60.0,1744.0,3.0,29,2,16.0,8.0,23.0,1188.0,8,488.0,1676.0,71.0,3.0,2,50
60,58,7,2,2,18,14,26.0,1510.0,3.0,180.0,1690.0,57.0,9,2,12.0,8.0,20.0,1056.0,7,427.0,1483.0,264.0,3.0,2,50
60,58,7,3,3,20,14,28.0,1626.0,2.0,120.0,1746.0,1.0,14,2,14.0,8.0,22.0,1151.0,8,488.0,1639.0,108.0,3.0,2,50
60,58,7,3,4,21,14,29.0,1684.0,1.0,60.0,1744.0,3.0,29,2,15.0,8.0,23.0,1190.0,8,488.0,1678.0,69.0,3.0,2,50
60,58,7,4,3,21,14,29.0,1684.0,1.0,60.0,1744.0,3.0,29,2,15.0,8.0,23.0,1207.0,8,488.0,1695.0,52.0,3.0,2,50
60,58,8,2,2,18,14,27.0,1568.0,2.0,120.0,1688.0,59.0,14,2,12.0,8.0,21.0,1114.0,7,427.0,1541.0,206.0,3.0,2,50
60,58,8,3,3,20,14,29.0,1684.0,1.0,60.0,1744.0,3.0,29,2,14.0,8.0,23.0,1209.0,8,488.0,1697.0,50.0,3.0,2,50
60,58,9,2,2,18,14,28.0,1626.0,2.0,120.0,1746.0,1.0,14,2,12.0,8.0,22.0,1172.0,8,488.0,1660.0,87.0,3.0,2,50
60,58,10,2,2,18,14,29.0,1684.0,1.0,60.0,1744.0,3.0,29,2,12.0,8.0,23.0,1230.0,8,488.0,1718.0,29.0,3.0,2,50
60,59,3,2,2,18,14,22.0,1299.0,6.0,360.0,1659.0,88.0,4,1,12.0,8.0,16.0,827.0,8,488.0,1315.0,432.0,2.0,1,50
60,59,3,3,3,20,14,24.0,1417.0,5.0,300.0,1717.0,30.0,5,1,14.0,8.0,18.0,922.0,6,366.0,1288.0,459.0,3.0,1,50
60,59,3,3,4,21,14,25.0,1476.0,4.0,240.0,1716.0,31.0,7,1,15.0,8.0,19.0,961.0,7,427.0,1388.0,359.0,3.0,1,50
60,59,3,4,3,21,14,25.0,1476.0,4.0,240.0,1716.0,31.0,7,1,15.0,8.0,19.0,978.0,7,427.0,1405.0,342.0,3.0,1,50
60,59,3,4,4,22,14,26.0,1535.0,3.0,180.0,1715.0,32.0,9,1,16.0,8.0,20.0,1017.0,7,427.0,1444.0,303.0,3.0,1,50
60,59,4,2,2,18,14,23.0,1358.0,6.0,360.0,1718.0,29.0,4,1,12.0,8.0,17.0,886.0,6,366.0,1252.0,495.0,3.0,1,50
60,59,4,3,3,20,14,25.0,1476.0,4.0,240.0,1716.0,31.0,7,1,14.0,8.0,19.0,981.0,7,427.0,1408.0,339.0,3.0,1,50
60,59,4,3,4,21,14,26.0,1535.0,3.0,180.0,1715.0,32.0,9,1,15.0,8.0,20.0,1020.0,7,427.0,1447.0,300.0,3.0,1,50
60,59,4,4,3,21,14,26.0,1535.0,3.0,180.0,1715.0,32.0,9,1,15.0,8.0,20.0,1037.0,7,427.0,1464.0,283.0,3.0,1,50
60,59,4,4,4,22,14,27.0,1594.0,2.0,120.0,1714.0,33.0,14,1,16.0,8.0,21.0,1076.0,7,427.0,1503.0,244.0,3.0,1,50
60,59,5,2,2,18,14,24.0,1417.0,5.0,300.0,1717.0,30.0,5,1,12.0,8.0,18.0,945.0,6,366.0,1311.0,436.0,3.0,1,50
60,59,5,3,3,20,14,26.0,1535.0,3.0,180.0,1715.0,32.0,9,1,14.0,8.0,20.0,1040.0,7,427.0,1467.0,280.0,3.0,1,50
60,59,5,3,4,21,14,27.0,1594.0,2.0,120.0,1714.0,33.0,14,1,15.0,8.0,21.0,1079.0,7,427.0,1506.0,241.0,3.0,1,50
60,59,5,4,3,21,14,27.0,1594.0,2.0,120.0,1714.0,33.0,14,1,15.0,8.0,21.0,1096.0,7,427.0,1523.0,224.0,3.0,1,50
60,59,5,4,4,22,14,28.0,1653.0,1.0,60.0,1713.0,34.0,28,1,16.0,8.0,22.0,1135.0,8,488.0,1623.0,124.0,3.0,1,50
60,59,6,2,2,18,14,25.0,1476.0,4.0,240.0,1716.0,31.0,7,1,12.0,8.0,19.0,1004.0,7,427.0,1431.0,316.0,3.0,1,50
60,59,6,3,3,20,14,27.0,1594.0,2.0,120.0,1714.0,33.0,14,1,14.0,8.0,21.0,1099.0,7,427.0,1526.0,221.0,3.0,1,50
60,59,6,3,4,21,14,28.0,1653.0,1.0,60.0,1713.0,34.0,28,1,15.0,8.0,22.0,1138.0,8,488.0,1626.0,121.0,3.0,1,50
60,59,6,4,3,21,14,28.0,1653.0,1.0,60.0,1713.0,34.0,28,1,15.0,8.0,22.0,1155.0,8,488.0,1643.0,104.0,3.0,1,50
60,59,7,2,2,18,14,26.0,1535.0,3.0,180.0,1715.0,32.0,9,1,12.0,8.0,20.0,1063.0,7,427.0,1490.0,257.0,3.0,1,50
60,59,7,3,3,20,14,28.0,1653.0,1.0,60.0,1713.0,34.0,28,1,14.0,8.0,22.0,1158.0,8,488.0,1646.0,101.0,3.0,1,50
60,59,8,2,2,18,14,27.0,1594.0,2.0,120.0,1714.0,33.0,14,1,12.0,8.0,21.0,1122.0,7,427.0,1549.0,198.0,3.0,1,50
60,59,9,2,2,18,14,28.0,1653.0,1.0,60.0,1713.0,34.0,28,1,12.0,8.0,22.0,1181.0,8,488.0,1669.0,78.0,3.0,1,50
