library,exp,logN,q0,delta,depth,dnum,PCount,logP,logQ,logQP,bound,margin,maxLevel,level,op,mean_us,std_us,reps,digits,ok,err
openfhe,2,15,60,40,13,7,2,120,580,700,881,181,13,13,add_cc,1472.949,17.864,30,L13=7;L12=7;L11=6;L10=6;L9=5;L8=5;L7=4;L6=4;L5=3;L4=3;L3=2;L2=2;L1=1,1,
openfhe,2,15,60,40,13,7,2,120,580,700,881,181,13,13,add_cp,1400.096,16.893,30,L13=7;L12=7;L11=6;L10=6;L9=5;L8=5;L7=4;L6=4;L5=3;L4=3;L3=2;L2=2;L1=1,1,
openfhe,2,15,60,40,13,7,2,120,580,700,881,181,13,13,mul_cp,2944.872,28.466,30,L13=7;L12=7;L11=6;L10=6;L9=5;L8=5;L7=4;L6=4;L5=3;L4=3;L3=2;L2=2;L1=1,1,
openfhe,2,15,60,40,13,7,2,120,580,700,881,181,13,13,mul_cc,9315.438,164.934,30,L13=7;L12=7;L11=6;L10=6;L9=5;L8=5;L7=4;L6=4;L5=3;L4=3;L3=2;L2=2;L1=1,1,
openfhe,2,15,60,40,13,7,2,120,580,700,881,181,13,13,mul_cc_rlk,145304.996,599.957,30,L13=7;L12=7;L11=6;L10=6;L9=5;L8=5;L7=4;L6=4;L5=3;L4=3;L3=2;L2=2;L1=1,1,
openfhe,2,15,60,40,13,7,2,120,580,700,881,181,13,13,relin,139955.382,612.291,30,L13=7;L12=7;L11=6;L10=6;L9=5;L8=5;L7=4;L6=4;L5=3;L4=3;L3=2;L2=2;L1=1,1,
openfhe,2,15,60,40,13,7,2,120,580,700,881,181,13,13,rescale,16058.512,64.278,30,L13=7;L12=7;L11=6;L10=6;L9=5;L8=5;L7=4;L6=4;L5=3;L4=3;L3=2;L2=2;L1=1,1,
openfhe,2,15,60,40,13,7,2,120,580,700,881,181,13,13,rot1,137906.482,510.991,30,L13=7;L12=7;L11=6;L10=6;L9=5;L8=5;L7=4;L6=4;L5=3;L4=3;L3=2;L2=2;L1=1,1,
openfhe,2,15,60,41,13,7,2,120,593,713,881,168,13,13,add_cc,1541.938,112.972,30,L13=7;L12=7;L11=6;L10=6;L9=5;L8=5;L7=4;L6=4;L5=3;L4=3;L3=2;L2=2;L1=1,1,
openfhe,2,15,60,41,13,7,2,120,593,713,881,168,13,13,add_cp,1428.868,187.671,30,L13=7;L12=7;L11=6;L10=6;L9=5;L8=5;L7=4;L6=4;L5=3;L4=3;L3=2;L2=2;L1=1,1,
openfhe,2,15,60,41,13,7,2,120,593,713,881,168,13,13,mul_cp,2946.654,22.656,30,L13=7;L12=7;L11=6;L10=6;L9=5;L8=5;L7=4;L6=4;L5=3;L4=3;L3=2;L2=2;L1=1,1,
openfhe,2,15,60,41,13,7,2,120,593,713,881,168,13,13,mul_cc,9293.245,151.505,30,L13=7;L12=7;L11=6;L10=6;L9=5;L8=5;L7=4;L6=4;L5=3;L4=3;L3=2;L2=2;L1=1,1,
openfhe,2,15,60,41,13,7,2,120,593,713,881,168,13,13,mul_cc_rlk,145236.673,522.055,30,L13=7;L12=7;L11=6;L10=6;L9=5;L8=5;L7=4;L6=4;L5=3;L4=3;L3=2;L2=2;L1=1,1,
openfhe,2,15,60,41,13,7,2,120,593,713,881,168,13,13,relin,140011.795,592.342,30,L13=7;L12=7;L11=6;L10=6;L9=5;L8=5;L7=4;L6=4;L5=3;L4=3;L3=2;L2=2;L1=1,1,
openfhe,2,15,60,41,13,7,2,120,593,713,881,168,13,13,rescale,16053.369,29.409,30,L13=7;L12=7;L11=6;L10=6;L9=5;L8=5;L7=4;L6=4;L5=3;L4=3;L3=2;L2=2;L1=1,1,
openfhe,2,15,60,41,13,7,2,120,593,713,881,168,13,13,rot1,138092.539,690.123,30,L13=7;L12=7;L11=6;L10=6;L9=5;L8=5;L7=4;L6=4;L5=3;L4=3;L3=2;L2=2;L1=1,1,
openfhe,2,15,60,42,13,7,2,120,606,726,881,155,13,13,add_cc,1583.893,108.926,30,L13=7;L12=7;L11=6;L10=6;L9=5;L8=5;L7=4;L6=4;L5=3;L4=3;L3=2;L2=2;L1=1,1,
openfhe,2,15,60,42,13,7,2,120,606,726,881,155,13,13,add_cp,1390.678,16.455,30,L13=7;L12=7;L11=6;L10=6;L9=5;L8=5;L7=4;L6=4;L5=3;L4=3;L3=2;L2=2;L1=1,1,
openfhe,2,15,60,42,13,7,2,120,606,726,881,155,13,13,mul_cp,2929.653,17.559,30,L13=7;L12=7;L11=6;L10=6;L9=5;L8=5;L7=4;L6=4;L5=3;L4=3;L3=2;L2=2;L1=1,1,
openfhe,2,15,60,42,13,7,2,120,606,726,881,155,13,13,mul_cc,9256.235,104.326,30,L13=7;L12=7;L11=6;L10=6;L9=5;L8=5;L7=4;L6=4;L5=3;L4=3;L3=2;L2=2;L1=1,1,
openfhe,2,15,60,42,13,7,2,120,606,726,881,155,13,13,mul_cc_rlk,145252.391,780.550,30,L13=7;L12=7;L11=6;L10=6;L9=5;L8=5;L7=4;L6=4;L5=3;L4=3;L3=2;L2=2;L1=1,1,
openfhe,2,15,60,42,13,7,2,120,606,726,881,155,13,13,relin,139873.318,769.816,30,L13=7;L12=7;L11=6;L10=6;L9=5;L8=5;L7=4;L6=4;L5=3;L4=3;L3=2;L2=2;L1=1,1,
openfhe,2,15,60,42,13,7,2,120,606,726,881,155,13,13,rescale,16049.414,30.454,30,L13=7;L12=7;L11=6;L10=6;L9=5;L8=5;L7=4;L6=4;L5=3;L4=3;L3=2;L2=2;L1=1,1,
openfhe,2,15,60,42,13,7,2,120,606,726,881,155,13,13,rot1,138019.187,629.285,30,L13=7;L12=7;L11=6;L10=6;L9=5;L8=5;L7=4;L6=4;L5=3;L4=3;L3=2;L2=2;L1=1,1,
openfhe,2,15,60,43,13,7,2,120,619,739,881,142,13,13,add_cc,1455.314,17.487,30,L13=7;L12=7;L11=6;L10=6;L9=5;L8=5;L7=4;L6=4;L5=3;L4=3;L3=2;L2=2;L1=1,1,
openfhe,2,15,60,43,13,7,2,120,619,739,881,142,13,13,add_cp,1381.271,16.593,30,L13=7;L12=7;L11=6;L10=6;L9=5;L8=5;L7=4;L6=4;L5=3;L4=3;L3=2;L2=2;L1=1,1,
openfhe,2,15,60,43,13,7,2,120,619,739,881,142,13,13,mul_cp,2958.234,165.649,30,L13=7;L12=7;L11=6;L10=6;L9=5;L8=5;L7=4;L6=4;L5=3;L4=3;L3=2;L2=2;L1=1,1,
openfhe,2,15,60,43,13,7,2,120,619,739,881,142,13,13,mul_cc,9146.038,82.176,30,L13=7;L12=7;L11=6;L10=6;L9=5;L8=5;L7=4;L6=4;L5=3;L4=3;L3=2;L2=2;L1=1,1,
openfhe,2,15,60,43,13,7,2,120,619,739,881,142,13,13,mul_cc_rlk,144202.365,616.783,30,L13=7;L12=7;L11=6;L10=6;L9=5;L8=5;L7=4;L6=4;L5=3;L4=3;L3=2;L2=2;L1=1,1,
openfhe,2,15,60,43,13,7,2,120,619,739,881,142,13,13,relin,138862.751,548.589,30,L13=7;L12=7;L11=6;L10=6;L9=5;L8=5;L7=4;L6=4;L5=3;L4=3;L3=2;L2=2;L1=1,1,
openfhe,2,15,60,43,13,7,2,120,619,739,881,142,13,13,rescale,16098.455,267.731,30,L13=7;L12=7;L11=6;L10=6;L9=5;L8=5;L7=4;L6=4;L5=3;L4=3;L3=2;L2=2;L1=1,1,
openfhe,2,15,60,43,13,7,2,120,619,739,881,142,13,13,rot1,137252.341,714.478,30,L13=7;L12=7;L11=6;L10=6;L9=5;L8=5;L7=4;L6=4;L5=3;L4=3;L3=2;L2=2;L1=1,1,
openfhe,2,15,60,44,13,7,2,120,632,752,881,129,13,13,add_cc,1515.682,27.075,30,L13=7;L12=7;L11=6;L10=6;L9=5;L8=5;L7=4;L6=4;L5=3;L4=3;L3=2;L2=2;L1=1,1,
openfhe,2,15,60,44,13,7,2,120,632,752,881,129,13,13,add_cp,1371.779,16.422,30,L13=7;L12=7;L11=6;L10=6;L9=5;L8=5;L7=4;L6=4;L5=3;L4=3;L3=2;L2=2;L1=1,1,
openfhe,2,15,60,44,13,7,2,120,632,752,881,129,13,13,mul_cp,2921.682,16.424,30,L13=7;L12=7;L11=6;L10=6;L9=5;L8=5;L7=4;L6=4;L5=3;L4=3;L3=2;L2=2;L1=1,1,
openfhe,2,15,60,44,13,7,2,120,632,752,881,129,13,13,mul_cc,9258.174,240.514,30,L13=7;L12=7;L11=6;L10=6;L9=5;L8=5;L7=4;L6=4;L5=3;L4=3;L3=2;L2=2;L1=1,1,
openfhe,2,15,60,44,13,7,2,120,632,752,881,129,13,13,mul_cc_rlk,144689.509,563.653,30,L13=7;L12=7;L11=6;L10=6;L9=5;L8=5;L7=4;L6=4;L5=3;L4=3;L3=2;L2=2;L1=1,1,
openfhe,2,15,60,44,13,7,2,120,632,752,881,129,13,13,relin,139167.220,580.359,30,L13=7;L12=7;L11=6;L10=6;L9=5;L8=5;L7=4;L6=4;L5=3;L4=3;L3=2;L2=2;L1=1,1,
openfhe,2,15,60,44,13,7,2,120,632,752,881,129,13,13,rescale,16049.628,43.458,30,L13=7;L12=7;L11=6;L10=6;L9=5;L8=5;L7=4;L6=4;L5=3;L4=3;L3=2;L2=2;L1=1,1,
openfhe,2,15,60,44,13,7,2,120,632,752,881,129,13,13,rot1,137157.398,549.256,30,L13=7;L12=7;L11=6;L10=6;L9=5;L8=5;L7=4;L6=4;L5=3;L4=3;L3=2;L2=2;L1=1,1,
openfhe,2,15,60,45,13,7,2,120,645,765,881,116,13,13,add_cc,1458.929,68.136,30,L13=7;L12=7;L11=6;L10=6;L9=5;L8=5;L7=4;L6=4;L5=3;L4=3;L3=2;L2=2;L1=1,1,
openfhe,2,15,60,45,13,7,2,120,645,765,881,116,13,13,add_cp,1377.043,17.216,30,L13=7;L12=7;L11=6;L10=6;L9=5;L8=5;L7=4;L6=4;L5=3;L4=3;L3=2;L2=2;L1=1,1,
openfhe,2,15,60,45,13,7,2,120,645,765,881,116,13,13,mul_cp,2924.782,20.762,30,L13=7;L12=7;L11=6;L10=6;L9=5;L8=5;L7=4;L6=4;L5=3;L4=3;L3=2;L2=2;L1=1,1,
openfhe,2,15,60,45,13,7,2,120,645,765,881,116,13,13,mul_cc,9177.616,182.267,30,L13=7;L12=7;L11=6;L10=6;L9=5;L8=5;L7=4;L6=4;L5=3;L4=3;L3=2;L2=2;L1=1,1,
openfhe,2,15,60,45,13,7,2,120,645,765,881,116,13,13,mul_cc_rlk,144221.639,574.445,30,L13=7;L12=7;L11=6;L10=6;L9=5;L8=5;L7=4;L6=4;L5=3;L4=3;L3=2;L2=2;L1=1,1,
openfhe,2,15,60,45,13,7,2,120,645,765,881,116,13,13,relin,139362.139,1131.263,30,L13=7;L12=7;L11=6;L10=6;L9=5;L8=5;L7=4;L6=4;L5=3;L4=3;L3=2;L2=2;L1=1,1,
openfhe,2,15,60,45,13,7,2,120,645,765,881,116,13,13,rescale,16088.099,161.583,30,L13=7;L12=7;L11=6;L10=6;L9=5;L8=5;L7=4;L6=4;L5=3;L4=3;L3=2;L2=2;L1=1,1,
openfhe,2,15,60,45,13,7,2,120,645,765,881,116,13,13,rot1,137189.146,751.157,30,L13=7;L12=7;L11=6;L10=6;L9=5;L8=5;L7=4;L6=4;L5=3;L4=3;L3=2;L2=2;L1=1,1,
openfhe,2,15,60,46,13,7,2,120,658,778,881,103,13,13,add_cc,1620.930,231.775,30,L13=7;L12=7;L11=6;L10=6;L9=5;L8=5;L7=4;L6=4;L5=3;L4=3;L3=2;L2=2;L1=1,1,
openfhe,2,15,60,46,13,7,2,120,658,778,881,103,13,13,add_cp,1370.355,20.092,30,L13=7;L12=7;L11=6;L10=6;L9=5;L8=5;L7=4;L6=4;L5=3;L4=3;L3=2;L2=2;L1=1,1,
openfhe,2,15,60,46,13,7,2,120,658,778,881,103,13,13,mul_cp,2920.148,20.439,30,L13=7;L12=7;L11=6;L10=6;L9=5;L8=5;L7=4;L6=4;L5=3;L4=3;L3=2;L2=2;L1=1,1,
openfhe,2,15,60,46,13,7,2,120,658,778,881,103,13,13,mul_cc,9184.307,98.753,30,L13=7;L12=7;L11=6;L10=6;L9=5;L8=5;L7=4;L6=4;L5=3;L4=3;L3=2;L2=2;L1=1,1,
openfhe,2,15,60,46,13,7,2,120,658,778,881,103,13,13,mul_cc_rlk,144028.274,701.396,30,L13=7;L12=7;L11=6;L10=6;L9=5;L8=5;L7=4;L6=4;L5=3;L4=3;L3=2;L2=2;L1=1,1,
openfhe,2,15,60,46,13,7,2,120,658,778,881,103,13,13,relin,139108.054,890.173,30,L13=7;L12=7;L11=6;L10=6;L9=5;L8=5;L7=4;L6=4;L5=3;L4=3;L3=2;L2=2;L1=1,1,
openfhe,2,15,60,46,13,7,2,120,658,778,881,103,13,13,rescale,16061.378,34.223,30,L13=7;L12=7;L11=6;L10=6;L9=5;L8=5;L7=4;L6=4;L5=3;L4=3;L3=2;L2=2;L1=1,1,
openfhe,2,15,60,46,13,7,2,120,658,778,881,103,13,13,rot1,137079.609,528.839,30,L13=7;L12=7;L11=6;L10=6;L9=5;L8=5;L7=4;L6=4;L5=3;L4=3;L3=2;L2=2;L1=1,1,
openfhe,2,15,60,47,13,7,2,120,671,791,881,90,13,13,add_cc,1459.817,89.340,30,L13=7;L12=7;L11=6;L10=6;L9=5;L8=5;L7=4;L6=4;L5=3;L4=3;L3=2;L2=2;L1=1,1,
openfhe,2,15,60,47,13,7,2,120,671,791,881,90,13,13,add_cp,1361.388,16.996,30,L13=7;L12=7;L11=6;L10=6;L9=5;L8=5;L7=4;L6=4;L5=3;L4=3;L3=2;L2=2;L1=1,1,
openfhe,2,15,60,47,13,7,2,120,671,791,881,90,13,13,mul_cp,2918.093,20.315,30,L13=7;L12=7;L11=6;L10=6;L9=5;L8=5;L7=4;L6=4;L5=3;L4=3;L3=2;L2=2;L1=1,1,
openfhe,2,15,60,47,13,7,2,120,671,791,881,90,13,13,mul_cc,9211.115,146.260,30,L13=7;L12=7;L11=6;L10=6;L9=5;L8=5;L7=4;L6=4;L5=3;L4=3;L3=2;L2=2;L1=1,1,
openfhe,2,15,60,47,13,7,2,120,671,791,881,90,13,13,mul_cc_rlk,137011.850,3319.832,30,L13=7;L12=7;L11=6;L10=6;L9=5;L8=5;L7=4;L6=4;L5=3;L4=3;L3=2;L2=2;L1=1,1,
openfhe,2,15,60,47,13,7,2,120,671,791,881,90,13,13,relin,132610.044,846.196,30,L13=7;L12=7;L11=6;L10=6;L9=5;L8=5;L7=4;L6=4;L5=3;L4=3;L3=2;L2=2;L1=1,1,
openfhe,2,15,60,47,13,7,2,120,671,791,881,90,13,13,rescale,16080.119,44.881,30,L13=7;L12=7;L11=6;L10=6;L9=5;L8=5;L7=4;L6=4;L5=3;L4=3;L3=2;L2=2;L1=1,1,
openfhe,2,15,60,47,13,7,2,120,671,791,881,90,13,13,rot1,128689.097,1134.355,30,L13=7;L12=7;L11=6;L10=6;L9=5;L8=5;L7=4;L6=4;L5=3;L4=3;L3=2;L2=2;L1=1,1,
openfhe,2,15,60,48,13,7,2,120,684,804,881,77,13,13,add_cc,1447.608,34.993,30,L13=7;L12=7;L11=6;L10=6;L9=5;L8=5;L7=4;L6=4;L5=3;L4=3;L3=2;L2=2;L1=1,1,
openfhe,2,15,60,48,13,7,2,120,684,804,881,77,13,13,add_cp,1366.891,17.904,30,L13=7;L12=7;L11=6;L10=6;L9=5;L8=5;L7=4;L6=4;L5=3;L4=3;L3=2;L2=2;L1=1,1,
openfhe,2,15,60,48,13,7,2,120,684,804,881,77,13,13,mul_cp,2913.531,17.281,30,L13=7;L12=7;L11=6;L10=6;L9=5;L8=5;L7=4;L6=4;L5=3;L4=3;L3=2;L2=2;L1=1,1,
openfhe,2,15,60,48,13,7,2,120,684,804,881,77,13,13,mul_cc,9429.400,1191.418,30,L13=7;L12=7;L11=6;L10=6;L9=5;L8=5;L7=4;L6=4;L5=3;L4=3;L3=2;L2=2;L1=1,1,
openfhe,2,15,60,48,13,7,2,120,684,804,881,77,13,13,mul_cc_rlk,144338.320,1801.268,30,L13=7;L12=7;L11=6;L10=6;L9=5;L8=5;L7=4;L6=4;L5=3;L4=3;L3=2;L2=2;L1=1,1,
openfhe,2,15,60,48,13,7,2,120,684,804,881,77,13,13,relin,138669.000,715.177,30,L13=7;L12=7;L11=6;L10=6;L9=5;L8=5;L7=4;L6=4;L5=3;L4=3;L3=2;L2=2;L1=1,1,
openfhe,2,15,60,48,13,7,2,120,684,804,881,77,13,13,rescale,16122.698,45.016,30,L13=7;L12=7;L11=6;L10=6;L9=5;L8=5;L7=4;L6=4;L5=3;L4=3;L3=2;L2=2;L1=1,1,
openfhe,2,15,60,48,13,7,2,120,684,804,881,77,13,13,rot1,137014.517,423.511,30,L13=7;L12=7;L11=6;L10=6;L9=5;L8=5;L7=4;L6=4;L5=3;L4=3;L3=2;L2=2;L1=1,1,
openfhe,2,15,60,49,13,7,2,120,697,817,881,64,13,13,add_cc,1441.012,50.103,30,L13=7;L12=7;L11=6;L10=6;L9=5;L8=5;L7=4;L6=4;L5=3;L4=3;L3=2;L2=2;L1=1,1,
openfhe,2,15,60,49,13,7,2,120,697,817,881,64,13,13,add_cp,1355.210,14.435,30,L13=7;L12=7;L11=6;L10=6;L9=5;L8=5;L7=4;L6=4;L5=3;L4=3;L3=2;L2=2;L1=1,1,
openfhe,2,15,60,49,13,7,2,120,697,817,881,64,13,13,mul_cp,2908.716,17.833,30,L13=7;L12=7;L11=6;L10=6;L9=5;L8=5;L7=4;L6=4;L5=3;L4=3;L3=2;L2=2;L1=1,1,
openfhe,2,15,60,49,13,7,2,120,697,817,881,64,13,13,mul_cc,9167.723,109.260,30,L13=7;L12=7;L11=6;L10=6;L9=5;L8=5;L7=4;L6=4;L5=3;L4=3;L3=2;L2=2;L1=1,1,
openfhe,2,15,60,49,13,7,2,120,697,817,881,64,13,13,mul_cc_rlk,144373.981,574.363,30,L13=7;L12=7;L11=6;L10=6;L9=5;L8=5;L7=4;L6=4;L5=3;L4=3;L3=2;L2=2;L1=1,1,
openfhe,2,15,60,49,13,7,2,120,697,817,881,64,13,13,relin,139210.211,916.791,30,L13=7;L12=7;L11=6;L10=6;L9=5;L8=5;L7=4;L6=4;L5=3;L4=3;L3=2;L2=2;L1=1,1,
openfhe,2,15,60,49,13,7,2,120,697,817,881,64,13,13,rescale,16052.853,37.730,30,L13=7;L12=7;L11=6;L10=6;L9=5;L8=5;L7=4;L6=4;L5=3;L4=3;L3=2;L2=2;L1=1,1,
openfhe,2,15,60,49,13,7,2,120,697,817,881,64,13,13,rot1,137137.520,437.903,30,L13=7;L12=7;L11=6;L10=6;L9=5;L8=5;L7=4;L6=4;L5=3;L4=3;L3=2;L2=2;L1=1,1,
openfhe,2,15,60,50,13,7,2,120,710,830,881,51,13,13,add_cc,1445.232,46.058,30,L13=7;L12=7;L11=6;L10=6;L9=5;L8=5;L7=4;L6=4;L5=3;L4=3;L3=2;L2=2;L1=1,1,
openfhe,2,15,60,50,13,7,2,120,710,830,881,51,13,13,add_cp,1361.208,17.051,30,L13=7;L12=7;L11=6;L10=6;L9=5;L8=5;L7=4;L6=4;L5=3;L4=3;L3=2;L2=2;L1=1,1,
openfhe,2,15,60,50,13,7,2,120,710,830,881,51,13,13,mul_cp,2914.710,16.240,30,L13=7;L12=7;L11=6;L10=6;L9=5;L8=5;L7=4;L6=4;L5=3;L4=3;L3=2;L2=2;L1=1,1,
openfhe,2,15,60,50,13,7,2,120,710,830,881,51,13,13,mul_cc,8543.510,114.847,30,L13=7;L12=7;L11=6;L10=6;L9=5;L8=5;L7=4;L6=4;L5=3;L4=3;L3=2;L2=2;L1=1,1,
openfhe,2,15,60,50,13,7,2,120,710,830,881,51,13,13,mul_cc_rlk,143634.355,738.553,30,L13=7;L12=7;L11=6;L10=6;L9=5;L8=5;L7=4;L6=4;L5=3;L4=3;L3=2;L2=2;L1=1,1,
openfhe,2,15,60,50,13,7,2,120,710,830,881,51,13,13,relin,138561.053,651.571,30,L13=7;L12=7;L11=6;L10=6;L9=5;L8=5;L7=4;L6=4;L5=3;L4=3;L3=2;L2=2;L1=1,1,
openfhe,2,15,60,50,13,7,2,120,710,830,881,51,13,13,rescale,16042.490,32.623,30,L13=7;L12=7;L11=6;L10=6;L9=5;L8=5;L7=4;L6=4;L5=3;L4=3;L3=2;L2=2;L1=1,1,
openfhe,2,15,60,50,13,7,2,120,710,830,881,51,13,13,rot1,137130.092,729.156,30,L13=7;L12=7;L11=6;L10=6;L9=5;L8=5;L7=4;L6=4;L5=3;L4=3;L3=2;L2=2;L1=1,1,
lattigo,2,15,60,40,13,7,2,120,580,700,881,181,13,13,add_cc,674.733,17.705,30,L13=7;L12=7;L11=6;L10=6;L9=5;L8=5;L7=4;L6=4;L5=3;L4=3;L3=2;L2=2;L1=1,1,
lattigo,2,15,60,40,13,7,2,120,580,700,881,181,13,13,add_cp,546.496,11.132,30,L13=7;L12=7;L11=6;L10=6;L9=5;L8=5;L7=4;L6=4;L5=3;L4=3;L3=2;L2=2;L1=1,1,
lattigo,2,15,60,40,13,7,2,120,580,700,881,181,13,13,mul_cp,1360.001,19.894,30,L13=7;L12=7;L11=6;L10=6;L9=5;L8=5;L7=4;L6=4;L5=3;L4=3;L3=2;L2=2;L1=1,1,
lattigo,2,15,60,40,13,7,2,120,580,700,881,181,13,13,mul_cc,3021.461,27.459,30,L13=7;L12=7;L11=6;L10=6;L9=5;L8=5;L7=4;L6=4;L5=3;L4=3;L3=2;L2=2;L1=1,1,
lattigo,2,15,60,40,13,7,2,120,580,700,881,181,13,13,mul_cc_rlk,79652.774,324.483,30,L13=7;L12=7;L11=6;L10=6;L9=5;L8=5;L7=4;L6=4;L5=3;L4=3;L3=2;L2=2;L1=1,1,
lattigo,2,15,60,40,13,7,2,120,580,700,881,181,13,13,relin,74464.648,231.241,30,L13=7;L12=7;L11=6;L10=6;L9=5;L8=5;L7=4;L6=4;L5=3;L4=3;L3=2;L2=2;L1=1,1,
lattigo,2,15,60,40,13,7,2,120,580,700,881,181,13,13,rescale,9477.004,41.824,30,L13=7;L12=7;L11=6;L10=6;L9=5;L8=5;L7=4;L6=4;L5=3;L4=3;L3=2;L2=2;L1=1,1,
lattigo,2,15,60,40,13,7,2,120,580,700,881,181,13,13,rot1,73771.591,217.143,30,L13=7;L12=7;L11=6;L10=6;L9=5;L8=5;L7=4;L6=4;L5=3;L4=3;L3=2;L2=2;L1=1,1,
lattigo,2,15,60,41,13,7,2,120,593,713,881,168,13,13,add_cc,771.896,17.094,30,L13=7;L12=7;L11=6;L10=6;L9=5;L8=5;L7=4;L6=4;L5=3;L4=3;L3=2;L2=2;L1=1,1,
lattigo,2,15,60,41,13,7,2,120,593,713,881,168,13,13,add_cp,606.154,17.245,30,L13=7;L12=7;L11=6;L10=6;L9=5;L8=5;L7=4;L6=4;L5=3;L4=3;L3=2;L2=2;L1=1,1,
lattigo,2,15,60,41,13,7,2,120,593,713,881,168,13,13,mul_cp,1655.903,19.141,30,L13=7;L12=7;L11=6;L10=6;L9=5;L8=5;L7=4;L6=4;L5=3;L4=3;L3=2;L2=2;L1=1,1,
lattigo,2,15,60,41,13,7,2,120,593,713,881,168,13,13,mul_cc,3641.004,21.297,30,L13=7;L12=7;L11=6;L10=6;L9=5;L8=5;L7=4;L6=4;L5=3;L4=3;L3=2;L2=2;L1=1,1,
lattigo,2,15,60,41,13,7,2,120,593,713,881,168,13,13,mul_cc_rlk,82886.475,2597.864,30,L13=7;L12=7;L11=6;L10=6;L9=5;L8=5;L7=4;L6=4;L5=3;L4=3;L3=2;L2=2;L1=1,1,
lattigo,2,15,60,41,13,7,2,120,593,713,881,168,13,13,relin,73971.071,304.186,30,L13=7;L12=7;L11=6;L10=6;L9=5;L8=5;L7=4;L6=4;L5=3;L4=3;L3=2;L2=2;L1=1,1,
lattigo,2,15,60,41,13,7,2,120,593,713,881,168,13,13,rescale,9460.528,24.547,30,L13=7;L12=7;L11=6;L10=6;L9=5;L8=5;L7=4;L6=4;L5=3;L4=3;L3=2;L2=2;L1=1,1,
lattigo,2,15,60,41,13,7,2,120,593,713,881,168,13,13,rot1,74250.996,355.956,30,L13=7;L12=7;L11=6;L10=6;L9=5;L8=5;L7=4;L6=4;L5=3;L4=3;L3=2;L2=2;L1=1,1,
lattigo,2,15,60,42,13,7,2,120,606,726,881,155,13,13,add_cc,771.679,15.281,30,L13=7;L12=7;L11=6;L10=6;L9=5;L8=5;L7=4;L6=4;L5=3;L4=3;L3=2;L2=2;L1=1,1,
lattigo,2,15,60,42,13,7,2,120,606,726,881,155,13,13,add_cp,611.284,13.720,30,L13=7;L12=7;L11=6;L10=6;L9=5;L8=5;L7=4;L6=4;L5=3;L4=3;L3=2;L2=2;L1=1,1,
lattigo,2,15,60,42,13,7,2,120,606,726,881,155,13,13,mul_cp,1652.989,21.687,30,L13=7;L12=7;L11=6;L10=6;L9=5;L8=5;L7=4;L6=4;L5=3;L4=3;L3=2;L2=2;L1=1,1,
lattigo,2,15,60,42,13,7,2,120,606,726,881,155,13,13,mul_cc,3631.722,21.467,30,L13=7;L12=7;L11=6;L10=6;L9=5;L8=5;L7=4;L6=4;L5=3;L4=3;L3=2;L2=2;L1=1,1,
lattigo,2,15,60,42,13,7,2,120,606,726,881,155,13,13,mul_cc_rlk,80925.823,2466.813,30,L13=7;L12=7;L11=6;L10=6;L9=5;L8=5;L7=4;L6=4;L5=3;L4=3;L3=2;L2=2;L1=1,1,
lattigo,2,15,60,42,13,7,2,120,606,726,881,155,13,13,relin,73797.444,324.740,30,L13=7;L12=7;L11=6;L10=6;L9=5;L8=5;L7=4;L6=4;L5=3;L4=3;L3=2;L2=2;L1=1,1,
lattigo,2,15,60,42,13,7,2,120,606,726,881,155,13,13,rescale,9464.900,37.625,30,L13=7;L12=7;L11=6;L10=6;L9=5;L8=5;L7=4;L6=4;L5=3;L4=3;L3=2;L2=2;L1=1,1,
lattigo,2,15,60,42,13,7,2,120,606,726,881,155,13,13,rot1,74165.728,202.966,30,L13=7;L12=7;L11=6;L10=6;L9=5;L8=5;L7=4;L6=4;L5=3;L4=3;L3=2;L2=2;L1=1,1,
lattigo,2,15,60,43,13,7,2,120,619,739,881,142,13,13,add_cc,747.963,15.858,30,L13=7;L12=7;L11=6;L10=6;L9=5;L8=5;L7=4;L6=4;L5=3;L4=3;L3=2;L2=2;L1=1,1,
lattigo,2,15,60,43,13,7,2,120,619,739,881,142,13,13,add_cp,581.891,16.949,30,L13=7;L12=7;L11=6;L10=6;L9=5;L8=5;L7=4;L6=4;L5=3;L4=3;L3=2;L2=2;L1=1,1,
lattigo,2,15,60,43,13,7,2,120,619,739,881,142,13,13,mul_cp,1639.493,19.985,30,L13=7;L12=7;L11=6;L10=6;L9=5;L8=5;L7=4;L6=4;L5=3;L4=3;L3=2;L2=2;L1=1,1,
lattigo,2,15,60,43,13,7,2,120,619,739,881,142,13,13,mul_cc,3653.993,167.469,30,L13=7;L12=7;L11=6;L10=6;L9=5;L8=5;L7=4;L6=4;L5=3;L4=3;L3=2;L2=2;L1=1,1,
lattigo,2,15,60,43,13,7,2,120,619,739,881,142,13,13,mul_cc_rlk,81493.109,679.731,30,L13=7;L12=7;L11=6;L10=6;L9=5;L8=5;L7=4;L6=4;L5=3;L4=3;L3=2;L2=2;L1=1,1,
lattigo,2,15,60,43,13,7,2,120,619,739,881,142,13,13,relin,75757.563,431.938,30,L13=7;L12=7;L11=6;L10=6;L9=5;L8=5;L7=4;L6=4;L5=3;L4=3;L3=2;L2=2;L1=1,1,
lattigo,2,15,60,43,13,7,2,120,619,739,881,142,13,13,rescale,9573.668,63.932,30,L13=7;L12=7;L11=6;L10=6;L9=5;L8=5;L7=4;L6=4;L5=3;L4=3;L3=2;L2=2;L1=1,1,
lattigo,2,15,60,43,13,7,2,120,619,739,881,142,13,13,rot1,75370.615,1217.183,30,L13=7;L12=7;L11=6;L10=6;L9=5;L8=5;L7=4;L6=4;L5=3;L4=3;L3=2;L2=2;L1=1,1,
lattigo,2,15,60,44,13,7,2,120,632,752,881,129,13,13,add_cc,698.527,25.234,30,L13=7;L12=7;L11=6;L10=6;L9=5;L8=5;L7=4;L6=4;L5=3;L4=3;L3=2;L2=2;L1=1,1,
lattigo,2,15,60,44,13,7,2,120,632,752,881,129,13,13,add_cp,552.558,12.445,30,L13=7;L12=7;L11=6;L10=6;L9=5;L8=5;L7=4;L6=4;L5=3;L4=3;L3=2;L2=2;L1=1,1,
lattigo,2,15,60,44,13,7,2,120,632,752,881,129,13,13,mul_cp,1382.455,21.718,30,L13=7;L12=7;L11=6;L10=6;L9=5;L8=5;L7=4;L6=4;L5=3;L4=3;L3=2;L2=2;L1=1,1,
lattigo,2,15,60,44,13,7,2,120,632,752,881,129,13,13,mul_cc,3265.187,57.418,30,L13=7;L12=7;L11=6;L10=6;L9=5;L8=5;L7=4;L6=4;L5=3;L4=3;L3=2;L2=2;L1=1,1,
lattigo,2,15,60,44,13,7,2,120,632,752,881,129,13,13,mul_cc_rlk,80242.612,819.794,30,L13=7;L12=7;L11=6;L10=6;L9=5;L8=5;L7=4;L6=4;L5=3;L4=3;L3=2;L2=2;L1=1,1,
lattigo,2,15,60,44,13,7,2,120,632,752,881,129,13,13,relin,73938.786,225.824,30,L13=7;L12=7;L11=6;L10=6;L9=5;L8=5;L7=4;L6=4;L5=3;L4=3;L3=2;L2=2;L1=1,1,
lattigo,2,15,60,44,13,7,2,120,632,752,881,129,13,13,rescale,9515.632,118.434,30,L13=7;L12=7;L11=6;L10=6;L9=5;L8=5;L7=4;L6=4;L5=3;L4=3;L3=2;L2=2;L1=1,1,
lattigo,2,15,60,44,13,7,2,120,632,752,881,129,13,13,rot1,73810.053,233.655,30,L13=7;L12=7;L11=6;L10=6;L9=5;L8=5;L7=4;L6=4;L5=3;L4=3;L3=2;L2=2;L1=1,1,
lattigo,2,15,60,45,13,7,2,120,645,765,881,116,13,13,add_cc,706.663,87.971,30,L13=7;L12=7;L11=6;L10=6;L9=5;L8=5;L7=4;L6=4;L5=3;L4=3;L3=2;L2=2;L1=1,1,
lattigo,2,15,60,45,13,7,2,120,645,765,881,116,13,13,add_cp,559.229,11.897,30,L13=7;L12=7;L11=6;L10=6;L9=5;L8=5;L7=4;L6=4;L5=3;L4=3;L3=2;L2=2;L1=1,1,
lattigo,2,15,60,45,13,7,2,120,645,765,881,116,13,13,mul_cp,1374.360,21.370,30,L13=7;L12=7;L11=6;L10=6;L9=5;L8=5;L7=4;L6=4;L5=3;L4=3;L3=2;L2=2;L1=1,1,
lattigo,2,15,60,45,13,7,2,120,645,765,881,116,13,13,mul_cc,3048.826,55.739,30,L13=7;L12=7;L11=6;L10=6;L9=5;L8=5;L7=4;L6=4;L5=3;L4=3;L3=2;L2=2;L1=1,1,
lattigo,2,15,60,45,13,7,2,120,645,765,881,116,13,13,mul_cc_rlk,79361.323,353.379,30,L13=7;L12=7;L11=6;L10=6;L9=5;L8=5;L7=4;L6=4;L5=3;L4=3;L3=2;L2=2;L1=1,1,
lattigo,2,15,60,45,13,7,2,120,645,765,881,116,13,13,relin,74040.676,247.686,30,L13=7;L12=7;L11=6;L10=6;L9=5;L8=5;L7=4;L6=4;L5=3;L4=3;L3=2;L2=2;L1=1,1,
lattigo,2,15,60,45,13,7,2,120,645,765,881,116,13,13,rescale,9461.820,28.618,30,L13=7;L12=7;L11=6;L10=6;L9=5;L8=5;L7=4;L6=4;L5=3;L4=3;L3=2;L2=2;L1=1,1,
lattigo,2,15,60,45,13,7,2,120,645,765,881,116,13,13,rot1,74003.862,254.842,30,L13=7;L12=7;L11=6;L10=6;L9=5;L8=5;L7=4;L6=4;L5=3;L4=3;L3=2;L2=2;L1=1,1,
lattigo,2,15,60,46,13,7,2,120,658,778,881,103,13,13,add_cc,675.298,13.624,30,L13=7;L12=7;L11=6;L10=6;L9=5;L8=5;L7=4;L6=4;L5=3;L4=3;L3=2;L2=2;L1=1,1,
lattigo,2,15,60,46,13,7,2,120,658,778,881,103,13,13,add_cp,549.034,11.991,30,L13=7;L12=7;L11=6;L10=6;L9=5;L8=5;L7=4;L6=4;L5=3;L4=3;L3=2;L2=2;L1=1,1,
lattigo,2,15,60,46,13,7,2,120,658,778,881,103,13,13,mul_cp,1387.534,16.232,30,L13=7;L12=7;L11=6;L10=6;L9=5;L8=5;L7=4;L6=4;L5=3;L4=3;L3=2;L2=2;L1=1,1,
lattigo,2,15,60,46,13,7,2,120,658,778,881,103,13,13,mul_cc,3052.001,18.557,30,L13=7;L12=7;L11=6;L10=6;L9=5;L8=5;L7=4;L6=4;L5=3;L4=3;L3=2;L2=2;L1=1,1,
lattigo,2,15,60,46,13,7,2,120,658,778,881,103,13,13,mul_cc_rlk,79188.819,439.588,30,L13=7;L12=7;L11=6;L10=6;L9=5;L8=5;L7=4;L6=4;L5=3;L4=3;L3=2;L2=2;L1=1,1,
lattigo,2,15,60,46,13,7,2,120,658,778,881,103,13,13,relin,74064.500,220.000,30,L13=7;L12=7;L11=6;L10=6;L9=5;L8=5;L7=4;L6=4;L5=3;L4=3;L3=2;L2=2;L1=1,1,
lattigo,2,15,60,46,13,7,2,120,658,778,881,103,13,13,rescale,9471.189,36.534,30,L13=7;L12=7;L11=6;L10=6;L9=5;L8=5;L7=4;L6=4;L5=3;L4=3;L3=2;L2=2;L1=1,1,
lattigo,2,15,60,46,13,7,2,120,658,778,881,103,13,13,rot1,73852.234,191.779,30,L13=7;L12=7;L11=6;L10=6;L9=5;L8=5;L7=4;L6=4;L5=3;L4=3;L3=2;L2=2;L1=1,1,
lattigo,2,15,60,47,13,7,2,120,671,791,881,90,13,13,add_cc,683.546,15.181,30,L13=7;L12=7;L11=6;L10=6;L9=5;L8=5;L7=4;L6=4;L5=3;L4=3;L3=2;L2=2;L1=1,1,
lattigo,2,15,60,47,13,7,2,120,671,791,881,90,13,13,add_cp,554.699,10.538,30,L13=7;L12=7;L11=6;L10=6;L9=5;L8=5;L7=4;L6=4;L5=3;L4=3;L3=2;L2=2;L1=1,1,
lattigo,2,15,60,47,13,7,2,120,671,791,881,90,13,13,mul_cp,1376.002,18.831,30,L13=7;L12=7;L11=6;L10=6;L9=5;L8=5;L7=4;L6=4;L5=3;L4=3;L3=2;L2=2;L1=1,1,
lattigo,2,15,60,47,13,7,2,120,671,791,881,90,13,13,mul_cc,2989.562,27.390,30,L13=7;L12=7;L11=6;L10=6;L9=5;L8=5;L7=4;L6=4;L5=3;L4=3;L3=2;L2=2;L1=1,1,
lattigo,2,15,60,47,13,7,2,120,671,791,881,90,13,13,mul_cc_rlk,79310.351,342.879,30,L13=7;L12=7;L11=6;L10=6;L9=5;L8=5;L7=4;L6=4;L5=3;L4=3;L3=2;L2=2;L1=1,1,
lattigo,2,15,60,47,13,7,2,120,671,791,881,90,13,13,relin,74282.230,378.311,30,L13=7;L12=7;L11=6;L10=6;L9=5;L8=5;L7=4;L6=4;L5=3;L4=3;L3=2;L2=2;L1=1,1,
lattigo,2,15,60,47,13,7,2,120,671,791,881,90,13,13,rescale,9519.413,123.644,30,L13=7;L12=7;L11=6;L10=6;L9=5;L8=5;L7=4;L6=4;L5=3;L4=3;L3=2;L2=2;L1=1,1,
lattigo,2,15,60,47,13,7,2,120,671,791,881,90,13,13,rot1,74141.896,417.498,30,L13=7;L12=7;L11=6;L10=6;L9=5;L8=5;L7=4;L6=4;L5=3;L4=3;L3=2;L2=2;L1=1,1,
lattigo,2,15,60,48,13,7,2,120,684,804,881,77,13,13,add_cc,685.409,12.025,30,L13=7;L12=7;L11=6;L10=6;L9=5;L8=5;L7=4;L6=4;L5=3;L4=3;L3=2;L2=2;L1=1,1,
lattigo,2,15,60,48,13,7,2,120,684,804,881,77,13,13,add_cp,556.771,12.886,30,L13=7;L12=7;L11=6;L10=6;L9=5;L8=5;L7=4;L6=4;L5=3;L4=3;L3=2;L2=2;L1=1,1,
lattigo,2,15,60,48,13,7,2,120,684,804,881,77,13,13,mul_cp,1367.115,19.621,30,L13=7;L12=7;L11=6;L10=6;L9=5;L8=5;L7=4;L6=4;L5=3;L4=3;L3=2;L2=2;L1=1,1,
lattigo,2,15,60,48,13,7,2,120,684,804,881,77,13,13,mul_cc,3045.933,30.794,30,L13=7;L12=7;L11=6;L10=6;L9=5;L8=5;L7=4;L6=4;L5=3;L4=3;L3=2;L2=2;L1=1,1,
lattigo,2,15,60,48,13,7,2,120,684,804,881,77,13,13,mul_cc_rlk,79194.962,252.452,30,L13=7;L12=7;L11=6;L10=6;L9=5;L8=5;L7=4;L6=4;L5=3;L4=3;L3=2;L2=2;L1=1,1,
lattigo,2,15,60,48,13,7,2,120,684,804,881,77,13,13,relin,74092.060,313.011,30,L13=7;L12=7;L11=6;L10=6;L9=5;L8=5;L7=4;L6=4;L5=3;L4=3;L3=2;L2=2;L1=1,1,
lattigo,2,15,60,48,13,7,2,120,684,804,881,77,13,13,rescale,9451.453,26.256,30,L13=7;L12=7;L11=6;L10=6;L9=5;L8=5;L7=4;L6=4;L5=3;L4=3;L3=2;L2=2;L1=1,1,
lattigo,2,15,60,48,13,7,2,120,684,804,881,77,13,13,rot1,74351.315,304.786,30,L13=7;L12=7;L11=6;L10=6;L9=5;L8=5;L7=4;L6=4;L5=3;L4=3;L3=2;L2=2;L1=1,1,
lattigo,2,15,60,49,13,7,2,120,697,817,881,64,13,13,add_cc,684.531,17.357,30,L13=7;L12=7;L11=6;L10=6;L9=5;L8=5;L7=4;L6=4;L5=3;L4=3;L3=2;L2=2;L1=1,1,
lattigo,2,15,60,49,13,7,2,120,697,817,881,64,13,13,add_cp,552.926,12.313,30,L13=7;L12=7;L11=6;L10=6;L9=5;L8=5;L7=4;L6=4;L5=3;L4=3;L3=2;L2=2;L1=1,1,
lattigo,2,15,60,49,13,7,2,120,697,817,881,64,13,13,mul_cp,1378.934,22.733,30,L13=7;L12=7;L11=6;L10=6;L9=5;L8=5;L7=4;L6=4;L5=3;L4=3;L3=2;L2=2;L1=1,1,
lattigo,2,15,60,49,13,7,2,120,697,817,881,64,13,13,mul_cc,3047.110,19.594,30,L13=7;L12=7;L11=6;L10=6;L9=5;L8=5;L7=4;L6=4;L5=3;L4=3;L3=2;L2=2;L1=1,1,
lattigo,2,15,60,49,13,7,2,120,697,817,881,64,13,13,mul_cc_rlk,79572.919,419.392,30,L13=7;L12=7;L11=6;L10=6;L9=5;L8=5;L7=4;L6=4;L5=3;L4=3;L3=2;L2=2;L1=1,1,
lattigo,2,15,60,49,13,7,2,120,697,817,881,64,13,13,relin,74150.945,298.977,30,L13=7;L12=7;L11=6;L10=6;L9=5;L8=5;L7=4;L6=4;L5=3;L4=3;L3=2;L2=2;L1=1,1,
lattigo,2,15,60,49,13,7,2,120,697,817,881,64,13,13,rescale,9492.367,26.030,30,L13=7;L12=7;L11=6;L10=6;L9=5;L8=5;L7=4;L6=4;L5=3;L4=3;L3=2;L2=2;L1=1,1,
lattigo,2,15,60,49,13,7,2,120,697,817,881,64,13,13,rot1,73749.641,433.635,30,L13=7;L12=7;L11=6;L10=6;L9=5;L8=5;L7=4;L6=4;L5=3;L4=3;L3=2;L2=2;L1=1,1,
lattigo,2,15,60,50,13,7,2,120,710,830,881,51,13,13,add_cc,675.712,15.814,30,L13=7;L12=7;L11=6;L10=6;L9=5;L8=5;L7=4;L6=4;L5=3;L4=3;L3=2;L2=2;L1=1,1,
lattigo,2,15,60,50,13,7,2,120,710,830,881,51,13,13,add_cp,555.381,12.918,30,L13=7;L12=7;L11=6;L10=6;L9=5;L8=5;L7=4;L6=4;L5=3;L4=3;L3=2;L2=2;L1=1,1,
lattigo,2,15,60,50,13,7,2,120,710,830,881,51,13,13,mul_cp,1353.401,20.584,30,L13=7;L12=7;L11=6;L10=6;L9=5;L8=5;L7=4;L6=4;L5=3;L4=3;L3=2;L2=2;L1=1,1,
lattigo,2,15,60,50,13,7,2,120,710,830,881,51,13,13,mul_cc,2971.214,27.481,30,L13=7;L12=7;L11=6;L10=6;L9=5;L8=5;L7=4;L6=4;L5=3;L4=3;L3=2;L2=2;L1=1,1,
lattigo,2,15,60,50,13,7,2,120,710,830,881,51,13,13,mul_cc_rlk,79725.318,305.729,30,L13=7;L12=7;L11=6;L10=6;L9=5;L8=5;L7=4;L6=4;L5=3;L4=3;L3=2;L2=2;L1=1,1,
lattigo,2,15,60,50,13,7,2,120,710,830,881,51,13,13,relin,74422.374,380.152,30,L13=7;L12=7;L11=6;L10=6;L9=5;L8=5;L7=4;L6=4;L5=3;L4=3;L3=2;L2=2;L1=1,1,
lattigo,2,15,60,50,13,7,2,120,710,830,881,51,13,13,rescale,9476.049,29.003,30,L13=7;L12=7;L11=6;L10=6;L9=5;L8=5;L7=4;L6=4;L5=3;L4=3;L3=2;L2=2;L1=1,1,
lattigo,2,15,60,50,13,7,2,120,710,830,881,51,13,13,rot1,74161.543,242.176,30,L13=7;L12=7;L11=6;L10=6;L9=5;L8=5;L7=4;L6=4;L5=3;L4=3;L3=2;L2=2;L1=1,1,
seal,2,15,60,40,13,14,1,60,580,640,881,241,13,13,add_cc,1123.867,30.240,30,L13=14;L12=13;L11=12;L10=11;L9=10;L8=9;L7=8;L6=7;L5=6;L4=5;L3=4;L2=3;L1=2,1,
seal,2,15,60,40,13,14,1,60,580,640,881,241,13,13,add_cp,763.158,16.295,30,L13=14;L12=13;L11=12;L10=11;L9=10;L8=9;L7=8;L6=7;L5=6;L4=5;L3=4;L2=3;L1=2,1,
seal,2,15,60,40,13,14,1,60,580,640,881,241,13,13,mul_cp,3262.943,20.736,30,L13=14;L12=13;L11=12;L10=11;L9=10;L8=9;L7=8;L6=7;L5=6;L4=5;L3=4;L2=3;L1=2,1,
seal,2,15,60,40,13,14,1,60,580,640,881,241,13,13,mul_cc,6685.470,31.270,30,L13=14;L12=13;L11=12;L10=11;L9=10;L8=9;L7=8;L6=7;L5=6;L4=5;L3=4;L2=3;L1=2,1,
seal,2,15,60,40,13,14,1,60,580,640,881,241,13,13,mul_cc_rlk,110573.526,706.943,30,L13=14;L12=13;L11=12;L10=11;L9=10;L8=9;L7=8;L6=7;L5=6;L4=5;L3=4;L2=3;L1=2,1,
seal,2,15,60,40,13,14,1,60,580,640,881,241,13,13,relin,105279.914,3942.343,30,L13=14;L12=13;L11=12;L10=11;L9=10;L8=9;L7=8;L6=7;L5=6;L4=5;L3=4;L2=3;L1=2,1,
seal,2,15,60,40,13,14,1,60,580,640,881,241,13,13,rescale,11162.009,53.713,30,L13=14;L12=13;L11=12;L10=11;L9=10;L8=9;L7=8;L6=7;L5=6;L4=5;L3=4;L2=3;L1=2,1,
seal,2,15,60,40,13,14,1,60,580,640,881,241,13,13,rot1,104948.680,678.277,30,L13=14;L12=13;L11=12;L10=11;L9=10;L8=9;L7=8;L6=7;L5=6;L4=5;L3=4;L2=3;L1=2,1,
seal,2,15,60,41,13,14,1,60,593,653,881,228,13,13,add_cc,1120.095,37.884,30,L13=14;L12=13;L11=12;L10=11;L9=10;L8=9;L7=8;L6=7;L5=6;L4=5;L3=4;L2=3;L1=2,1,
seal,2,15,60,41,13,14,1,60,593,653,881,228,13,13,add_cp,770.050,18.549,30,L13=14;L12=13;L11=12;L10=11;L9=10;L8=9;L7=8;L6=7;L5=6;L4=5;L3=4;L2=3;L1=2,1,
seal,2,15,60,41,13,14,1,60,593,653,881,228,13,13,mul_cp,3263.217,18.694,30,L13=14;L12=13;L11=12;L10=11;L9=10;L8=9;L7=8;L6=7;L5=6;L4=5;L3=4;L2=3;L1=2,1,
seal,2,15,60,41,13,14,1,60,593,653,881,228,13,13,mul_cc,6689.753,17.715,30,L13=14;L12=13;L11=12;L10=11;L9=10;L8=9;L7=8;L6=7;L5=6;L4=5;L3=4;L2=3;L1=2,1,
seal,2,15,60,41,13,14,1,60,593,653,881,228,13,13,mul_cc_rlk,110405.007,552.520,30,L13=14;L12=13;L11=12;L10=11;L9=10;L8=9;L7=8;L6=7;L5=6;L4=5;L3=4;L2=3;L1=2,1,
seal,2,15,60,41,13,14,1,60,593,653,881,228,13,13,relin,104079.123,670.327,30,L13=14;L12=13;L11=12;L10=11;L9=10;L8=9;L7=8;L6=7;L5=6;L4=5;L3=4;L2=3;L1=2,1,
seal,2,15,60,41,13,14,1,60,593,653,881,228,13,13,rescale,11114.510,26.956,30,L13=14;L12=13;L11=12;L10=11;L9=10;L8=9;L7=8;L6=7;L5=6;L4=5;L3=4;L2=3;L1=2,1,
seal,2,15,60,41,13,14,1,60,593,653,881,228,13,13,rot1,105155.965,762.658,30,L13=14;L12=13;L11=12;L10=11;L9=10;L8=9;L7=8;L6=7;L5=6;L4=5;L3=4;L2=3;L1=2,1,
seal,2,15,60,42,13,14,1,60,606,666,881,215,13,13,add_cc,1101.949,21.408,30,L13=14;L12=13;L11=12;L10=11;L9=10;L8=9;L7=8;L6=7;L5=6;L4=5;L3=4;L2=3;L1=2,1,
seal,2,15,60,42,13,14,1,60,606,666,881,215,13,13,add_cp,754.113,14.549,30,L13=14;L12=13;L11=12;L10=11;L9=10;L8=9;L7=8;L6=7;L5=6;L4=5;L3=4;L2=3;L1=2,1,
seal,2,15,60,42,13,14,1,60,606,666,881,215,13,13,mul_cp,3261.598,16.106,30,L13=14;L12=13;L11=12;L10=11;L9=10;L8=9;L7=8;L6=7;L5=6;L4=5;L3=4;L2=3;L1=2,1,
seal,2,15,60,42,13,14,1,60,606,666,881,215,13,13,mul_cc,6703.740,109.366,30,L13=14;L12=13;L11=12;L10=11;L9=10;L8=9;L7=8;L6=7;L5=6;L4=5;L3=4;L2=3;L1=2,1,
seal,2,15,60,42,13,14,1,60,606,666,881,215,13,13,mul_cc_rlk,110594.007,770.176,30,L13=14;L12=13;L11=12;L10=11;L9=10;L8=9;L7=8;L6=7;L5=6;L4=5;L3=4;L2=3;L1=2,1,
seal,2,15,60,42,13,14,1,60,606,666,881,215,13,13,relin,103989.547,844.989,30,L13=14;L12=13;L11=12;L10=11;L9=10;L8=9;L7=8;L6=7;L5=6;L4=5;L3=4;L2=3;L1=2,1,
seal,2,15,60,42,13,14,1,60,606,666,881,215,13,13,rescale,11108.210,21.990,30,L13=14;L12=13;L11=12;L10=11;L9=10;L8=9;L7=8;L6=7;L5=6;L4=5;L3=4;L2=3;L1=2,1,
seal,2,15,60,42,13,14,1,60,606,666,881,215,13,13,rot1,105094.322,736.907,30,L13=14;L12=13;L11=12;L10=11;L9=10;L8=9;L7=8;L6=7;L5=6;L4=5;L3=4;L2=3;L1=2,1,
seal,2,15,60,43,13,14,1,60,619,679,881,202,13,13,add_cc,1110.858,21.269,30,L13=14;L12=13;L11=12;L10=11;L9=10;L8=9;L7=8;L6=7;L5=6;L4=5;L3=4;L2=3;L1=2,1,
seal,2,15,60,43,13,14,1,60,619,679,881,202,13,13,add_cp,762.336,18.896,30,L13=14;L12=13;L11=12;L10=11;L9=10;L8=9;L7=8;L6=7;L5=6;L4=5;L3=4;L2=3;L1=2,1,
seal,2,15,60,43,13,14,1,60,619,679,881,202,13,13,mul_cp,3250.455,19.020,30,L13=14;L12=13;L11=12;L10=11;L9=10;L8=9;L7=8;L6=7;L5=6;L4=5;L3=4;L2=3;L1=2,1,
seal,2,15,60,43,13,14,1,60,619,679,881,202,13,13,mul_cc,6671.433,19.083,30,L13=14;L12=13;L11=12;L10=11;L9=10;L8=9;L7=8;L6=7;L5=6;L4=5;L3=4;L2=3;L1=2,1,
seal,2,15,60,43,13,14,1,60,619,679,881,202,13,13,mul_cc_rlk,110630.982,787.712,30,L13=14;L12=13;L11=12;L10=11;L9=10;L8=9;L7=8;L6=7;L5=6;L4=5;L3=4;L2=3;L1=2,1,
seal,2,15,60,43,13,14,1,60,619,679,881,202,13,13,relin,103897.893,544.710,30,L13=14;L12=13;L11=12;L10=11;L9=10;L8=9;L7=8;L6=7;L5=6;L4=5;L3=4;L2=3;L1=2,1,
seal,2,15,60,43,13,14,1,60,619,679,881,202,13,13,rescale,11135.501,30.504,30,L13=14;L12=13;L11=12;L10=11;L9=10;L8=9;L7=8;L6=7;L5=6;L4=5;L3=4;L2=3;L1=2,1,
seal,2,15,60,43,13,14,1,60,619,679,881,202,13,13,rot1,105056.343,763.699,30,L13=14;L12=13;L11=12;L10=11;L9=10;L8=9;L7=8;L6=7;L5=6;L4=5;L3=4;L2=3;L1=2,1,
seal,2,15,60,44,13,14,1,60,632,692,881,189,13,13,add_cc,1124.319,89.311,30,L13=14;L12=13;L11=12;L10=11;L9=10;L8=9;L7=8;L6=7;L5=6;L4=5;L3=4;L2=3;L1=2,1,
seal,2,15,60,44,13,14,1,60,632,692,881,189,13,13,add_cp,756.286,13.621,30,L13=14;L12=13;L11=12;L10=11;L9=10;L8=9;L7=8;L6=7;L5=6;L4=5;L3=4;L2=3;L1=2,1,
seal,2,15,60,44,13,14,1,60,632,692,881,189,13,13,mul_cp,3260.422,17.414,30,L13=14;L12=13;L11=12;L10=11;L9=10;L8=9;L7=8;L6=7;L5=6;L4=5;L3=4;L2=3;L1=2,1,
seal,2,15,60,44,13,14,1,60,632,692,881,189,13,13,mul_cc,6671.446,16.715,30,L13=14;L12=13;L11=12;L10=11;L9=10;L8=9;L7=8;L6=7;L5=6;L4=5;L3=4;L2=3;L1=2,1,
seal,2,15,60,44,13,14,1,60,632,692,881,189,13,13,mul_cc_rlk,111262.934,1614.080,30,L13=14;L12=13;L11=12;L10=11;L9=10;L8=9;L7=8;L6=7;L5=6;L4=5;L3=4;L2=3;L1=2,1,
seal,2,15,60,44,13,14,1,60,632,692,881,189,13,13,relin,104216.703,676.602,30,L13=14;L12=13;L11=12;L10=11;L9=10;L8=9;L7=8;L6=7;L5=6;L4=5;L3=4;L2=3;L1=2,1,
seal,2,15,60,44,13,14,1,60,632,692,881,189,13,13,rescale,11151.505,159.463,30,L13=14;L12=13;L11=12;L10=11;L9=10;L8=9;L7=8;L6=7;L5=6;L4=5;L3=4;L2=3;L1=2,1,
seal,2,15,60,44,13,14,1,60,632,692,881,189,13,13,rot1,105246.623,746.639,30,L13=14;L12=13;L11=12;L10=11;L9=10;L8=9;L7=8;L6=7;L5=6;L4=5;L3=4;L2=3;L1=2,1,
seal,2,15,60,45,13,14,1,60,645,705,881,176,13,13,add_cc,1098.888,20.322,30,L13=14;L12=13;L11=12;L10=11;L9=10;L8=9;L7=8;L6=7;L5=6;L4=5;L3=4;L2=3;L1=2,1,
seal,2,15,60,45,13,14,1,60,645,705,881,176,13,13,add_cp,753.402,13.423,30,L13=14;L12=13;L11=12;L10=11;L9=10;L8=9;L7=8;L6=7;L5=6;L4=5;L3=4;L2=3;L1=2,1,
seal,2,15,60,45,13,14,1,60,645,705,881,176,13,13,mul_cp,3278.056,39.685,30,L13=14;L12=13;L11=12;L10=11;L9=10;L8=9;L7=8;L6=7;L5=6;L4=5;L3=4;L2=3;L1=2,1,
seal,2,15,60,45,13,14,1,60,645,705,881,176,13,13,mul_cc,6680.080,19.339,30,L13=14;L12=13;L11=12;L10=11;L9=10;L8=9;L7=8;L6=7;L5=6;L4=5;L3=4;L2=3;L1=2,1,
seal,2,15,60,45,13,14,1,60,645,705,881,176,13,13,mul_cc_rlk,110209.057,772.489,30,L13=14;L12=13;L11=12;L10=11;L9=10;L8=9;L7=8;L6=7;L5=6;L4=5;L3=4;L2=3;L1=2,1,
seal,2,15,60,45,13,14,1,60,645,705,881,176,13,13,relin,104018.806,543.339,30,L13=14;L12=13;L11=12;L10=11;L9=10;L8=9;L7=8;L6=7;L5=6;L4=5;L3=4;L2=3;L1=2,1,
seal,2,15,60,45,13,14,1,60,645,705,881,176,13,13,rescale,11105.562,24.508,30,L13=14;L12=13;L11=12;L10=11;L9=10;L8=9;L7=8;L6=7;L5=6;L4=5;L3=4;L2=3;L1=2,1,
seal,2,15,60,45,13,14,1,60,645,705,881,176,13,13,rot1,105134.379,1006.412,30,L13=14;L12=13;L11=12;L10=11;L9=10;L8=9;L7=8;L6=7;L5=6;L4=5;L3=4;L2=3;L1=2,1,
seal,2,15,60,46,13,14,1,60,658,718,881,163,13,13,add_cc,1095.966,17.877,30,L13=14;L12=13;L11=12;L10=11;L9=10;L8=9;L7=8;L6=7;L5=6;L4=5;L3=4;L2=3;L1=2,1,
seal,2,15,60,46,13,14,1,60,658,718,881,163,13,13,add_cp,752.736,11.057,30,L13=14;L12=13;L11=12;L10=11;L9=10;L8=9;L7=8;L6=7;L5=6;L4=5;L3=4;L2=3;L1=2,1,
seal,2,15,60,46,13,14,1,60,658,718,881,163,13,13,mul_cp,3262.718,15.851,30,L13=14;L12=13;L11=12;L10=11;L9=10;L8=9;L7=8;L6=7;L5=6;L4=5;L3=4;L2=3;L1=2,1,
seal,2,15,60,46,13,14,1,60,658,718,881,163,13,13,mul_cc,6678.353,23.940,30,L13=14;L12=13;L11=12;L10=11;L9=10;L8=9;L7=8;L6=7;L5=6;L4=5;L3=4;L2=3;L1=2,1,
seal,2,15,60,46,13,14,1,60,658,718,881,163,13,13,mul_cc_rlk,110471.468,688.624,30,L13=14;L12=13;L11=12;L10=11;L9=10;L8=9;L7=8;L6=7;L5=6;L4=5;L3=4;L2=3;L1=2,1,
seal,2,15,60,46,13,14,1,60,658,718,881,163,13,13,relin,104133.580,731.792,30,L13=14;L12=13;L11=12;L10=11;L9=10;L8=9;L7=8;L6=7;L5=6;L4=5;L3=4;L2=3;L1=2,1,
seal,2,15,60,46,13,14,1,60,658,718,881,163,13,13,rescale,11116.460,29.500,30,L13=14;L12=13;L11=12;L10=11;L9=10;L8=9;L7=8;L6=7;L5=6;L4=5;L3=4;L2=3;L1=2,1,
seal,2,15,60,46,13,14,1,60,658,718,881,163,13,13,rot1,111542.946,5586.255,30,L13=14;L12=13;L11=12;L10=11;L9=10;L8=9;L7=8;L6=7;L5=6;L4=5;L3=4;L2=3;L1=2,1,
seal,2,15,60,47,13,14,1,60,671,731,881,150,13,13,add_cc,1092.986,17.439,30,L13=14;L12=13;L11=12;L10=11;L9=10;L8=9;L7=8;L6=7;L5=6;L4=5;L3=4;L2=3;L1=2,1,
seal,2,15,60,47,13,14,1,60,671,731,881,150,13,13,add_cp,752.329,10.799,30,L13=14;L12=13;L11=12;L10=11;L9=10;L8=9;L7=8;L6=7;L5=6;L4=5;L3=4;L2=3;L1=2,1,
seal,2,15,60,47,13,14,1,60,671,731,881,150,13,13,mul_cp,3264.367,20.273,30,L13=14;L12=13;L11=12;L10=11;L9=10;L8=9;L7=8;L6=7;L5=6;L4=5;L3=4;L2=3;L1=2,1,
seal,2,15,60,47,13,14,1,60,671,731,881,150,13,13,mul_cc,6680.370,17.514,30,L13=14;L12=13;L11=12;L10=11;L9=10;L8=9;L7=8;L6=7;L5=6;L4=5;L3=4;L2=3;L1=2,1,
seal,2,15,60,47,13,14,1,60,671,731,881,150,13,13,mul_cc_rlk,110444.076,945.332,30,L13=14;L12=13;L11=12;L10=11;L9=10;L8=9;L7=8;L6=7;L5=6;L4=5;L3=4;L2=3;L1=2,1,
seal,2,15,60,47,13,14,1,60,671,731,881,150,13,13,relin,103969.600,600.041,30,L13=14;L12=13;L11=12;L10=11;L9=10;L8=9;L7=8;L6=7;L5=6;L4=5;L3=4;L2=3;L1=2,1,
seal,2,15,60,47,13,14,1,60,671,731,881,150,13,13,rescale,11129.992,133.677,30,L13=14;L12=13;L11=12;L10=11;L9=10;L8=9;L7=8;L6=7;L5=6;L4=5;L3=4;L2=3;L1=2,1,
seal,2,15,60,47,13,14,1,60,671,731,881,150,13,13,rot1,104711.844,864.042,30,L13=14;L12=13;L11=12;L10=11;L9=10;L8=9;L7=8;L6=7;L5=6;L4=5;L3=4;L2=3;L1=2,1,
seal,2,15,60,48,13,14,1,60,684,744,881,137,13,13,add_cc,1092.998,16.225,30,L13=14;L12=13;L11=12;L10=11;L9=10;L8=9;L7=8;L6=7;L5=6;L4=5;L3=4;L2=3;L1=2,1,
seal,2,15,60,48,13,14,1,60,684,744,881,137,13,13,add_cp,754.517,13.750,30,L13=14;L12=13;L11=12;L10=11;L9=10;L8=9;L7=8;L6=7;L5=6;L4=5;L3=4;L2=3;L1=2,1,
seal,2,15,60,48,13,14,1,60,684,744,881,137,13,13,mul_cp,3258.969,18.804,30,L13=14;L12=13;L11=12;L10=11;L9=10;L8=9;L7=8;L6=7;L5=6;L4=5;L3=4;L2=3;L1=2,1,
seal,2,15,60,48,13,14,1,60,684,744,881,137,13,13,mul_cc,6674.326,15.190,30,L13=14;L12=13;L11=12;L10=11;L9=10;L8=9;L7=8;L6=7;L5=6;L4=5;L3=4;L2=3;L1=2,1,
seal,2,15,60,48,13,14,1,60,684,744,881,137,13,13,mul_cc_rlk,110846.854,891.901,30,L13=14;L12=13;L11=12;L10=11;L9=10;L8=9;L7=8;L6=7;L5=6;L4=5;L3=4;L2=3;L1=2,1,
seal,2,15,60,48,13,14,1,60,684,744,881,137,13,13,relin,104081.076,549.588,30,L13=14;L12=13;L11=12;L10=11;L9=10;L8=9;L7=8;L6=7;L5=6;L4=5;L3=4;L2=3;L1=2,1,
seal,2,15,60,48,13,14,1,60,684,744,881,137,13,13,rescale,11105.147,20.598,30,L13=14;L12=13;L11=12;L10=11;L9=10;L8=9;L7=8;L6=7;L5=6;L4=5;L3=4;L2=3;L1=2,1,
seal,2,15,60,48,13,14,1,60,684,744,881,137,13,13,rot1,105015.429,845.813,30,L13=14;L12=13;L11=12;L10=11;L9=10;L8=9;L7=8;L6=7;L5=6;L4=5;L3=4;L2=3;L1=2,1,
seal,2,15,60,49,13,14,1,60,697,757,881,124,13,13,add_cc,1099.033,22.591,30,L13=14;L12=13;L11=12;L10=11;L9=10;L8=9;L7=8;L6=7;L5=6;L4=5;L3=4;L2=3;L1=2,1,
seal,2,15,60,49,13,14,1,60,697,757,881,124,13,13,add_cp,752.525,11.571,30,L13=14;L12=13;L11=12;L10=11;L9=10;L8=9;L7=8;L6=7;L5=6;L4=5;L3=4;L2=3;L1=2,1,
seal,2,15,60,49,13,14,1,60,697,757,881,124,13,13,mul_cp,3260.388,12.982,30,L13=14;L12=13;L11=12;L10=11;L9=10;L8=9;L7=8;L6=7;L5=6;L4=5;L3=4;L2=3;L1=2,1,
seal,2,15,60,49,13,14,1,60,697,757,881,124,13,13,mul_cc,6681.194,16.672,30,L13=14;L12=13;L11=12;L10=11;L9=10;L8=9;L7=8;L6=7;L5=6;L4=5;L3=4;L2=3;L1=2,1,
seal,2,15,60,49,13,14,1,60,697,757,881,124,13,13,mul_cc_rlk,110843.132,753.683,30,L13=14;L12=13;L11=12;L10=11;L9=10;L8=9;L7=8;L6=7;L5=6;L4=5;L3=4;L2=3;L1=2,1,
seal,2,15,60,49,13,14,1,60,697,757,881,124,13,13,relin,103737.129,647.259,30,L13=14;L12=13;L11=12;L10=11;L9=10;L8=9;L7=8;L6=7;L5=6;L4=5;L3=4;L2=3;L1=2,1,
seal,2,15,60,49,13,14,1,60,697,757,881,124,13,13,rescale,11146.967,158.964,30,L13=14;L12=13;L11=12;L10=11;L9=10;L8=9;L7=8;L6=7;L5=6;L4=5;L3=4;L2=3;L1=2,1,
seal,2,15,60,49,13,14,1,60,697,757,881,124,13,13,rot1,105067.347,848.361,30,L13=14;L12=13;L11=12;L10=11;L9=10;L8=9;L7=8;L6=7;L5=6;L4=5;L3=4;L2=3;L1=2,1,
seal,2,15,60,50,13,14,1,60,710,770,881,111,13,13,add_cc,1110.092,26.595,30,L13=14;L12=13;L11=12;L10=11;L9=10;L8=9;L7=8;L6=7;L5=6;L4=5;L3=4;L2=3;L1=2,1,
seal,2,15,60,50,13,14,1,60,710,770,881,111,13,13,add_cp,767.410,14.402,30,L13=14;L12=13;L11=12;L10=11;L9=10;L8=9;L7=8;L6=7;L5=6;L4=5;L3=4;L2=3;L1=2,1,
seal,2,15,60,50,13,14,1,60,710,770,881,111,13,13,mul_cp,3262.376,21.410,30,L13=14;L12=13;L11=12;L10=11;L9=10;L8=9;L7=8;L6=7;L5=6;L4=5;L3=4;L2=3;L1=2,1,
seal,2,15,60,50,13,14,1,60,710,770,881,111,13,13,mul_cc,6704.878,155.472,30,L13=14;L12=13;L11=12;L10=11;L9=10;L8=9;L7=8;L6=7;L5=6;L4=5;L3=4;L2=3;L1=2,1,
seal,2,15,60,50,13,14,1,60,710,770,881,111,13,13,mul_cc_rlk,110609.422,765.558,30,L13=14;L12=13;L11=12;L10=11;L9=10;L8=9;L7=8;L6=7;L5=6;L4=5;L3=4;L2=3;L1=2,1,
seal,2,15,60,50,13,14,1,60,710,770,881,111,13,13,relin,103987.826,534.011,30,L13=14;L12=13;L11=12;L10=11;L9=10;L8=9;L7=8;L6=7;L5=6;L4=5;L3=4;L2=3;L1=2,1,
seal,2,15,60,50,13,14,1,60,710,770,881,111,13,13,rescale,11108.353,27.804,30,L13=14;L12=13;L11=12;L10=11;L9=10;L8=9;L7=8;L6=7;L5=6;L4=5;L3=4;L2=3;L1=2,1,
seal,2,15,60,50,13,14,1,60,710,770,881,111,13,13,rot1,105071.729,643.755,30,L13=14;L12=13;L11=12;L10=11;L9=10;L8=9;L7=8;L6=7;L5=6;L4=5;L3=4;L2=3;L1=2,1,
