preset,logN,q0,delta,depth,mode,op,level,openfhe_off_mt_ms,openfhe_off_mt_min,openfhe_off_mt_max,openfhe_off_mt_runs,openfhe_hexl_mt_ms,openfhe_hexl_mt_min,openfhe_hexl_mt_max,openfhe_hexl_mt_runs,openfhe_speedup,seal_off_mt_ms,seal_hexl_mt_ms,seal_hexl_mt_min,seal_hexl_mt_max,seal_hexl_mt_runs,seal_speedup,lattigo_off_mt_ms,lattigo_hexl_mt_ms,lattigo_speedup,openfhe_omp_speedup,openfhe_hexl_1t_speedup,openfhe_product_pred,openfhe_combined_actual,openfhe_attainment,winner_off_mt,winner_hexl_mt
A,15,60,42,12,mt,mul_cc_rlk,12,41.543,39.042,45.113,5,36.852,29.551,39.865,5,1.127,99.517,41.787,41.668,42.491,3,2.382,54.311,,,2.111,1.694,3.576,2.38,0.665,openfhe,openfhe
A,15,60,42,12,mt,mul_cc_rlk,6,22.417,21.063,26.083,5,16.618,14.794,17.624,5,1.349,34.681,14.458,14.224,14.504,3,2.399,27.516,,,1.906,1.742,3.321,2.572,0.774,openfhe,seal
A,15,60,42,12,mt,mul_cc_rlk,1,9.138,8.375,9.663,5,5.612,5.051,7.736,5,1.628,6.062,2.791,2.781,2.796,3,2.172,10.494,,,1.526,1.854,2.828,2.484,0.878,seal,seal
A,15,60,42,12,mt,relin,12,35.757,33.236,43.459,5,31.961,26.199,39.865,5,1.119,93.3,40.467,40.398,40.516,3,2.306,49.717,,,2.353,1.657,3.899,2.633,0.675,openfhe,openfhe
A,15,60,42,12,mt,relin,6,19.402,16.455,19.886,5,14.771,13.267,16.626,5,1.314,31.624,13.838,13.712,14.093,3,2.285,25.342,,,2.057,1.64,3.373,2.702,0.801,openfhe,seal
A,15,60,42,12,mt,relin,1,7.319,7.077,9.894,5,5.15,4.682,6.517,5,1.421,5.218,2.628,2.62,2.631,3,1.985,10.075,,,1.774,1.813,3.216,2.52,0.784,seal,seal
A,15,60,42,12,mt,rot1,12,34.455,29.751,39.119,5,30.683,28.699,36.246,5,1.123,93.767,42.005,41.661,42.361,3,2.232,49.675,,,2.364,1.671,3.95,2.654,0.672,openfhe,openfhe
A,15,60,42,12,mt,rot1,6,19.457,17.356,21.148,5,13.291,11.163,15.248,5,1.464,31.723,14.087,13.927,14.127,3,2.252,25.389,,,2.006,1.704,3.418,2.937,0.859,openfhe,openfhe
A,15,60,42,12,mt,rot1,1,9.197,8.491,10.613,5,5.827,4.74,6.328,5,1.578,5.244,2.662,2.659,2.67,3,1.97,10.094,,,1.426,1.784,2.544,2.25,0.885,seal,seal
