preset,logN,depth,delta,mode,library,dnum,PCount,logP,level,rep,enc_dec,rot1,ks_loss
A,15,12,42,1t,openfhe,3,4,240,1,0,30.3105,27.6549,2.6555999999999997
A,15,12,42,1t,openfhe,3,4,240,1,1,30.3263,27.8178,2.5085000000000015
A,15,12,42,1t,openfhe,3,4,240,1,2,30.3349,27.0824,3.2525000000000013
A,15,12,42,1t,openfhe,3,4,240,1,3,30.3298,27.8172,2.512599999999999
A,15,12,42,1t,openfhe,3,4,240,1,4,30.3081,27.1745,3.1336000000000013
A,15,12,42,1t,openfhe,3,4,240,1,5,30.3167,27.9332,2.3835000000000015
A,15,12,42,1t,openfhe,3,4,240,1,6,30.3175,27.089,3.2285000000000004
A,15,12,42,1t,openfhe,3,4,240,1,7,30.3123,27.9024,2.4099000000000004
A,15,12,42,1t,openfhe,3,4,240,1,8,30.3177,27.9422,2.375499999999999
A,15,12,42,1t,openfhe,3,4,240,1,9,30.3201,26.8559,3.4642000000000017
A,15,12,42,1t,openfhe,3,4,240,1,10,30.3118,27.5546,2.757200000000001
A,15,12,42,1t,openfhe,3,4,240,1,11,30.3061,26.0344,4.271699999999999
A,15,12,42,1t,openfhe,3,4,240,2,0,30.3205,27.6735,2.6469999999999985
A,15,12,42,1t,openfhe,3,4,240,2,1,30.3248,27.8223,2.5025000000000013
A,15,12,42,1t,openfhe,3,4,240,2,2,30.3146,27.0921,3.2225
A,15,12,42,1t,openfhe,3,4,240,2,3,30.3213,27.8108,2.5105000000000004
A,15,12,42,1t,openfhe,3,4,240,2,4,30.3124,27.2077,3.104700000000001
A,15,12,42,1t,openfhe,3,4,240,2,5,30.3162,27.9119,2.404299999999999
A,15,12,42,1t,openfhe,3,4,240,2,6,30.3185,27.0643,3.254200000000001
A,15,12,42,1t,openfhe,3,4,240,2,7,30.3195,27.9049,2.4146
A,15,12,42,1t,openfhe,3,4,240,2,8,30.3195,27.9211,2.3984000000000023
A,15,12,42,1t,openfhe,3,4,240,2,9,30.3186,26.8369,3.4817
A,15,12,42,1t,openfhe,3,4,240,2,10,30.3185,27.5512,2.7672999999999988
A,15,12,42,1t,openfhe,3,4,240,2,11,30.3213,26.0443,4.277000000000001
A,15,12,42,1t,openfhe,3,4,240,3,0,30.3391,27.6481,2.690999999999999
A,15,12,42,1t,openfhe,3,4,240,3,1,30.3096,27.8222,2.487400000000001
A,15,12,42,1t,openfhe,3,4,240,3,2,30.3298,27.0777,3.2520999999999987
A,15,12,42,1t,openfhe,3,4,240,3,3,30.3336,27.8043,2.529299999999999
A,15,12,42,1t,openfhe,3,4,240,3,4,30.3276,27.1888,3.1388
A,15,12,42,1t,openfhe,3,4,240,3,5,30.3231,27.9143,2.4087999999999994
A,15,12,42,1t,openfhe,3,4,240,3,6,30.3116,27.0866,3.224999999999998
A,15,12,42,1t,openfhe,3,4,240,3,7,30.3113,27.9177,2.3935999999999993
A,15,12,42,1t,openfhe,3,4,240,3,8,30.3177,27.914,2.403699999999997
A,15,12,42,1t,openfhe,3,4,240,3,9,30.3201,26.8362,3.4838999999999984
A,15,12,42,1t,openfhe,3,4,240,3,10,30.3253,27.5274,2.7978999999999985
A,15,12,42,1t,openfhe,3,4,240,3,11,30.3195,26.033,4.2865
A,15,12,42,1t,openfhe,3,4,240,4,0,30.3241,27.6599,2.664200000000001
A,15,12,42,1t,openfhe,3,4,240,4,1,30.3135,27.8202,2.4933000000000014
A,15,12,42,1t,openfhe,3,4,240,4,2,30.3207,27.0837,3.2369999999999983
A,15,12,42,1t,openfhe,3,4,240,4,3,30.3245,27.8216,2.5029000000000003
A,15,12,42,1t,openfhe,3,4,240,4,4,30.3155,27.1971,3.118400000000001
A,15,12,42,1t,openfhe,3,4,240,4,5,30.3178,27.9137,2.4040999999999997
A,15,12,42,1t,openfhe,3,4,240,4,6,30.3312,27.0904,3.2408
A,15,12,42,1t,openfhe,3,4,240,4,7,30.3178,27.9022,2.4155999999999977
A,15,12,42,1t,openfhe,3,4,240,4,8,30.3218,27.9195,2.4023000000000003
A,15,12,42,1t,openfhe,3,4,240,4,9,30.3263,26.8333,3.4929999999999986
A,15,12,42,1t,openfhe,3,4,240,4,10,30.3176,27.5244,2.793199999999999
A,15,12,42,1t,openfhe,3,4,240,4,11,30.3167,26.0453,4.2714
A,15,12,42,1t,openfhe,3,4,240,5,0,30.3281,27.6514,2.6767000000000003
A,15,12,42,1t,openfhe,3,4,240,5,1,30.3239,27.8252,2.4986999999999995
A,15,12,42,1t,openfhe,3,4,240,5,2,30.3129,27.0732,3.239699999999999
A,15,12,42,1t,openfhe,3,4,240,5,3,30.3323,27.8186,2.5137
A,15,12,42,1t,openfhe,3,4,240,5,4,30.3219,27.1984,3.1235
A,15,12,42,1t,openfhe,3,4,240,5,5,30.3197,27.9329,2.386800000000001
A,15,12,42,1t,openfhe,3,4,240,5,6,30.315,27.0935,3.2215000000000025
A,15,12,42,1t,openfhe,3,4,240,5,7,30.2976,27.8856,2.411999999999999
A,15,12,42,1t,openfhe,3,4,240,5,8,30.324,27.9524,2.371600000000001
A,15,12,42,1t,openfhe,3,4,240,5,9,30.3278,26.8432,3.4846000000000004
A,15,12,42,1t,openfhe,3,4,240,5,10,30.3185,27.5469,2.7715999999999994
A,15,12,42,1t,openfhe,3,4,240,5,11,30.3217,26.0379,4.283799999999999
A,15,12,42,1t,openfhe,3,4,240,6,0,30.3235,27.6608,2.662700000000001
A,15,12,42,1t,openfhe,3,4,240,6,1,30.3183,27.8202,2.498100000000001
A,15,12,42,1t,openfhe,3,4,240,6,2,30.3113,27.0793,3.2319999999999993
A,15,12,42,1t,openfhe,3,4,240,6,3,30.3212,27.8144,2.506800000000002
A,15,12,42,1t,openfhe,3,4,240,6,4,30.3093,27.2004,3.108900000000002
A,15,12,42,1t,openfhe,3,4,240,6,5,30.3237,27.9444,2.379299999999997
A,15,12,42,1t,openfhe,3,4,240,6,6,30.3289,27.0806,3.2483000000000004
A,15,12,42,1t,openfhe,3,4,240,6,7,30.3188,27.8897,2.4290999999999983
A,15,12,42,1t,openfhe,3,4,240,6,8,30.3074,27.93,2.3774000000000015
A,15,12,42,1t,openfhe,3,4,240,6,9,30.3141,26.8451,3.469000000000001
A,15,12,42,1t,openfhe,3,4,240,6,10,30.3266,27.531,2.7956000000000003
A,15,12,42,1t,openfhe,3,4,240,6,11,30.3101,26.0312,4.2789
A,15,12,42,1t,openfhe,3,4,240,7,0,30.3222,27.6514,2.6708
A,15,12,42,1t,openfhe,3,4,240,7,1,30.3145,27.8143,2.5001999999999995
A,15,12,42,1t,openfhe,3,4,240,7,2,30.3202,27.0823,3.2379
A,15,12,42,1t,openfhe,3,4,240,7,3,30.3332,27.8261,2.507100000000001
A,15,12,42,1t,openfhe,3,4,240,7,4,30.3198,27.2079,3.111900000000002
A,15,12,42,1t,openfhe,3,4,240,7,5,30.3179,27.9459,2.372
A,15,12,42,1t,openfhe,3,4,240,7,6,30.3169,27.0984,3.218499999999999
A,15,12,42,1t,openfhe,3,4,240,7,7,30.3035,27.8996,2.4039
A,15,12,42,1t,openfhe,3,4,240,7,8,30.3226,27.9283,2.394300000000001
A,15,12,42,1t,openfhe,3,4,240,7,9,30.3206,26.8261,3.4944999999999986
A,15,12,42,1t,openfhe,3,4,240,7,10,30.3295,27.5403,2.789200000000001
A,15,12,42,1t,openfhe,3,4,240,7,11,30.3075,26.0447,4.262800000000002
A,15,12,42,1t,openfhe,3,4,240,8,0,30.3016,27.6476,2.654
A,15,12,42,1t,openfhe,3,4,240,8,1,30.3099,27.84,2.469899999999999
A,15,12,42,1t,openfhe,3,4,240,8,2,30.337,27.0803,3.2566999999999986
A,15,12,42,1t,openfhe,3,4,240,8,3,30.3293,27.8352,2.4940999999999995
A,15,12,42,1t,openfhe,3,4,240,8,4,30.2968,27.1968,3.1000000000000014
A,15,12,42,1t,openfhe,3,4,240,8,5,30.3261,27.9376,2.3885000000000005
A,15,12,42,1t,openfhe,3,4,240,8,6,30.3109,27.09,3.2209000000000003
A,15,12,42,1t,openfhe,3,4,240,8,7,30.3073,27.8949,2.4124000000000017
A,15,12,42,1t,openfhe,3,4,240,8,8,30.3161,27.9267,2.3893999999999984
A,15,12,42,1t,openfhe,3,4,240,8,9,30.303,26.8471,3.4558999999999997
A,15,12,42,1t,openfhe,3,4,240,8,10,30.3144,27.5316,2.782799999999998
A,15,12,42,1t,openfhe,3,4,240,8,11,30.3152,26.0395,4.2757000000000005
A,15,12,42,1t,openfhe,3,4,240,9,0,30.312,27.6446,2.6674000000000007
A,15,12,42,1t,openfhe,3,4,240,9,1,30.3248,27.8212,2.5035999999999987
A,15,12,42,1t,openfhe,3,4,240,9,2,30.3127,27.0759,3.236799999999999
A,15,12,42,1t,openfhe,3,4,240,9,3,30.3186,27.8147,2.5039000000000016
A,15,12,42,1t,openfhe,3,4,240,9,4,30.3418,27.201,3.1407999999999987
A,15,12,42,1t,openfhe,3,4,240,9,5,30.3285,27.9194,2.4090999999999987
A,15,12,42,1t,openfhe,3,4,240,9,6,30.3085,27.0897,3.218799999999998
A,15,12,42,1t,openfhe,3,4,240,9,7,30.2929,27.8967,2.3962000000000003
A,15,12,42,1t,openfhe,3,4,240,9,8,30.3242,27.9197,2.4045000000000023
A,15,12,42,1t,openfhe,3,4,240,9,9,30.3068,26.8365,3.470299999999998
A,15,12,42,1t,openfhe,3,4,240,9,10,30.3089,27.555,2.7539000000000016
A,15,12,42,1t,openfhe,3,4,240,9,11,30.3271,26.0368,4.290300000000002
A,15,12,42,1t,openfhe,3,4,240,10,0,30.3163,27.6509,2.665399999999998
A,15,12,42,1t,openfhe,3,4,240,10,1,30.3152,27.8163,2.4989000000000026
A,15,12,42,1t,openfhe,3,4,240,10,2,30.3174,27.0731,3.244299999999999
A,15,12,42,1t,openfhe,3,4,240,10,3,30.3112,27.8335,2.4776999999999987
A,15,12,42,1t,openfhe,3,4,240,10,4,30.3277,27.1984,3.1293000000000006
A,15,12,42,1t,openfhe,3,4,240,10,5,30.3265,27.9279,2.3985999999999983
A,15,12,42,1t,openfhe,3,4,240,10,6,30.3096,27.0795,3.2301
A,15,12,42,1t,openfhe,3,4,240,10,7,30.3334,27.9103,2.4231000000000016
A,15,12,42,1t,openfhe,3,4,240,10,8,30.3163,27.9171,2.399199999999997
A,15,12,42,1t,openfhe,3,4,240,10,9,30.2933,26.8548,3.4384999999999977
A,15,12,42,1t,openfhe,3,4,240,10,10,30.3298,27.5266,2.8032000000000004
A,15,12,42,1t,openfhe,3,4,240,10,11,30.3196,26.029,4.290600000000001
A,15,12,42,1t,openfhe,3,4,240,11,0,30.3143,27.6513,2.6630000000000003
A,15,12,42,1t,openfhe,3,4,240,11,1,30.3149,27.8111,2.503800000000002
A,15,12,42,1t,openfhe,3,4,240,11,2,30.3219,27.0771,3.244799999999998
A,15,12,42,1t,openfhe,3,4,240,11,3,30.3199,27.8121,2.5077999999999996
A,15,12,42,1t,openfhe,3,4,240,11,4,30.3264,27.1864,3.1400000000000006
A,15,12,42,1t,openfhe,3,4,240,11,5,30.3146,27.9463,2.368299999999998
A,15,12,42,1t,openfhe,3,4,240,11,6,30.3289,27.078,3.2509000000000015
A,15,12,42,1t,openfhe,3,4,240,11,7,30.332,27.9156,2.4163999999999994
A,15,12,42,1t,openfhe,3,4,240,11,8,30.315,27.9404,2.374600000000001
A,15,12,42,1t,openfhe,3,4,240,11,9,30.3099,26.8303,3.479599999999998
A,15,12,42,1t,openfhe,3,4,240,11,10,30.3191,27.5264,2.7927
A,15,12,42,1t,openfhe,3,4,240,11,11,30.3092,26.0498,4.259399999999999
A,15,12,42,1t,openfhe,3,4,240,12,0,30.3024,27.6407,2.6616999999999997
A,15,12,42,1t,openfhe,3,4,240,12,1,30.3105,27.8282,2.482300000000002
A,15,12,42,1t,openfhe,3,4,240,12,2,30.3076,27.0639,3.2437000000000005
A,15,12,42,1t,openfhe,3,4,240,12,3,30.321,27.8138,2.507200000000001
A,15,12,42,1t,openfhe,3,4,240,12,4,30.3227,27.201,3.1217000000000006
A,15,12,42,1t,openfhe,3,4,240,12,5,30.3218,27.9356,2.3861999999999988
A,15,12,42,1t,openfhe,3,4,240,12,6,30.3054,27.1004,3.2049999999999983
A,15,12,42,1t,openfhe,3,4,240,12,7,30.3302,27.8916,2.438600000000001
A,15,12,42,1t,openfhe,3,4,240,12,8,30.3169,27.9256,2.391300000000001
A,15,12,42,1t,openfhe,3,4,240,12,9,30.311,26.8305,3.4804999999999993
A,15,12,42,1t,openfhe,3,4,240,12,10,30.3316,27.5459,2.785700000000002
A,15,12,42,1t,openfhe,3,4,240,12,11,30.3043,26.0401,4.264200000000002
A,15,12,42,1t,seal,13,1,60,1,0,33.6184,27.9891,5.629300000000001
A,15,12,42,1t,seal,13,1,60,1,1,33.6175,27.9801,5.6373999999999995
A,15,12,42,1t,seal,13,1,60,1,2,33.6043,27.9619,5.642400000000002
A,15,12,42,1t,seal,13,1,60,1,3,33.6175,27.9814,5.636099999999999
A,15,12,42,1t,seal,13,1,60,1,4,33.6126,27.9676,5.645
A,15,12,42,1t,seal,13,1,60,1,5,33.6156,27.9575,5.658100000000001
A,15,12,42,1t,seal,13,1,60,1,6,33.6254,27.9648,5.660599999999999
A,15,12,42,1t,seal,13,1,60,1,7,33.608,27.9753,5.632699999999996
A,15,12,42,1t,seal,13,1,60,1,8,33.6172,27.9679,5.649299999999997
A,15,12,42,1t,seal,13,1,60,1,9,33.6227,27.9815,5.641200000000001
A,15,12,42,1t,seal,13,1,60,1,10,33.6349,27.9771,5.657800000000002
A,15,12,42,1t,seal,13,1,60,1,11,33.6265,27.9674,5.659099999999999
A,15,12,42,1t,seal,13,1,60,2,0,33.6062,27.9869,5.619300000000003
A,15,12,42,1t,seal,13,1,60,2,1,33.6157,27.9809,5.6347999999999985
A,15,12,42,1t,seal,13,1,60,2,2,33.63,27.9575,5.672500000000003
A,15,12,42,1t,seal,13,1,60,2,3,33.6241,27.9882,5.6358999999999995
A,15,12,42,1t,seal,13,1,60,2,4,33.608,27.9801,5.627899999999997
A,15,12,42,1t,seal,13,1,60,2,5,33.625,27.9702,5.654800000000002
A,15,12,42,1t,seal,13,1,60,2,6,33.6022,27.9662,5.636000000000003
A,15,12,42,1t,seal,13,1,60,2,7,33.6292,27.9891,5.640099999999997
A,15,12,42,1t,seal,13,1,60,2,8,33.6217,27.9583,5.663399999999996
A,15,12,42,1t,seal,13,1,60,2,9,33.6284,27.9694,5.658999999999999
A,15,12,42,1t,seal,13,1,60,2,10,33.6133,27.9574,5.655900000000003
A,15,12,42,1t,seal,13,1,60,2,11,33.6207,27.9842,5.636499999999998
A,15,12,42,1t,seal,13,1,60,3,0,33.6171,27.9924,5.624700000000001
A,15,12,42,1t,seal,13,1,60,3,1,33.6161,27.9803,5.635800000000003
A,15,12,42,1t,seal,13,1,60,3,2,33.6116,27.9645,5.647100000000002
A,15,12,42,1t,seal,13,1,60,3,3,33.6091,27.9836,5.625499999999999
A,15,12,42,1t,seal,13,1,60,3,4,33.6015,27.9717,5.629800000000003
A,15,12,42,1t,seal,13,1,60,3,5,33.5981,27.9717,5.626400000000004
A,15,12,42,1t,seal,13,1,60,3,6,33.6206,27.9666,5.6540000000000035
A,15,12,42,1t,seal,13,1,60,3,7,33.6234,27.9825,5.640899999999995
A,15,12,42,1t,seal,13,1,60,3,8,33.612,27.9676,5.644400000000001
A,15,12,42,1t,seal,13,1,60,3,9,33.6255,27.9743,5.651200000000003
A,15,12,42,1t,seal,13,1,60,3,10,33.6217,27.9855,5.636199999999999
A,15,12,42,1t,seal,13,1,60,3,11,33.6031,27.9648,5.638299999999997
A,15,12,42,1t,seal,13,1,60,4,0,33.6222,27.9934,5.628799999999998
A,15,12,42,1t,seal,13,1,60,4,1,33.6105,27.9782,5.632300000000001
A,15,12,42,1t,seal,13,1,60,4,2,33.6191,27.9567,5.662400000000002
A,15,12,42,1t,seal,13,1,60,4,3,33.6299,27.9799,5.649999999999999
A,15,12,42,1t,seal,13,1,60,4,4,33.6271,27.9753,5.651799999999998
A,15,12,42,1t,seal,13,1,60,4,5,33.6126,27.9603,5.6523
A,15,12,42,1t,seal,13,1,60,4,6,33.6228,27.9589,5.663899999999998
A,15,12,42,1t,seal,13,1,60,4,7,33.6149,27.9751,5.6397999999999975
A,15,12,42,1t,seal,13,1,60,4,8,33.6299,27.9761,5.6538
A,15,12,42,1t,seal,13,1,60,4,9,33.6216,27.9652,5.656400000000001
A,15,12,42,1t,seal,13,1,60,4,10,33.6143,27.9584,5.655899999999999
A,15,12,42,1t,seal,13,1,60,4,11,33.611,27.9858,5.625199999999996
A,15,12,42,1t,seal,13,1,60,5,0,33.63,27.9813,5.648700000000002
A,15,12,42,1t,seal,13,1,60,5,1,33.606,27.9886,5.6174
A,15,12,42,1t,seal,13,1,60,5,2,33.6219,27.9628,5.659099999999995
A,15,12,42,1t,seal,13,1,60,5,3,33.6074,27.9742,5.633199999999999
A,15,12,42,1t,seal,13,1,60,5,4,33.6169,27.9656,5.651300000000003
A,15,12,42,1t,seal,13,1,60,5,5,33.6136,27.9616,5.6519999999999975
A,15,12,42,1t,seal,13,1,60,5,6,33.6189,27.9513,5.667599999999997
A,15,12,42,1t,seal,13,1,60,5,7,33.6024,27.9774,5.6250000000000036
A,15,12,42,1t,seal,13,1,60,5,8,33.6203,27.9635,5.6568000000000005
A,15,12,42,1t,seal,13,1,60,5,9,33.6136,27.9705,5.643099999999997
A,15,12,42,1t,seal,13,1,60,5,10,33.6101,27.9568,5.6533000000000015
A,15,12,42,1t,seal,13,1,60,5,11,33.6308,27.9779,5.652899999999999
A,15,12,42,1t,seal,13,1,60,6,0,33.6134,27.9945,5.6189
A,15,12,42,1t,seal,13,1,60,6,1,33.62,27.9819,5.638099999999998
A,15,12,42,1t,seal,13,1,60,6,2,33.6222,27.9604,5.6617999999999995
A,15,12,42,1t,seal,13,1,60,6,3,33.6337,27.9809,5.652799999999999
A,15,12,42,1t,seal,13,1,60,6,4,33.6302,27.9662,5.6640000000000015
A,15,12,42,1t,seal,13,1,60,6,5,33.6217,27.9551,5.666599999999995
A,15,12,42,1t,seal,13,1,60,6,6,33.6098,27.9591,5.6507000000000005
A,15,12,42,1t,seal,13,1,60,6,7,33.6269,27.9892,5.637699999999999
A,15,12,42,1t,seal,13,1,60,6,8,33.6112,27.9717,5.639499999999998
A,15,12,42,1t,seal,13,1,60,6,9,33.6112,27.9709,5.640299999999996
A,15,12,42,1t,seal,13,1,60,6,10,33.6127,27.971,5.641699999999997
A,15,12,42,1t,seal,13,1,60,6,11,33.6225,27.9803,5.6422000000000025
A,15,12,42,1t,seal,13,1,60,7,0,33.6143,27.995,5.619299999999999
A,15,12,42,1t,seal,13,1,60,7,1,33.6135,27.9608,5.652700000000003
A,15,12,42,1t,seal,13,1,60,7,2,33.6315,27.9577,5.6738000000000035
A,15,12,42,1t,seal,13,1,60,7,3,33.6212,27.9809,5.640300000000003
A,15,12,42,1t,seal,13,1,60,7,4,33.613,27.959,5.654
A,15,12,42,1t,seal,13,1,60,7,5,33.6236,27.9643,5.659300000000002
A,15,12,42,1t,seal,13,1,60,7,6,33.6209,27.9817,5.639199999999999
A,15,12,42,1t,seal,13,1,60,7,7,33.6174,27.988,5.629400000000004
A,15,12,42,1t,seal,13,1,60,7,8,33.6177,27.9729,5.6448
A,15,12,42,1t,seal,13,1,60,7,9,33.6111,27.9735,5.637599999999999
A,15,12,42,1t,seal,13,1,60,7,10,33.62,27.9626,5.657399999999999
A,15,12,42,1t,seal,13,1,60,7,11,33.6208,27.9706,5.650200000000002
A,15,12,42,1t,seal,13,1,60,8,0,33.6243,27.9903,5.633999999999997
A,15,12,42,1t,seal,13,1,60,8,1,33.616,27.9814,5.634599999999999
A,15,12,42,1t,seal,13,1,60,8,2,33.6241,27.963,5.661099999999998
A,15,12,42,1t,seal,13,1,60,8,3,33.6116,27.9883,5.623300000000004
A,15,12,42,1t,seal,13,1,60,8,4,33.6196,27.9759,5.643699999999999
A,15,12,42,1t,seal,13,1,60,8,5,33.6287,27.9626,5.666100000000004
A,15,12,42,1t,seal,13,1,60,8,6,33.6222,27.9634,5.658799999999999
A,15,12,42,1t,seal,13,1,60,8,7,33.6305,27.9919,5.638599999999997
A,15,12,42,1t,seal,13,1,60,8,8,33.6317,27.9735,5.658200000000001
A,15,12,42,1t,seal,13,1,60,8,9,33.6145,27.9762,5.638300000000001
A,15,12,42,1t,seal,13,1,60,8,10,33.6365,27.9622,5.674299999999999
A,15,12,42,1t,seal,13,1,60,8,11,33.6204,27.9775,5.642899999999997
A,15,12,42,1t,seal,13,1,60,9,0,33.6265,27.9873,5.639199999999999
A,15,12,42,1t,seal,13,1,60,9,1,33.614,27.98,5.633999999999997
A,15,12,42,1t,seal,13,1,60,9,2,33.6206,27.9599,5.660700000000002
A,15,12,42,1t,seal,13,1,60,9,3,33.621,27.9921,5.628900000000002
A,15,12,42,1t,seal,13,1,60,9,4,33.6182,27.9839,5.634300000000003
A,15,12,42,1t,seal,13,1,60,9,5,33.611,27.9455,5.665499999999998
A,15,12,42,1t,seal,13,1,60,9,6,33.6147,27.9658,5.648899999999998
A,15,12,42,1t,seal,13,1,60,9,7,33.6188,27.971,5.6478
A,15,12,42,1t,seal,13,1,60,9,8,33.6061,27.9742,5.631899999999998
A,15,12,42,1t,seal,13,1,60,9,9,33.6113,27.9695,5.6418
A,15,12,42,1t,seal,13,1,60,9,10,33.6278,27.9741,5.653700000000001
A,15,12,42,1t,seal,13,1,60,9,11,33.6209,27.9758,5.645099999999999
A,15,12,42,1t,seal,13,1,60,10,0,33.6211,27.9866,5.634499999999999
A,15,12,42,1t,seal,13,1,60,10,1,33.6158,27.9714,5.644400000000001
A,15,12,42,1t,seal,13,1,60,10,2,33.6187,27.9784,5.640299999999996
A,15,12,42,1t,seal,13,1,60,10,3,33.6275,27.9849,5.642599999999998
A,15,12,42,1t,seal,13,1,60,10,4,33.611,27.9623,5.648699999999998
A,15,12,42,1t,seal,13,1,60,10,5,33.6204,27.9671,5.653299999999998
A,15,12,42,1t,seal,13,1,60,10,6,33.6181,27.9673,5.650799999999997
A,15,12,42,1t,seal,13,1,60,10,7,33.6089,27.9917,5.617199999999997
A,15,12,42,1t,seal,13,1,60,10,8,33.6209,27.9445,5.6763999999999974
A,15,12,42,1t,seal,13,1,60,10,9,33.6129,27.9816,5.631300000000003
A,15,12,42,1t,seal,13,1,60,10,10,33.6211,27.9479,5.673199999999998
A,15,12,42,1t,seal,13,1,60,10,11,33.6237,27.9708,5.652899999999999
A,15,12,42,1t,seal,13,1,60,11,0,33.6328,27.9931,5.639700000000005
A,15,12,42,1t,seal,13,1,60,11,1,33.603,27.9687,5.634300000000003
A,15,12,42,1t,seal,13,1,60,11,2,33.6095,27.9647,5.6447999999999965
A,15,12,42,1t,seal,13,1,60,11,3,33.6167,27.9888,5.6279
A,15,12,42,1t,seal,13,1,60,11,4,33.6111,27.961,5.650100000000002
A,15,12,42,1t,seal,13,1,60,11,5,33.606,27.9641,5.641900000000003
A,15,12,42,1t,seal,13,1,60,11,6,33.6193,27.9709,5.648400000000002
A,15,12,42,1t,seal,13,1,60,11,7,33.6006,27.9857,5.614899999999999
A,15,12,42,1t,seal,13,1,60,11,8,33.6128,27.9841,5.6286999999999985
A,15,12,42,1t,seal,13,1,60,11,9,33.6069,27.9766,5.630300000000002
A,15,12,42,1t,seal,13,1,60,11,10,33.6196,27.9646,5.654999999999998
A,15,12,42,1t,seal,13,1,60,11,11,33.6111,27.9733,5.637800000000002
A,15,12,42,1t,seal,13,1,60,12,0,33.6311,27.9826,5.648500000000002
A,15,12,42,1t,seal,13,1,60,12,1,33.6107,27.9726,5.638100000000001
A,15,12,42,1t,seal,13,1,60,12,2,33.6161,27.9685,5.647600000000004
A,15,12,42,1t,seal,13,1,60,12,3,33.6187,27.9773,5.641399999999997
A,15,12,42,1t,seal,13,1,60,12,4,33.6329,27.9657,5.667200000000001
A,15,12,42,1t,seal,13,1,60,12,5,33.6179,27.9555,5.662399999999998
A,15,12,42,1t,seal,13,1,60,12,6,33.6304,27.9783,5.652100000000001
A,15,12,42,1t,seal,13,1,60,12,7,33.6205,27.9831,5.6373999999999995
A,15,12,42,1t,seal,13,1,60,12,8,33.6176,27.973,5.644600000000004
A,15,12,42,1t,seal,13,1,60,12,9,33.6122,27.9789,5.633300000000002
A,15,12,42,1t,seal,13,1,60,12,10,33.6071,27.9657,5.641400000000004
A,15,12,42,1t,seal,13,1,60,12,11,33.6399,27.9803,5.6595999999999975
A,15,12,42,mt,openfhe,3,4,240,1,0,30.32,26.4195,3.900500000000001
A,15,12,42,mt,openfhe,3,4,240,1,1,30.327,26.1384,4.188600000000001
A,15,12,42,mt,openfhe,3,4,240,1,2,30.3137,26.6396,3.6740999999999993
A,15,12,42,mt,openfhe,3,4,240,1,3,30.3151,26.6473,3.6677999999999997
A,15,12,42,mt,openfhe,3,4,240,1,4,30.3141,26.8695,3.444600000000001
A,15,12,42,mt,openfhe,3,4,240,1,5,30.327,28.1231,2.203900000000001
A,15,12,42,mt,openfhe,3,4,240,1,6,30.2978,27.1669,3.1309000000000005
A,15,12,42,mt,openfhe,3,4,240,1,7,30.3274,27.2016,3.1258000000000017
A,15,12,42,mt,openfhe,3,4,240,1,8,30.317,27.1136,3.2033999999999985
A,15,12,42,mt,openfhe,3,4,240,1,9,30.3073,27.7195,2.5878000000000014
A,15,12,42,mt,openfhe,3,4,240,1,10,30.3263,28.115,2.2113000000000014
A,15,12,42,mt,openfhe,3,4,240,1,11,30.3141,26.5384,3.7757000000000005
A,15,12,42,mt,openfhe,3,4,240,2,0,30.3206,26.4185,3.9020999999999972
A,15,12,42,mt,openfhe,3,4,240,2,1,30.3086,26.143,4.165599999999998
A,15,12,42,mt,openfhe,3,4,240,2,2,30.3233,26.628,3.6952999999999996
A,15,12,42,mt,openfhe,3,4,240,2,3,30.304,26.6764,3.6275999999999975
A,15,12,42,mt,openfhe,3,4,240,2,4,30.3186,26.8508,3.4678000000000004
A,15,12,42,mt,openfhe,3,4,240,2,5,30.3153,28.129,2.1862999999999992
A,15,12,42,mt,openfhe,3,4,240,2,6,30.3233,27.1571,3.1662
A,15,12,42,mt,openfhe,3,4,240,2,7,30.3139,27.1876,3.1263000000000005
A,15,12,42,mt,openfhe,3,4,240,2,8,30.3312,27.1075,3.2236999999999973
A,15,12,42,mt,openfhe,3,4,240,2,9,30.3148,27.7044,2.610400000000002
A,15,12,42,mt,openfhe,3,4,240,2,10,30.3244,28.0988,2.2256
A,15,12,42,mt,openfhe,3,4,240,2,11,30.3098,26.5315,3.778299999999998
A,15,12,42,mt,openfhe,3,4,240,3,0,30.314,26.4189,3.8950999999999993
A,15,12,42,mt,openfhe,3,4,240,3,1,30.3232,26.1544,4.168800000000001
A,15,12,42,mt,openfhe,3,4,240,3,2,30.3273,26.6271,3.7002000000000024
A,15,12,42,mt,openfhe,3,4,240,3,3,30.3266,26.6645,3.662099999999999
A,15,12,42,mt,openfhe,3,4,240,3,4,30.3221,26.8503,3.471799999999998
A,15,12,42,mt,openfhe,3,4,240,3,5,30.3071,28.0985,2.208599999999997
A,15,12,42,mt,openfhe,3,4,240,3,6,30.3158,27.1581,3.1576999999999984
A,15,12,42,mt,openfhe,3,4,240,3,7,30.3392,27.1898,3.1494
A,15,12,42,mt,openfhe,3,4,240,3,8,30.3191,27.1286,3.1905
A,15,12,42,mt,openfhe,3,4,240,3,9,30.3191,27.6979,2.621199999999998
A,15,12,42,mt,openfhe,3,4,240,3,10,30.3251,28.1155,2.2095999999999982
A,15,12,42,mt,openfhe,3,4,240,3,11,30.3171,26.5116,3.8054999999999986
A,15,12,42,mt,openfhe,3,4,240,4,0,30.3082,26.4258,3.8824000000000005
A,15,12,42,mt,openfhe,3,4,240,4,1,30.3081,26.1469,4.161200000000001
A,15,12,42,mt,openfhe,3,4,240,4,2,30.3245,26.6503,3.674199999999999
A,15,12,42,mt,openfhe,3,4,240,4,3,30.3187,26.6732,3.6454999999999984
A,15,12,42,mt,openfhe,3,4,240,4,4,30.3046,26.8549,3.4497
A,15,12,42,mt,openfhe,3,4,240,4,5,30.3336,28.1308,2.2028
A,15,12,42,mt,openfhe,3,4,240,4,6,30.3265,27.1631,3.1633999999999993
A,15,12,42,mt,openfhe,3,4,240,4,7,30.3275,27.2116,3.1159
A,15,12,42,mt,openfhe,3,4,240,4,8,30.3144,27.1292,3.1851999999999983
A,15,12,42,mt,openfhe,3,4,240,4,9,30.3147,27.7128,2.601899999999997
A,15,12,42,mt,openfhe,3,4,240,4,10,30.3332,28.1013,2.231900000000003
A,15,12,42,mt,openfhe,3,4,240,4,11,30.3188,26.5292,3.7896
A,15,12,42,mt,openfhe,3,4,240,5,0,30.3303,26.4171,3.9132
A,15,12,42,mt,openfhe,3,4,240,5,1,30.3202,26.1339,4.186299999999999
A,15,12,42,mt,openfhe,3,4,240,5,2,30.3212,26.623,3.6982
A,15,12,42,mt,openfhe,3,4,240,5,3,30.3091,26.6631,3.646000000000001
A,15,12,42,mt,openfhe,3,4,240,5,4,30.3309,26.8759,3.4549999999999983
A,15,12,42,mt,openfhe,3,4,240,5,5,30.3293,28.125,2.2043
A,15,12,42,mt,openfhe,3,4,240,5,6,30.3218,27.1752,3.1465999999999994
A,15,12,42,mt,openfhe,3,4,240,5,7,30.3074,27.1927,3.1147000000000027
A,15,12,42,mt,openfhe,3,4,240,5,8,30.3371,27.1323,3.2047999999999988
A,15,12,42,mt,openfhe,3,4,240,5,9,30.3265,27.7193,2.607199999999999
A,15,12,42,mt,openfhe,3,4,240,5,10,30.3164,28.0907,2.2257000000000033
A,15,12,42,mt,openfhe,3,4,240,5,11,30.3123,26.5263,3.7860000000000014
A,15,12,42,mt,openfhe,3,4,240,6,0,30.3275,26.4186,3.908899999999999
A,15,12,42,mt,openfhe,3,4,240,6,1,30.3373,26.1472,4.1900999999999975
A,15,12,42,mt,openfhe,3,4,240,6,2,30.3137,26.6525,3.661200000000001
A,15,12,42,mt,openfhe,3,4,240,6,3,30.3129,26.6635,3.6494
A,15,12,42,mt,openfhe,3,4,240,6,4,30.3191,26.8605,3.4586000000000006
A,15,12,42,mt,openfhe,3,4,240,6,5,30.327,28.1074,2.2196000000000033
A,15,12,42,mt,openfhe,3,4,240,6,6,30.3323,27.1665,3.165800000000001
A,15,12,42,mt,openfhe,3,4,240,6,7,30.3093,27.1912,3.118100000000002
A,15,12,42,mt,openfhe,3,4,240,6,8,30.3064,27.1135,3.1929000000000016
A,15,12,42,mt,openfhe,3,4,240,6,9,30.3034,27.7244,2.5790000000000006
A,15,12,42,mt,openfhe,3,4,240,6,10,30.3327,28.1083,2.2243999999999993
A,15,12,42,mt,openfhe,3,4,240,6,11,30.3124,26.5139,3.7985000000000007
A,15,12,42,mt,openfhe,3,4,240,7,0,30.3348,26.4268,3.9080000000000013
A,15,12,42,mt,openfhe,3,4,240,7,1,30.323,26.1329,4.190100000000001
A,15,12,42,mt,openfhe,3,4,240,7,2,30.317,26.6425,3.674500000000002
A,15,12,42,mt,openfhe,3,4,240,7,3,30.3202,26.6583,3.6618999999999993
A,15,12,42,mt,openfhe,3,4,240,7,4,30.3079,26.8755,3.4324000000000012
A,15,12,42,mt,openfhe,3,4,240,7,5,30.3124,28.11,2.202400000000001
A,15,12,42,mt,openfhe,3,4,240,7,6,30.3268,27.1679,3.158899999999999
A,15,12,42,mt,openfhe,3,4,240,7,7,30.3257,27.1893,3.136400000000002
A,15,12,42,mt,openfhe,3,4,240,7,8,30.3281,27.1178,3.2103
A,15,12,42,mt,openfhe,3,4,240,7,9,30.3101,27.7055,2.604599999999998
A,15,12,42,mt,openfhe,3,4,240,7,10,30.3204,28.121,2.1994000000000007
A,15,12,42,mt,openfhe,3,4,240,7,11,30.3184,26.5246,3.793800000000001
A,15,12,42,mt,openfhe,3,4,240,8,0,30.3236,26.4142,3.909399999999998
A,15,12,42,mt,openfhe,3,4,240,8,1,30.3158,26.1355,4.180299999999999
A,15,12,42,mt,openfhe,3,4,240,8,2,30.3294,26.6327,3.6967
A,15,12,42,mt,openfhe,3,4,240,8,3,30.3234,26.6494,3.6739999999999995
A,15,12,42,mt,openfhe,3,4,240,8,4,30.3331,26.8641,3.469000000000001
A,15,12,42,mt,openfhe,3,4,240,8,5,30.3242,28.1246,2.1996
A,15,12,42,mt,openfhe,3,4,240,8,6,30.3024,27.1516,3.1508000000000003
A,15,12,42,mt,openfhe,3,4,240,8,7,30.3174,27.2011,3.116299999999999
A,15,12,42,mt,openfhe,3,4,240,8,8,30.3071,27.1251,3.1819999999999986
A,15,12,42,mt,openfhe,3,4,240,8,9,30.3245,27.705,2.619500000000002
A,15,12,42,mt,openfhe,3,4,240,8,10,30.3261,28.0977,2.2284000000000006
A,15,12,42,mt,openfhe,3,4,240,8,11,30.2923,26.5225,3.7698
A,15,12,42,mt,openfhe,3,4,240,9,0,30.3155,26.4166,3.898900000000001
A,15,12,42,mt,openfhe,3,4,240,9,1,30.3139,26.1446,4.1693
A,15,12,42,mt,openfhe,3,4,240,9,2,30.3089,26.6325,3.676400000000001
A,15,12,42,mt,openfhe,3,4,240,9,3,30.3195,26.666,3.653500000000001
A,15,12,42,mt,openfhe,3,4,240,9,4,30.3111,26.8652,3.445899999999998
A,15,12,42,mt,openfhe,3,4,240,9,5,30.3176,28.1127,2.2048999999999985
A,15,12,42,mt,openfhe,3,4,240,9,6,30.3232,27.1487,3.1744999999999983
A,15,12,42,mt,openfhe,3,4,240,9,7,30.3283,27.1977,3.1305999999999976
A,15,12,42,mt,openfhe,3,4,240,9,8,30.3103,27.1243,3.186
A,15,12,42,mt,openfhe,3,4,240,9,9,30.3195,27.728,2.5915
A,15,12,42,mt,openfhe,3,4,240,9,10,30.3086,28.0906,2.218
A,15,12,42,mt,openfhe,3,4,240,9,11,30.3203,26.5376,3.7826999999999984
A,15,12,42,mt,openfhe,3,4,240,10,0,30.3222,26.4232,3.8989999999999974
A,15,12,42,mt,openfhe,3,4,240,10,1,30.3202,26.1455,4.174700000000001
A,15,12,42,mt,openfhe,3,4,240,10,2,30.3089,26.6331,3.6758000000000024
A,15,12,42,mt,openfhe,3,4,240,10,3,30.3165,26.6625,3.654
A,15,12,42,mt,openfhe,3,4,240,10,4,30.3189,26.8597,3.459199999999999
A,15,12,42,mt,openfhe,3,4,240,10,5,30.3246,28.1366,2.187999999999999
A,15,12,42,mt,openfhe,3,4,240,10,6,30.3201,27.1569,3.1632
A,15,12,42,mt,openfhe,3,4,240,10,7,30.2966,27.2005,3.0961
A,15,12,42,mt,openfhe,3,4,240,10,8,30.3175,27.1175,3.1999999999999993
A,15,12,42,mt,openfhe,3,4,240,10,9,30.3067,27.7021,2.604599999999998
A,15,12,42,mt,openfhe,3,4,240,10,10,30.323,28.0839,2.2391000000000005
A,15,12,42,mt,openfhe,3,4,240,10,11,30.3073,26.5384,3.768900000000002
A,15,12,42,mt,openfhe,3,4,240,11,0,30.3323,26.4222,3.9101
A,15,12,42,mt,openfhe,3,4,240,11,1,30.3166,26.1524,4.164200000000001
A,15,12,42,mt,openfhe,3,4,240,11,2,30.3051,26.6523,3.652799999999999
A,15,12,42,mt,openfhe,3,4,240,11,3,30.3137,26.659,3.654700000000002
A,15,12,42,mt,openfhe,3,4,240,11,4,30.3164,26.8608,3.4556000000000004
A,15,12,42,mt,openfhe,3,4,240,11,5,30.3138,28.1272,2.186600000000002
A,15,12,42,mt,openfhe,3,4,240,11,6,30.3169,27.1486,3.168300000000002
A,15,12,42,mt,openfhe,3,4,240,11,7,30.3264,27.2066,3.119799999999998
A,15,12,42,mt,openfhe,3,4,240,11,8,30.3149,27.1098,3.2051000000000016
A,15,12,42,mt,openfhe,3,4,240,11,9,30.3285,27.7041,2.624399999999998
A,15,12,42,mt,openfhe,3,4,240,11,10,30.3198,28.0982,2.2216000000000022
A,15,12,42,mt,openfhe,3,4,240,11,11,30.3264,26.5328,3.793599999999998
A,15,12,42,mt,openfhe,3,4,240,12,0,30.3107,26.4019,3.9087999999999994
A,15,12,42,mt,openfhe,3,4,240,12,1,30.3055,26.1453,4.1602
A,15,12,42,mt,openfhe,3,4,240,12,2,30.3222,26.6355,3.6866999999999983
A,15,12,42,mt,openfhe,3,4,240,12,3,30.3105,26.6595,3.651
A,15,12,42,mt,openfhe,3,4,240,12,4,30.3053,26.8591,3.4461999999999975
A,15,12,42,mt,openfhe,3,4,240,12,5,30.3157,28.1304,2.185299999999998
A,15,12,42,mt,openfhe,3,4,240,12,6,30.3215,27.1675,3.154
A,15,12,42,mt,openfhe,3,4,240,12,7,30.3226,27.2047,3.1179000000000023
A,15,12,42,mt,openfhe,3,4,240,12,8,30.3109,27.1259,3.1849999999999987
A,15,12,42,mt,openfhe,3,4,240,12,9,30.3355,27.7022,2.6332999999999984
A,15,12,42,mt,openfhe,3,4,240,12,10,30.3354,28.0891,2.2463000000000015
A,15,12,42,mt,openfhe,3,4,240,12,11,30.3218,26.5452,3.7765999999999984
A,15,12,42,mt,seal,13,1,60,1,0,33.6279,27.9383,5.689599999999995
A,15,12,42,mt,seal,13,1,60,1,1,33.6279,28.0004,5.627499999999998
A,15,12,42,mt,seal,13,1,60,1,2,33.617,27.9978,5.619199999999996
A,15,12,42,mt,seal,13,1,60,1,3,33.6243,27.9546,5.669699999999999
A,15,12,42,mt,seal,13,1,60,1,4,33.6212,27.9675,5.653700000000001
A,15,12,42,mt,seal,13,1,60,1,5,33.6012,27.9509,5.650299999999998
A,15,12,42,mt,seal,13,1,60,1,6,33.6225,27.9454,5.677100000000003
A,15,12,42,mt,seal,13,1,60,1,7,33.611,27.983,5.627999999999997
A,15,12,42,mt,seal,13,1,60,1,8,33.6046,27.9432,5.661399999999997
A,15,12,42,mt,seal,13,1,60,1,9,33.6118,27.9647,5.647100000000002
A,15,12,42,mt,seal,13,1,60,1,10,33.6266,27.9675,5.659100000000002
A,15,12,42,mt,seal,13,1,60,1,11,33.6156,27.9963,5.619299999999999
A,15,12,42,mt,seal,13,1,60,2,0,33.6138,27.9234,5.690399999999997
A,15,12,42,mt,seal,13,1,60,2,1,33.6127,27.9938,5.6188999999999965
A,15,12,42,mt,seal,13,1,60,2,2,33.6428,27.9929,5.649900000000002
A,15,12,42,mt,seal,13,1,60,2,3,33.6253,27.9446,5.680700000000002
A,15,12,42,mt,seal,13,1,60,2,4,33.614,27.9797,5.634299999999996
A,15,12,42,mt,seal,13,1,60,2,5,33.6011,27.941,5.6601000000000035
A,15,12,42,mt,seal,13,1,60,2,6,33.6106,27.9418,5.668799999999997
A,15,12,42,mt,seal,13,1,60,2,7,33.6191,27.9938,5.625300000000003
A,15,12,42,mt,seal,13,1,60,2,8,33.6328,27.9483,5.684500000000003
A,15,12,42,mt,seal,13,1,60,2,9,33.5977,27.9605,5.6372000000000035
A,15,12,42,mt,seal,13,1,60,2,10,33.6288,27.9657,5.6631
A,15,12,42,mt,seal,13,1,60,2,11,33.6093,28.0009,5.608399999999996
A,15,12,42,mt,seal,13,1,60,3,0,33.6302,27.9374,5.692800000000002
A,15,12,42,mt,seal,13,1,60,3,1,33.6225,27.9912,5.631300000000003
A,15,12,42,mt,seal,13,1,60,3,2,33.6234,27.9887,5.634699999999995
A,15,12,42,mt,seal,13,1,60,3,3,33.605,27.9575,5.647499999999997
A,15,12,42,mt,seal,13,1,60,3,4,33.6257,27.9605,5.665200000000002
A,15,12,42,mt,seal,13,1,60,3,5,33.6215,27.9381,5.683399999999999
A,15,12,42,mt,seal,13,1,60,3,6,33.6153,27.9365,5.678799999999999
A,15,12,42,mt,seal,13,1,60,3,7,33.6157,27.9731,5.642599999999998
A,15,12,42,mt,seal,13,1,60,3,8,33.599,27.95,5.648999999999997
A,15,12,42,mt,seal,13,1,60,3,9,33.6287,27.9572,5.671500000000002
A,15,12,42,mt,seal,13,1,60,3,10,33.6146,27.9675,5.647100000000002
A,15,12,42,mt,seal,13,1,60,3,11,33.6061,27.9841,5.621999999999996
A,15,12,42,mt,seal,13,1,60,4,0,33.6132,27.9244,5.6888000000000005
A,15,12,42,mt,seal,13,1,60,4,1,33.6093,28.0005,5.608799999999999
A,15,12,42,mt,seal,13,1,60,4,2,33.6107,27.9923,5.618400000000001
A,15,12,42,mt,seal,13,1,60,4,3,33.6249,27.9614,5.6634999999999955
A,15,12,42,mt,seal,13,1,60,4,4,33.6258,27.955,5.6708
A,15,12,42,mt,seal,13,1,60,4,5,33.6187,27.9554,5.663299999999996
A,15,12,42,mt,seal,13,1,60,4,6,33.6213,27.9447,5.676599999999997
A,15,12,42,mt,seal,13,1,60,4,7,33.6246,27.9766,5.648
A,15,12,42,mt,seal,13,1,60,4,8,33.6321,27.9521,5.68
A,15,12,42,mt,seal,13,1,60,4,9,33.6175,27.9585,5.658999999999999
A,15,12,42,mt,seal,13,1,60,4,10,33.6243,27.9805,5.643799999999999
A,15,12,42,mt,seal,13,1,60,4,11,33.6165,27.9898,5.626700000000003
A,15,12,42,mt,seal,13,1,60,5,0,33.606,27.9161,5.6899000000000015
A,15,12,42,mt,seal,13,1,60,5,1,33.6319,27.9924,5.639500000000002
A,15,12,42,mt,seal,13,1,60,5,2,33.6193,27.9773,5.642000000000003
A,15,12,42,mt,seal,13,1,60,5,3,33.616,27.9591,5.6569
A,15,12,42,mt,seal,13,1,60,5,4,33.6141,27.9737,5.6404
A,15,12,42,mt,seal,13,1,60,5,5,33.6179,27.9492,5.668699999999998
A,15,12,42,mt,seal,13,1,60,5,6,33.6365,27.932,5.7044999999999995
A,15,12,42,mt,seal,13,1,60,5,7,33.6188,27.9812,5.637599999999999
A,15,12,42,mt,seal,13,1,60,5,8,33.62,27.9551,5.664899999999996
A,15,12,42,mt,seal,13,1,60,5,9,33.6252,27.9494,5.675799999999999
A,15,12,42,mt,seal,13,1,60,5,10,33.6353,27.9751,5.6602
A,15,12,42,mt,seal,13,1,60,5,11,33.6225,28.0036,5.618900000000004
A,15,12,42,mt,seal,13,1,60,6,0,33.6078,27.93,5.677799999999998
A,15,12,42,mt,seal,13,1,60,6,1,33.6075,27.9836,5.623900000000003
A,15,12,42,mt,seal,13,1,60,6,2,33.6155,27.9908,5.624699999999997
A,15,12,42,mt,seal,13,1,60,6,3,33.6334,27.9513,5.682100000000002
A,15,12,42,mt,seal,13,1,60,6,4,33.6206,27.9688,5.6518000000000015
A,15,12,42,mt,seal,13,1,60,6,5,33.6198,27.9528,5.666999999999998
A,15,12,42,mt,seal,13,1,60,6,6,33.6168,27.9287,5.688099999999999
A,15,12,42,mt,seal,13,1,60,6,7,33.6075,27.9796,5.6279
A,15,12,42,mt,seal,13,1,60,6,8,33.6253,27.956,5.669300000000003
A,15,12,42,mt,seal,13,1,60,6,9,33.6047,27.9599,5.6448
A,15,12,42,mt,seal,13,1,60,6,10,33.6285,27.9764,5.652100000000001
A,15,12,42,mt,seal,13,1,60,6,11,33.6247,27.9816,5.643099999999997
A,15,12,42,mt,seal,13,1,60,7,0,33.619,27.932,5.687000000000001
A,15,12,42,mt,seal,13,1,60,7,1,33.6087,27.9892,5.619499999999999
A,15,12,42,mt,seal,13,1,60,7,2,33.6187,27.9893,5.629399999999997
A,15,12,42,mt,seal,13,1,60,7,3,33.6169,27.9605,5.656400000000001
A,15,12,42,mt,seal,13,1,60,7,4,33.6347,27.9634,5.671300000000002
A,15,12,42,mt,seal,13,1,60,7,5,33.6198,27.9495,5.6702999999999975
A,15,12,42,mt,seal,13,1,60,7,6,33.6286,27.9375,5.691099999999999
A,15,12,42,mt,seal,13,1,60,7,7,33.6136,27.9929,5.620699999999999
A,15,12,42,mt,seal,13,1,60,7,8,33.6204,27.9676,5.652799999999996
A,15,12,42,mt,seal,13,1,60,7,9,33.6079,27.968,5.639900000000001
A,15,12,42,mt,seal,13,1,60,7,10,33.6249,27.966,5.658899999999996
A,15,12,42,mt,seal,13,1,60,7,11,33.6012,28.0013,5.599899999999998
A,15,12,42,mt,seal,13,1,60,8,0,33.6247,27.93,5.694699999999997
A,15,12,42,mt,seal,13,1,60,8,1,33.6164,27.9962,5.620199999999997
A,15,12,42,mt,seal,13,1,60,8,2,33.6136,27.9922,5.621399999999998
A,15,12,42,mt,seal,13,1,60,8,3,33.6211,27.9673,5.653799999999997
A,15,12,42,mt,seal,13,1,60,8,4,33.618,27.9619,5.656100000000002
A,15,12,42,mt,seal,13,1,60,8,5,33.6075,27.9505,5.657
A,15,12,42,mt,seal,13,1,60,8,6,33.6047,27.9365,5.668200000000002
A,15,12,42,mt,seal,13,1,60,8,7,33.6144,27.9933,5.621100000000002
A,15,12,42,mt,seal,13,1,60,8,8,33.6082,27.9386,5.6695999999999955
A,15,12,42,mt,seal,13,1,60,8,9,33.624,27.9636,5.660400000000003
A,15,12,42,mt,seal,13,1,60,8,10,33.6292,27.9605,5.668699999999998
A,15,12,42,mt,seal,13,1,60,8,11,33.6139,27.9953,5.618600000000001
A,15,12,42,mt,seal,13,1,60,9,0,33.6175,27.9324,5.6850999999999985
A,15,12,42,mt,seal,13,1,60,9,1,33.6265,27.9854,5.641100000000002
A,15,12,42,mt,seal,13,1,60,9,2,33.6154,27.9809,5.634500000000003
A,15,12,42,mt,seal,13,1,60,9,3,33.63,27.9589,5.671100000000003
A,15,12,42,mt,seal,13,1,60,9,4,33.6253,27.9782,5.647100000000002
A,15,12,42,mt,seal,13,1,60,9,5,33.629,27.9477,5.681299999999997
A,15,12,42,mt,seal,13,1,60,9,6,33.5993,27.9344,5.664899999999999
A,15,12,42,mt,seal,13,1,60,9,7,33.6075,27.9902,5.6173
A,15,12,42,mt,seal,13,1,60,9,8,33.6132,27.9453,5.6678999999999995
A,15,12,42,mt,seal,13,1,60,9,9,33.6266,27.9584,5.668200000000002
A,15,12,42,mt,seal,13,1,60,9,10,33.6204,27.9766,5.643799999999995
A,15,12,42,mt,seal,13,1,60,9,11,33.6282,27.9762,5.652000000000001
A,15,12,42,mt,seal,13,1,60,10,0,33.6382,27.9276,5.710599999999996
A,15,12,42,mt,seal,13,1,60,10,1,33.622,27.9948,5.627199999999998
A,15,12,42,mt,seal,13,1,60,10,2,33.5989,27.9893,5.6096
A,15,12,42,mt,seal,13,1,60,10,3,33.6131,27.9496,5.663500000000003
A,15,12,42,mt,seal,13,1,60,10,4,33.6225,27.9618,5.660700000000002
A,15,12,42,mt,seal,13,1,60,10,5,33.6079,27.9615,5.6464
A,15,12,42,mt,seal,13,1,60,10,6,33.6317,27.9416,5.690100000000001
A,15,12,42,mt,seal,13,1,60,10,7,33.6052,27.9869,5.618300000000005
A,15,12,42,mt,seal,13,1,60,10,8,33.606,27.9419,5.664100000000001
A,15,12,42,mt,seal,13,1,60,10,9,33.6204,27.9543,5.666099999999997
A,15,12,42,mt,seal,13,1,60,10,10,33.6171,27.9637,5.653400000000001
A,15,12,42,mt,seal,13,1,60,10,11,33.6325,27.9962,5.6362999999999985
A,15,12,42,mt,seal,13,1,60,11,0,33.618,27.9318,5.686200000000003
A,15,12,42,mt,seal,13,1,60,11,1,33.6227,27.9974,5.625300000000003
A,15,12,42,mt,seal,13,1,60,11,2,33.6149,27.9906,5.624299999999998
A,15,12,42,mt,seal,13,1,60,11,3,33.629,27.952,5.676999999999996
A,15,12,42,mt,seal,13,1,60,11,4,33.6222,27.9674,5.654799999999998
A,15,12,42,mt,seal,13,1,60,11,5,33.6165,27.9515,5.665000000000003
A,15,12,42,mt,seal,13,1,60,11,6,33.6263,27.9432,5.6831
A,15,12,42,mt,seal,13,1,60,11,7,33.6233,27.9949,5.628399999999999
A,15,12,42,mt,seal,13,1,60,11,8,33.6167,27.9441,5.672600000000003
A,15,12,42,mt,seal,13,1,60,11,9,33.6183,27.9701,5.648199999999999
A,15,12,42,mt,seal,13,1,60,11,10,33.6082,27.97,5.638199999999998
A,15,12,42,mt,seal,13,1,60,11,11,33.5952,27.9918,5.603399999999997
A,15,12,42,mt,seal,13,1,60,12,0,33.6061,27.919,5.687099999999997
A,15,12,42,mt,seal,13,1,60,12,1,33.6158,27.9906,5.6251999999999995
A,15,12,42,mt,seal,13,1,60,12,2,33.6172,27.9897,5.627499999999998
A,15,12,42,mt,seal,13,1,60,12,3,33.6142,27.9772,5.636999999999997
A,15,12,42,mt,seal,13,1,60,12,4,33.63,27.9714,5.658600000000003
A,15,12,42,mt,seal,13,1,60,12,5,33.6205,27.9585,5.661999999999999
A,15,12,42,mt,seal,13,1,60,12,6,33.6141,27.9353,5.678799999999999
A,15,12,42,mt,seal,13,1,60,12,7,33.6157,27.9767,5.638999999999996
A,15,12,42,mt,seal,13,1,60,12,8,33.6101,27.9438,5.666300000000003
A,15,12,42,mt,seal,13,1,60,12,9,33.6083,27.9659,5.6423999999999985
A,15,12,42,mt,seal,13,1,60,12,10,33.6095,27.9608,5.648699999999998
A,15,12,42,mt,seal,13,1,60,12,11,33.6226,28.0034,5.619199999999999
