logN,q0,delta,depth,dnum_req,ok,err,auxBits,ksTech,QCount,logQ,logQ_bits,dnum,perPart,maxDigitBits,PCount,logP,logP_bits,logQP,logQP_bits,bound_tc128,margin,digits
15,60,42,12,1,1,,60,HYBRID,13,564,570,1,13,564,10,600,600,1164,1170,881,-283,L12=1;L11=1;L10=1;L9=1;L8=1;L7=1;L6=1;L5=1;L4=1;L3=1;L2=1;L1=1
15,60,42,12,2,1,,60,HYBRID,13,564,570,2,7,312,6,360,360,924,930,881,-43,L12=2;L11=2;L10=2;L9=2;L8=2;L7=2;L6=1;L5=1;L4=1;L3=1;L2=1;L1=1
15,60,42,12,3,1,,60,HYBRID,13,564,570,3,5,228,4,240,240,804,810,881,77,L12=3;L11=3;L10=3;L9=2;L8=2;L7=2;L6=2;L5=2;L4=1;L3=1;L2=1;L1=1
15,60,42,12,4,1,,60,HYBRID,13,564,570,4,4,186,4,240,240,804,810,881,77,L12=4;L11=3;L10=3;L9=3;L8=3;L7=2;L6=2;L5=2;L4=2;L3=1;L2=1;L1=1
15,60,42,12,5,1,,60,HYBRID,13,564,570,5,3,144,3,180,180,744,750,881,137,L12=5;L11=4;L10=4;L9=4;L8=3;L7=3;L6=3;L5=2;L4=2;L3=2;L2=1;L1=1
15,60,42,12,6,0,/data/yja/openfhe-src/src/pke/lib/schemerns/rns-cryptoparameters.cpp:l.91:PrecomputeCRTTables(): HYBRID key switching parameters: Can't appropriately distribute 13 towers into 6 digits. Please select different number of digits.,,,,,,,,,,,,,,,
15,60,42,12,7,1,,60,HYBRID,13,564,570,7,2,102,2,120,120,684,690,881,197,L12=7;L11=6;L10=6;L9=5;L8=5;L7=4;L6=4;L5=3;L4=3;L3=2;L2=2;L1=1
15,60,42,12,8,0,/data/yja/openfhe-src/src/pke/lib/schemerns/rns-cryptoparameters.cpp:l.91:PrecomputeCRTTables(): HYBRID key switching parameters: Can't appropriately distribute 13 towers into 8 digits. Please select different number of digits.,,,,,,,,,,,,,,,
15,60,42,12,9,0,/data/yja/openfhe-src/src/pke/lib/schemerns/rns-cryptoparameters.cpp:l.91:PrecomputeCRTTables(): HYBRID key switching parameters: Can't appropriately distribute 13 towers into 9 digits. Please select different number of digits.,,,,,,,,,,,,,,,
15,60,42,12,10,0,/data/yja/openfhe-src/src/pke/lib/schemerns/rns-cryptoparameters.cpp:l.91:PrecomputeCRTTables(): HYBRID key switching parameters: Can't appropriately distribute 13 towers into 10 digits. Please select different number of digits.,,,,,,,,,,,,,,,
15,60,42,12,11,0,/data/yja/openfhe-src/src/pke/lib/schemerns/rns-cryptoparameters.cpp:l.91:PrecomputeCRTTables(): HYBRID key switching parameters: Can't appropriately distribute 13 towers into 11 digits. Please select different number of digits.,,,,,,,,,,,,,,,
15,60,42,12,12,0,/data/yja/openfhe-src/src/pke/lib/schemerns/rns-cryptoparameters.cpp:l.91:PrecomputeCRTTables(): HYBRID key switching parameters: Can't appropriately distribute 13 towers into 12 digits. Please select different number of digits.,,,,,,,,,,,,,,,
15,60,42,12,13,1,,60,HYBRID,13,564,570,13,1,60,1,60,60,624,630,881,257,L12=13;L11=12;L10=11;L9=10;L8=9;L7=8;L6=7;L5=6;L4=5;L3=4;L2=3;L1=2
