library,exp,logN,q0,delta,depth,dnum,PCount,logP,maxDigitBits,level,path,rep,bits
openfhe,7,15,60,48,10,2,5,300,300,10,enc_dec,0,36.3240
openfhe,7,15,60,48,10,2,5,300,300,10,rot1,0,31.5658
openfhe,7,15,60,48,10,2,5,300,300,9,enc_dec,0,36.3315
openfhe,7,15,60,48,10,2,5,300,300,9,rot1,0,31.5384
openfhe,7,15,60,48,10,2,5,300,300,8,enc_dec,0,36.3263
openfhe,7,15,60,48,10,2,5,300,300,8,rot1,0,31.5615
openfhe,7,15,60,48,10,2,5,300,300,7,enc_dec,0,36.3196
openfhe,7,15,60,48,10,2,5,300,300,7,rot1,0,31.5570
openfhe,7,15,60,48,10,2,5,300,300,6,enc_dec,0,36.3235
openfhe,7,15,60,48,10,2,5,300,300,6,rot1,0,31.5370
openfhe,7,15,60,48,10,2,5,300,300,5,enc_dec,0,36.3266
openfhe,7,15,60,48,10,2,5,300,300,5,rot1,0,31.5383
openfhe,7,15,60,48,10,2,5,300,300,4,enc_dec,0,36.3161
openfhe,7,15,60,48,10,2,5,300,300,4,rot1,0,33.6937
openfhe,7,15,60,48,10,2,5,300,300,3,enc_dec,0,36.3082
openfhe,7,15,60,48,10,2,5,300,300,3,rot1,0,33.6923
openfhe,7,15,60,48,10,2,5,300,300,2,enc_dec,0,36.3080
openfhe,7,15,60,48,10,2,5,300,300,2,rot1,0,33.6718
openfhe,7,15,60,48,10,2,5,300,300,1,enc_dec,0,36.3117
openfhe,7,15,60,48,10,2,5,300,300,1,rot1,0,33.6912
openfhe,7,15,60,48,10,2,5,300,300,10,enc_dec,1,36.3072
openfhe,7,15,60,48,10,2,5,300,300,10,rot1,1,33.0482
openfhe,7,15,60,48,10,2,5,300,300,9,enc_dec,1,36.3241
openfhe,7,15,60,48,10,2,5,300,300,9,rot1,1,33.0614
openfhe,7,15,60,48,10,2,5,300,300,8,enc_dec,1,36.3266
openfhe,7,15,60,48,10,2,5,300,300,8,rot1,1,33.0658
openfhe,7,15,60,48,10,2,5,300,300,7,enc_dec,1,36.3092
openfhe,7,15,60,48,10,2,5,300,300,7,rot1,1,33.0659
openfhe,7,15,60,48,10,2,5,300,300,6,enc_dec,1,36.3113
openfhe,7,15,60,48,10,2,5,300,300,6,rot1,1,33.0528
openfhe,7,15,60,48,10,2,5,300,300,5,enc_dec,1,36.3176
openfhe,7,15,60,48,10,2,5,300,300,5,rot1,1,33.0612
openfhe,7,15,60,48,10,2,5,300,300,4,enc_dec,1,36.3119
openfhe,7,15,60,48,10,2,5,300,300,4,rot1,1,33.3198
openfhe,7,15,60,48,10,2,5,300,300,3,enc_dec,1,36.3120
openfhe,7,15,60,48,10,2,5,300,300,3,rot1,1,33.3346
openfhe,7,15,60,48,10,2,5,300,300,2,enc_dec,1,36.3290
openfhe,7,15,60,48,10,2,5,300,300,2,rot1,1,33.3191
openfhe,7,15,60,48,10,2,5,300,300,1,enc_dec,1,36.3188
openfhe,7,15,60,48,10,2,5,300,300,1,rot1,1,33.3192
openfhe,7,15,60,48,10,2,5,300,300,10,enc_dec,2,36.3052
openfhe,7,15,60,48,10,2,5,300,300,10,rot1,2,31.6390
openfhe,7,15,60,48,10,2,5,300,300,9,enc_dec,2,36.3109
openfhe,7,15,60,48,10,2,5,300,300,9,rot1,2,31.6607
openfhe,7,15,60,48,10,2,5,300,300,8,enc_dec,2,36.3140
openfhe,7,15,60,48,10,2,5,300,300,8,rot1,2,31.6503
openfhe,7,15,60,48,10,2,5,300,300,7,enc_dec,2,36.3274
openfhe,7,15,60,48,10,2,5,300,300,7,rot1,2,31.6458
openfhe,7,15,60,48,10,2,5,300,300,6,enc_dec,2,36.3206
openfhe,7,15,60,48,10,2,5,300,300,6,rot1,2,31.6401
openfhe,7,15,60,48,10,2,5,300,300,5,enc_dec,2,36.3247
openfhe,7,15,60,48,10,2,5,300,300,5,rot1,2,31.6548
openfhe,7,15,60,48,10,2,5,300,300,4,enc_dec,2,36.3224
openfhe,7,15,60,48,10,2,5,300,300,4,rot1,2,32.3725
openfhe,7,15,60,48,10,2,5,300,300,3,enc_dec,2,36.3135
openfhe,7,15,60,48,10,2,5,300,300,3,rot1,2,32.3666
openfhe,7,15,60,48,10,2,5,300,300,2,enc_dec,2,36.3148
openfhe,7,15,60,48,10,2,5,300,300,2,rot1,2,32.3533
openfhe,7,15,60,48,10,2,5,300,300,1,enc_dec,2,36.3153
openfhe,7,15,60,48,10,2,5,300,300,1,rot1,2,32.3720
openfhe,7,15,60,48,10,2,5,300,300,10,enc_dec,3,36.3186
openfhe,7,15,60,48,10,2,5,300,300,10,rot1,3,32.5486
openfhe,7,15,60,48,10,2,5,300,300,9,enc_dec,3,36.3143
openfhe,7,15,60,48,10,2,5,300,300,9,rot1,3,32.5443
openfhe,7,15,60,48,10,2,5,300,300,8,enc_dec,3,36.3234
openfhe,7,15,60,48,10,2,5,300,300,8,rot1,3,32.5511
openfhe,7,15,60,48,10,2,5,300,300,7,enc_dec,3,36.3214
openfhe,7,15,60,48,10,2,5,300,300,7,rot1,3,32.5470
openfhe,7,15,60,48,10,2,5,300,300,6,enc_dec,3,36.3281
openfhe,7,15,60,48,10,2,5,300,300,6,rot1,3,32.5549
openfhe,7,15,60,48,10,2,5,300,300,5,enc_dec,3,36.3024
openfhe,7,15,60,48,10,2,5,300,300,5,rot1,3,32.5470
openfhe,7,15,60,48,10,2,5,300,300,4,enc_dec,3,36.3264
openfhe,7,15,60,48,10,2,5,300,300,4,rot1,3,33.3314
openfhe,7,15,60,48,10,2,5,300,300,3,enc_dec,3,36.3162
openfhe,7,15,60,48,10,2,5,300,300,3,rot1,3,33.3376
openfhe,7,15,60,48,10,2,5,300,300,2,enc_dec,3,36.3281
openfhe,7,15,60,48,10,2,5,300,300,2,rot1,3,33.3201
openfhe,7,15,60,48,10,2,5,300,300,1,enc_dec,3,36.3196
openfhe,7,15,60,48,10,2,5,300,300,1,rot1,3,33.3270
openfhe,7,15,60,48,10,2,5,300,300,10,enc_dec,4,36.3195
openfhe,7,15,60,48,10,2,5,300,300,10,rot1,4,32.2918
openfhe,7,15,60,48,10,2,5,300,300,9,enc_dec,4,36.3059
openfhe,7,15,60,48,10,2,5,300,300,9,rot1,4,32.3019
openfhe,7,15,60,48,10,2,5,300,300,8,enc_dec,4,36.3200
openfhe,7,15,60,48,10,2,5,300,300,8,rot1,4,32.3058
openfhe,7,15,60,48,10,2,5,300,300,7,enc_dec,4,36.3211
openfhe,7,15,60,48,10,2,5,300,300,7,rot1,4,32.3042
openfhe,7,15,60,48,10,2,5,300,300,6,enc_dec,4,36.3017
openfhe,7,15,60,48,10,2,5,300,300,6,rot1,4,32.2972
openfhe,7,15,60,48,10,2,5,300,300,5,enc_dec,4,36.3214
openfhe,7,15,60,48,10,2,5,300,300,5,rot1,4,32.2917
openfhe,7,15,60,48,10,2,5,300,300,4,enc_dec,4,36.3275
openfhe,7,15,60,48,10,2,5,300,300,4,rot1,4,33.1881
openfhe,7,15,60,48,10,2,5,300,300,3,enc_dec,4,36.3157
openfhe,7,15,60,48,10,2,5,300,300,3,rot1,4,33.1787
openfhe,7,15,60,48,10,2,5,300,300,2,enc_dec,4,36.3192
openfhe,7,15,60,48,10,2,5,300,300,2,rot1,4,33.1875
openfhe,7,15,60,48,10,2,5,300,300,1,enc_dec,4,36.3197
openfhe,7,15,60,48,10,2,5,300,300,1,rot1,4,33.1769
openfhe,7,15,60,48,10,2,5,300,300,10,enc_dec,5,36.3154
openfhe,7,15,60,48,10,2,5,300,300,10,rot1,5,32.4951
openfhe,7,15,60,48,10,2,5,300,300,9,enc_dec,5,36.3255
openfhe,7,15,60,48,10,2,5,300,300,9,rot1,5,32.4970
openfhe,7,15,60,48,10,2,5,300,300,8,enc_dec,5,36.3269
openfhe,7,15,60,48,10,2,5,300,300,8,rot1,5,32.5015
openfhe,7,15,60,48,10,2,5,300,300,7,enc_dec,5,36.3279
openfhe,7,15,60,48,10,2,5,300,300,7,rot1,5,32.5035
openfhe,7,15,60,48,10,2,5,300,300,6,enc_dec,5,36.3181
openfhe,7,15,60,48,10,2,5,300,300,6,rot1,5,32.5062
openfhe,7,15,60,48,10,2,5,300,300,5,enc_dec,5,36.3256
openfhe,7,15,60,48,10,2,5,300,300,5,rot1,5,32.4936
openfhe,7,15,60,48,10,2,5,300,300,4,enc_dec,5,36.3386
openfhe,7,15,60,48,10,2,5,300,300,4,rot1,5,33.1446
openfhe,7,15,60,48,10,2,5,300,300,3,enc_dec,5,36.3226
openfhe,7,15,60,48,10,2,5,300,300,3,rot1,5,33.1343
openfhe,7,15,60,48,10,2,5,300,300,2,enc_dec,5,36.3156
openfhe,7,15,60,48,10,2,5,300,300,2,rot1,5,33.1368
openfhe,7,15,60,48,10,2,5,300,300,1,enc_dec,5,36.3179
openfhe,7,15,60,48,10,2,5,300,300,1,rot1,5,33.1345
openfhe,7,15,60,48,10,2,5,300,300,10,enc_dec,6,36.3186
openfhe,7,15,60,48,10,2,5,300,300,10,rot1,6,32.1252
openfhe,7,15,60,48,10,2,5,300,300,9,enc_dec,6,36.3040
openfhe,7,15,60,48,10,2,5,300,300,9,rot1,6,32.1005
openfhe,7,15,60,48,10,2,5,300,300,8,enc_dec,6,36.3110
openfhe,7,15,60,48,10,2,5,300,300,8,rot1,6,32.0990
openfhe,7,15,60,48,10,2,5,300,300,7,enc_dec,6,36.3135
openfhe,7,15,60,48,10,2,5,300,300,7,rot1,6,32.1229
openfhe,7,15,60,48,10,2,5,300,300,6,enc_dec,6,36.3146
openfhe,7,15,60,48,10,2,5,300,300,6,rot1,6,32.0958
openfhe,7,15,60,48,10,2,5,300,300,5,enc_dec,6,36.3226
openfhe,7,15,60,48,10,2,5,300,300,5,rot1,6,32.1107
openfhe,7,15,60,48,10,2,5,300,300,4,enc_dec,6,36.3180
openfhe,7,15,60,48,10,2,5,300,300,4,rot1,6,32.7193
openfhe,7,15,60,48,10,2,5,300,300,3,enc_dec,6,36.3182
openfhe,7,15,60,48,10,2,5,300,300,3,rot1,6,32.7251
openfhe,7,15,60,48,10,2,5,300,300,2,enc_dec,6,36.3074
openfhe,7,15,60,48,10,2,5,300,300,2,rot1,6,32.7164
openfhe,7,15,60,48,10,2,5,300,300,1,enc_dec,6,36.3214
openfhe,7,15,60,48,10,2,5,300,300,1,rot1,6,32.7249
openfhe,7,15,60,48,10,2,5,300,300,10,enc_dec,7,36.3234
openfhe,7,15,60,48,10,2,5,300,300,10,rot1,7,30.8439
openfhe,7,15,60,48,10,2,5,300,300,9,enc_dec,7,36.3305
openfhe,7,15,60,48,10,2,5,300,300,9,rot1,7,30.8420
openfhe,7,15,60,48,10,2,5,300,300,8,enc_dec,7,36.3183
openfhe,7,15,60,48,10,2,5,300,300,8,rot1,7,30.8102
openfhe,7,15,60,48,10,2,5,300,300,7,enc_dec,7,36.3239
openfhe,7,15,60,48,10,2,5,300,300,7,rot1,7,30.8433
openfhe,7,15,60,48,10,2,5,300,300,6,enc_dec,7,36.3075
openfhe,7,15,60,48,10,2,5,300,300,6,rot1,7,30.8342
openfhe,7,15,60,48,10,2,5,300,300,5,enc_dec,7,36.3184
openfhe,7,15,60,48,10,2,5,300,300,5,rot1,7,30.8293
openfhe,7,15,60,48,10,2,5,300,300,4,enc_dec,7,36.3157
openfhe,7,15,60,48,10,2,5,300,300,4,rot1,7,32.2612
openfhe,7,15,60,48,10,2,5,300,300,3,enc_dec,7,36.3099
openfhe,7,15,60,48,10,2,5,300,300,3,rot1,7,32.2661
openfhe,7,15,60,48,10,2,5,300,300,2,enc_dec,7,36.3110
openfhe,7,15,60,48,10,2,5,300,300,2,rot1,7,32.2563
openfhe,7,15,60,48,10,2,5,300,300,1,enc_dec,7,36.3207
openfhe,7,15,60,48,10,2,5,300,300,1,rot1,7,32.2788
openfhe,7,15,60,48,10,2,5,300,300,10,enc_dec,8,36.3168
openfhe,7,15,60,48,10,2,5,300,300,10,rot1,8,31.6462
openfhe,7,15,60,48,10,2,5,300,300,9,enc_dec,8,36.3129
openfhe,7,15,60,48,10,2,5,300,300,9,rot1,8,31.6367
openfhe,7,15,60,48,10,2,5,300,300,8,enc_dec,8,36.3133
openfhe,7,15,60,48,10,2,5,300,300,8,rot1,8,31.6394
openfhe,7,15,60,48,10,2,5,300,300,7,enc_dec,8,36.3214
openfhe,7,15,60,48,10,2,5,300,300,7,rot1,8,31.6501
openfhe,7,15,60,48,10,2,5,300,300,6,enc_dec,8,36.3348
openfhe,7,15,60,48,10,2,5,300,300,6,rot1,8,31.6488
openfhe,7,15,60,48,10,2,5,300,300,5,enc_dec,8,36.3047
openfhe,7,15,60,48,10,2,5,300,300,5,rot1,8,31.6469
openfhe,7,15,60,48,10,2,5,300,300,4,enc_dec,8,36.3156
openfhe,7,15,60,48,10,2,5,300,300,4,rot1,8,32.9187
openfhe,7,15,60,48,10,2,5,300,300,3,enc_dec,8,36.3152
openfhe,7,15,60,48,10,2,5,300,300,3,rot1,8,32.9106
openfhe,7,15,60,48,10,2,5,300,300,2,enc_dec,8,36.3105
openfhe,7,15,60,48,10,2,5,300,300,2,rot1,8,32.8967
openfhe,7,15,60,48,10,2,5,300,300,1,enc_dec,8,36.3290
openfhe,7,15,60,48,10,2,5,300,300,1,rot1,8,32.9127
openfhe,7,15,60,48,10,2,5,300,300,10,enc_dec,9,36.3168
openfhe,7,15,60,48,10,2,5,300,300,10,rot1,9,31.6359
openfhe,7,15,60,48,10,2,5,300,300,9,enc_dec,9,36.3257
openfhe,7,15,60,48,10,2,5,300,300,9,rot1,9,31.6369
openfhe,7,15,60,48,10,2,5,300,300,8,enc_dec,9,36.3205
openfhe,7,15,60,48,10,2,5,300,300,8,rot1,9,31.6377
openfhe,7,15,60,48,10,2,5,300,300,7,enc_dec,9,36.3128
openfhe,7,15,60,48,10,2,5,300,300,7,rot1,9,31.6368
openfhe,7,15,60,48,10,2,5,300,300,6,enc_dec,9,36.3186
openfhe,7,15,60,48,10,2,5,300,300,6,rot1,9,31.6338
openfhe,7,15,60,48,10,2,5,300,300,5,enc_dec,9,36.3158
openfhe,7,15,60,48,10,2,5,300,300,5,rot1,9,31.6231
openfhe,7,15,60,48,10,2,5,300,300,4,enc_dec,9,36.3177
openfhe,7,15,60,48,10,2,5,300,300,4,rot1,9,32.7194
openfhe,7,15,60,48,10,2,5,300,300,3,enc_dec,9,36.3360
openfhe,7,15,60,48,10,2,5,300,300,3,rot1,9,32.7177
openfhe,7,15,60,48,10,2,5,300,300,2,enc_dec,9,36.3141
openfhe,7,15,60,48,10,2,5,300,300,2,rot1,9,32.7277
openfhe,7,15,60,48,10,2,5,300,300,1,enc_dec,9,36.3231
openfhe,7,15,60,48,10,2,5,300,300,1,rot1,9,32.7213
openfhe,7,15,60,48,10,2,5,300,300,10,enc_dec,10,36.3116
openfhe,7,15,60,48,10,2,5,300,300,10,rot1,10,31.4165
openfhe,7,15,60,48,10,2,5,300,300,9,enc_dec,10,36.3214
openfhe,7,15,60,48,10,2,5,300,300,9,rot1,10,31.4210
openfhe,7,15,60,48,10,2,5,300,300,8,enc_dec,10,36.3318
openfhe,7,15,60,48,10,2,5,300,300,8,rot1,10,31.4069
openfhe,7,15,60,48,10,2,5,300,300,7,enc_dec,10,36.3254
openfhe,7,15,60,48,10,2,5,300,300,7,rot1,10,31.4038
openfhe,7,15,60,48,10,2,5,300,300,6,enc_dec,10,36.3218
openfhe,7,15,60,48,10,2,5,300,300,6,rot1,10,31.4152
openfhe,7,15,60,48,10,2,5,300,300,5,enc_dec,10,36.3164
openfhe,7,15,60,48,10,2,5,300,300,5,rot1,10,31.4043
openfhe,7,15,60,48,10,2,5,300,300,4,enc_dec,10,36.3198
openfhe,7,15,60,48,10,2,5,300,300,4,rot1,10,32.2505
openfhe,7,15,60,48,10,2,5,300,300,3,enc_dec,10,36.3198
openfhe,7,15,60,48,10,2,5,300,300,3,rot1,10,32.2495
openfhe,7,15,60,48,10,2,5,300,300,2,enc_dec,10,36.3148
openfhe,7,15,60,48,10,2,5,300,300,2,rot1,10,32.2741
openfhe,7,15,60,48,10,2,5,300,300,1,enc_dec,10,36.3124
openfhe,7,15,60,48,10,2,5,300,300,1,rot1,10,32.2790
openfhe,7,15,60,48,10,2,5,300,300,10,enc_dec,11,36.3234
openfhe,7,15,60,48,10,2,5,300,300,10,rot1,11,32.5383
openfhe,7,15,60,48,10,2,5,300,300,9,enc_dec,11,36.3236
openfhe,7,15,60,48,10,2,5,300,300,9,rot1,11,32.5340
openfhe,7,15,60,48,10,2,5,300,300,8,enc_dec,11,36.3165
openfhe,7,15,60,48,10,2,5,300,300,8,rot1,11,32.5424
openfhe,7,15,60,48,10,2,5,300,300,7,enc_dec,11,36.3184
openfhe,7,15,60,48,10,2,5,300,300,7,rot1,11,32.5405
openfhe,7,15,60,48,10,2,5,300,300,6,enc_dec,11,36.3178
openfhe,7,15,60,48,10,2,5,300,300,6,rot1,11,32.5350
openfhe,7,15,60,48,10,2,5,300,300,5,enc_dec,11,36.3048
openfhe,7,15,60,48,10,2,5,300,300,5,rot1,11,32.5332
openfhe,7,15,60,48,10,2,5,300,300,4,enc_dec,11,36.3207
openfhe,7,15,60,48,10,2,5,300,300,4,rot1,11,33.5559
openfhe,7,15,60,48,10,2,5,300,300,3,enc_dec,11,36.3180
openfhe,7,15,60,48,10,2,5,300,300,3,rot1,11,33.5564
openfhe,7,15,60,48,10,2,5,300,300,2,enc_dec,11,36.3157
openfhe,7,15,60,48,10,2,5,300,300,2,rot1,11,33.5626
openfhe,7,15,60,48,10,2,5,300,300,1,enc_dec,11,36.3366
openfhe,7,15,60,48,10,2,5,300,300,1,rot1,11,33.5540
lattigo,7,15,60,48,10,3,4,240,204,10,enc_dec,0,39.6381
lattigo,7,15,60,48,10,3,4,240,204,10,rot1,0,36.0671
lattigo,7,15,60,48,10,3,4,240,204,9,enc_dec,0,39.6269
lattigo,7,15,60,48,10,3,4,240,204,9,rot1,0,36.0626
lattigo,7,15,60,48,10,3,4,240,204,8,enc_dec,0,39.6252
lattigo,7,15,60,48,10,3,4,240,204,8,rot1,0,36.0569
lattigo,7,15,60,48,10,3,4,240,204,7,enc_dec,0,39.6233
lattigo,7,15,60,48,10,3,4,240,204,7,rot1,0,36.0771
lattigo,7,15,60,48,10,3,4,240,204,6,enc_dec,0,39.6214
lattigo,7,15,60,48,10,3,4,240,204,6,rot1,0,36.0657
lattigo,7,15,60,48,10,3,4,240,204,5,enc_dec,0,39.6195
lattigo,7,15,60,48,10,3,4,240,204,5,rot1,0,36.0629
lattigo,7,15,60,48,10,3,4,240,204,4,enc_dec,0,39.6384
lattigo,7,15,60,48,10,3,4,240,204,4,rot1,0,36.0719
lattigo,7,15,60,48,10,3,4,240,204,3,enc_dec,0,39.6380
lattigo,7,15,60,48,10,3,4,240,204,3,rot1,0,36.0787
lattigo,7,15,60,48,10,3,4,240,204,2,enc_dec,0,39.6325
lattigo,7,15,60,48,10,3,4,240,204,2,rot1,0,36.0880
lattigo,7,15,60,48,10,3,4,240,204,1,enc_dec,0,39.6419
lattigo,7,15,60,48,10,3,4,240,204,1,rot1,0,36.0720
lattigo,7,15,60,48,10,3,4,240,204,10,enc_dec,1,39.6499
lattigo,7,15,60,48,10,3,4,240,204,10,rot1,1,36.0706
lattigo,7,15,60,48,10,3,4,240,204,9,enc_dec,1,39.6180
lattigo,7,15,60,48,10,3,4,240,204,9,rot1,1,36.0761
lattigo,7,15,60,48,10,3,4,240,204,8,enc_dec,1,39.6474
lattigo,7,15,60,48,10,3,4,240,204,8,rot1,1,36.0740
lattigo,7,15,60,48,10,3,4,240,204,7,enc_dec,1,39.6341
lattigo,7,15,60,48,10,3,4,240,204,7,rot1,1,36.0814
lattigo,7,15,60,48,10,3,4,240,204,6,enc_dec,1,39.6240
lattigo,7,15,60,48,10,3,4,240,204,6,rot1,1,36.0676
lattigo,7,15,60,48,10,3,4,240,204,5,enc_dec,1,39.6265
lattigo,7,15,60,48,10,3,4,240,204,5,rot1,1,36.0909
lattigo,7,15,60,48,10,3,4,240,204,4,enc_dec,1,39.6304
lattigo,7,15,60,48,10,3,4,240,204,4,rot1,1,36.0817
lattigo,7,15,60,48,10,3,4,240,204,3,enc_dec,1,39.6262
lattigo,7,15,60,48,10,3,4,240,204,3,rot1,1,36.0699
lattigo,7,15,60,48,10,3,4,240,204,2,enc_dec,1,39.6237
lattigo,7,15,60,48,10,3,4,240,204,2,rot1,1,36.0796
lattigo,7,15,60,48,10,3,4,240,204,1,enc_dec,1,39.6292
lattigo,7,15,60,48,10,3,4,240,204,1,rot1,1,36.0785
lattigo,7,15,60,48,10,3,4,240,204,10,enc_dec,2,39.6302
lattigo,7,15,60,48,10,3,4,240,204,10,rot1,2,36.0721
lattigo,7,15,60,48,10,3,4,240,204,9,enc_dec,2,39.6201
lattigo,7,15,60,48,10,3,4,240,204,9,rot1,2,36.0804
lattigo,7,15,60,48,10,3,4,240,204,8,enc_dec,2,39.6405
lattigo,7,15,60,48,10,3,4,240,204,8,rot1,2,36.0722
lattigo,7,15,60,48,10,3,4,240,204,7,enc_dec,2,39.6347
lattigo,7,15,60,48,10,3,4,240,204,7,rot1,2,36.0780
lattigo,7,15,60,48,10,3,4,240,204,6,enc_dec,2,39.6407
lattigo,7,15,60,48,10,3,4,240,204,6,rot1,2,36.0678
lattigo,7,15,60,48,10,3,4,240,204,5,enc_dec,2,39.6269
lattigo,7,15,60,48,10,3,4,240,204,5,rot1,2,36.0828
lattigo,7,15,60,48,10,3,4,240,204,4,enc_dec,2,39.6254
lattigo,7,15,60,48,10,3,4,240,204,4,rot1,2,36.0713
lattigo,7,15,60,48,10,3,4,240,204,3,enc_dec,2,39.6354
lattigo,7,15,60,48,10,3,4,240,204,3,rot1,2,36.0688
lattigo,7,15,60,48,10,3,4,240,204,2,enc_dec,2,39.6183
lattigo,7,15,60,48,10,3,4,240,204,2,rot1,2,36.0774
lattigo,7,15,60,48,10,3,4,240,204,1,enc_dec,2,39.6394
lattigo,7,15,60,48,10,3,4,240,204,1,rot1,2,36.0739
lattigo,7,15,60,48,10,3,4,240,204,10,enc_dec,3,39.6342
lattigo,7,15,60,48,10,3,4,240,204,10,rot1,3,36.0902
lattigo,7,15,60,48,10,3,4,240,204,9,enc_dec,3,39.6303
lattigo,7,15,60,48,10,3,4,240,204,9,rot1,3,36.0892
lattigo,7,15,60,48,10,3,4,240,204,8,enc_dec,3,39.6238
lattigo,7,15,60,48,10,3,4,240,204,8,rot1,3,36.0715
lattigo,7,15,60,48,10,3,4,240,204,7,enc_dec,3,39.6195
lattigo,7,15,60,48,10,3,4,240,204,7,rot1,3,36.0694
lattigo,7,15,60,48,10,3,4,240,204,6,enc_dec,3,39.6338
lattigo,7,15,60,48,10,3,4,240,204,6,rot1,3,36.0777
lattigo,7,15,60,48,10,3,4,240,204,5,enc_dec,3,39.6293
lattigo,7,15,60,48,10,3,4,240,204,5,rot1,3,36.0918
lattigo,7,15,60,48,10,3,4,240,204,4,enc_dec,3,39.6288
lattigo,7,15,60,48,10,3,4,240,204,4,rot1,3,36.0726
lattigo,7,15,60,48,10,3,4,240,204,3,enc_dec,3,39.6259
lattigo,7,15,60,48,10,3,4,240,204,3,rot1,3,36.0829
lattigo,7,15,60,48,10,3,4,240,204,2,enc_dec,3,39.6206
lattigo,7,15,60,48,10,3,4,240,204,2,rot1,3,36.0957
lattigo,7,15,60,48,10,3,4,240,204,1,enc_dec,3,39.6483
lattigo,7,15,60,48,10,3,4,240,204,1,rot1,3,36.0782
lattigo,7,15,60,48,10,3,4,240,204,10,enc_dec,4,39.6467
lattigo,7,15,60,48,10,3,4,240,204,10,rot1,4,36.0785
lattigo,7,15,60,48,10,3,4,240,204,9,enc_dec,4,39.6261
lattigo,7,15,60,48,10,3,4,240,204,9,rot1,4,36.0729
lattigo,7,15,60,48,10,3,4,240,204,8,enc_dec,4,39.6295
lattigo,7,15,60,48,10,3,4,240,204,8,rot1,4,36.0843
lattigo,7,15,60,48,10,3,4,240,204,7,enc_dec,4,39.6413
lattigo,7,15,60,48,10,3,4,240,204,7,rot1,4,36.0888
lattigo,7,15,60,48,10,3,4,240,204,6,enc_dec,4,39.6500
lattigo,7,15,60,48,10,3,4,240,204,6,rot1,4,36.0766
lattigo,7,15,60,48,10,3,4,240,204,5,enc_dec,4,39.6329
lattigo,7,15,60,48,10,3,4,240,204,5,rot1,4,36.0787
lattigo,7,15,60,48,10,3,4,240,204,4,enc_dec,4,39.6490
lattigo,7,15,60,48,10,3,4,240,204,4,rot1,4,36.0778
lattigo,7,15,60,48,10,3,4,240,204,3,enc_dec,4,39.6227
lattigo,7,15,60,48,10,3,4,240,204,3,rot1,4,36.0810
lattigo,7,15,60,48,10,3,4,240,204,2,enc_dec,4,39.6185
lattigo,7,15,60,48,10,3,4,240,204,2,rot1,4,36.0749
lattigo,7,15,60,48,10,3,4,240,204,1,enc_dec,4,39.6212
lattigo,7,15,60,48,10,3,4,240,204,1,rot1,4,36.0775
lattigo,7,15,60,48,10,3,4,240,204,10,enc_dec,5,39.6318
lattigo,7,15,60,48,10,3,4,240,204,10,rot1,5,36.0683
lattigo,7,15,60,48,10,3,4,240,204,9,enc_dec,5,39.6379
lattigo,7,15,60,48,10,3,4,240,204,9,rot1,5,36.0623
lattigo,7,15,60,48,10,3,4,240,204,8,enc_dec,5,39.6582
lattigo,7,15,60,48,10,3,4,240,204,8,rot1,5,36.0864
lattigo,7,15,60,48,10,3,4,240,204,7,enc_dec,5,39.6348
lattigo,7,15,60,48,10,3,4,240,204,7,rot1,5,36.0713
lattigo,7,15,60,48,10,3,4,240,204,6,enc_dec,5,39.6207
lattigo,7,15,60,48,10,3,4,240,204,6,rot1,5,36.0719
lattigo,7,15,60,48,10,3,4,240,204,5,enc_dec,5,39.6339
lattigo,7,15,60,48,10,3,4,240,204,5,rot1,5,36.0711
lattigo,7,15,60,48,10,3,4,240,204,4,enc_dec,5,39.6278
lattigo,7,15,60,48,10,3,4,240,204,4,rot1,5,36.0681
lattigo,7,15,60,48,10,3,4,240,204,3,enc_dec,5,39.6178
lattigo,7,15,60,48,10,3,4,240,204,3,rot1,5,36.0823
lattigo,7,15,60,48,10,3,4,240,204,2,enc_dec,5,39.6243
lattigo,7,15,60,48,10,3,4,240,204,2,rot1,5,36.0843
lattigo,7,15,60,48,10,3,4,240,204,1,enc_dec,5,39.6275
lattigo,7,15,60,48,10,3,4,240,204,1,rot1,5,36.0721
lattigo,7,15,60,48,10,3,4,240,204,10,enc_dec,6,39.6356
lattigo,7,15,60,48,10,3,4,240,204,10,rot1,6,36.0732
lattigo,7,15,60,48,10,3,4,240,204,9,enc_dec,6,39.6310
lattigo,7,15,60,48,10,3,4,240,204,9,rot1,6,36.0714
lattigo,7,15,60,48,10,3,4,240,204,8,enc_dec,6,39.6388
lattigo,7,15,60,48,10,3,4,240,204,8,rot1,6,36.0854
lattigo,7,15,60,48,10,3,4,240,204,7,enc_dec,6,39.6322
lattigo,7,15,60,48,10,3,4,240,204,7,rot1,6,36.0681
lattigo,7,15,60,48,10,3,4,240,204,6,enc_dec,6,39.6273
lattigo,7,15,60,48,10,3,4,240,204,6,rot1,6,36.0686
lattigo,7,15,60,48,10,3,4,240,204,5,enc_dec,6,39.6211
lattigo,7,15,60,48,10,3,4,240,204,5,rot1,6,36.0744
lattigo,7,15,60,48,10,3,4,240,204,4,enc_dec,6,39.6290
lattigo,7,15,60,48,10,3,4,240,204,4,rot1,6,36.0890
lattigo,7,15,60,48,10,3,4,240,204,3,enc_dec,6,39.6232
lattigo,7,15,60,48,10,3,4,240,204,3,rot1,6,36.0850
lattigo,7,15,60,48,10,3,4,240,204,2,enc_dec,6,39.6315
lattigo,7,15,60,48,10,3,4,240,204,2,rot1,6,36.0714
lattigo,7,15,60,48,10,3,4,240,204,1,enc_dec,6,39.6436
lattigo,7,15,60,48,10,3,4,240,204,1,rot1,6,36.0865
lattigo,7,15,60,48,10,3,4,240,204,10,enc_dec,7,39.6130
lattigo,7,15,60,48,10,3,4,240,204,10,rot1,7,36.0736
lattigo,7,15,60,48,10,3,4,240,204,9,enc_dec,7,39.6305
lattigo,7,15,60,48,10,3,4,240,204,9,rot1,7,36.0837
lattigo,7,15,60,48,10,3,4,240,204,8,enc_dec,7,39.6199
lattigo,7,15,60,48,10,3,4,240,204,8,rot1,7,36.0870
lattigo,7,15,60,48,10,3,4,240,204,7,enc_dec,7,39.6369
lattigo,7,15,60,48,10,3,4,240,204,7,rot1,7,36.0732
lattigo,7,15,60,48,10,3,4,240,204,6,enc_dec,7,39.6261
lattigo,7,15,60,48,10,3,4,240,204,6,rot1,7,36.0870
lattigo,7,15,60,48,10,3,4,240,204,5,enc_dec,7,39.6254
lattigo,7,15,60,48,10,3,4,240,204,5,rot1,7,36.0916
lattigo,7,15,60,48,10,3,4,240,204,4,enc_dec,7,39.6292
lattigo,7,15,60,48,10,3,4,240,204,4,rot1,7,36.0723
lattigo,7,15,60,48,10,3,4,240,204,3,enc_dec,7,39.6244
lattigo,7,15,60,48,10,3,4,240,204,3,rot1,7,36.0848
lattigo,7,15,60,48,10,3,4,240,204,2,enc_dec,7,39.6265
lattigo,7,15,60,48,10,3,4,240,204,2,rot1,7,36.0762
lattigo,7,15,60,48,10,3,4,240,204,1,enc_dec,7,39.6324
lattigo,7,15,60,48,10,3,4,240,204,1,rot1,7,36.0665
lattigo,7,15,60,48,10,3,4,240,204,10,enc_dec,8,39.6206
lattigo,7,15,60,48,10,3,4,240,204,10,rot1,8,36.0747
lattigo,7,15,60,48,10,3,4,240,204,9,enc_dec,8,39.6211
lattigo,7,15,60,48,10,3,4,240,204,9,rot1,8,36.0820
lattigo,7,15,60,48,10,3,4,240,204,8,enc_dec,8,39.6264
lattigo,7,15,60,48,10,3,4,240,204,8,rot1,8,36.0666
lattigo,7,15,60,48,10,3,4,240,204,7,enc_dec,8,39.6285
lattigo,7,15,60,48,10,3,4,240,204,7,rot1,8,36.0861
lattigo,7,15,60,48,10,3,4,240,204,6,enc_dec,8,39.6387
lattigo,7,15,60,48,10,3,4,240,204,6,rot1,8,36.0739
lattigo,7,15,60,48,10,3,4,240,204,5,enc_dec,8,39.6275
lattigo,7,15,60,48,10,3,4,240,204,5,rot1,8,36.0778
lattigo,7,15,60,48,10,3,4,240,204,4,enc_dec,8,39.6196
lattigo,7,15,60,48,10,3,4,240,204,4,rot1,8,36.0790
lattigo,7,15,60,48,10,3,4,240,204,3,enc_dec,8,39.6155
lattigo,7,15,60,48,10,3,4,240,204,3,rot1,8,36.0674
lattigo,7,15,60,48,10,3,4,240,204,2,enc_dec,8,39.6307
lattigo,7,15,60,48,10,3,4,240,204,2,rot1,8,36.0768
lattigo,7,15,60,48,10,3,4,240,204,1,enc_dec,8,39.6297
lattigo,7,15,60,48,10,3,4,240,204,1,rot1,8,36.0788
lattigo,7,15,60,48,10,3,4,240,204,10,enc_dec,9,39.6227
lattigo,7,15,60,48,10,3,4,240,204,10,rot1,9,36.0638
lattigo,7,15,60,48,10,3,4,240,204,9,enc_dec,9,39.6396
lattigo,7,15,60,48,10,3,4,240,204,9,rot1,9,36.0824
lattigo,7,15,60,48,10,3,4,240,204,8,enc_dec,9,39.6305
lattigo,7,15,60,48,10,3,4,240,204,8,rot1,9,36.0709
lattigo,7,15,60,48,10,3,4,240,204,7,enc_dec,9,39.6405
lattigo,7,15,60,48,10,3,4,240,204,7,rot1,9,36.0875
lattigo,7,15,60,48,10,3,4,240,204,6,enc_dec,9,39.6370
lattigo,7,15,60,48,10,3,4,240,204,6,rot1,9,36.0882
lattigo,7,15,60,48,10,3,4,240,204,5,enc_dec,9,39.6301
lattigo,7,15,60,48,10,3,4,240,204,5,rot1,9,36.0685
lattigo,7,15,60,48,10,3,4,240,204,4,enc_dec,9,39.6290
lattigo,7,15,60,48,10,3,4,240,204,4,rot1,9,36.0899
lattigo,7,15,60,48,10,3,4,240,204,3,enc_dec,9,39.6385
lattigo,7,15,60,48,10,3,4,240,204,3,rot1,9,36.0779
lattigo,7,15,60,48,10,3,4,240,204,2,enc_dec,9,39.6229
lattigo,7,15,60,48,10,3,4,240,204,2,rot1,9,36.0934
lattigo,7,15,60,48,10,3,4,240,204,1,enc_dec,9,39.6202
lattigo,7,15,60,48,10,3,4,240,204,1,rot1,9,36.0684
lattigo,7,15,60,48,10,3,4,240,204,10,enc_dec,10,39.6252
lattigo,7,15,60,48,10,3,4,240,204,10,rot1,10,36.0801
lattigo,7,15,60,48,10,3,4,240,204,9,enc_dec,10,39.6270
lattigo,7,15,60,48,10,3,4,240,204,9,rot1,10,36.0639
lattigo,7,15,60,48,10,3,4,240,204,8,enc_dec,10,39.6311
lattigo,7,15,60,48,10,3,4,240,204,8,rot1,10,36.0811
lattigo,7,15,60,48,10,3,4,240,204,7,enc_dec,10,39.6367
lattigo,7,15,60,48,10,3,4,240,204,7,rot1,10,36.0954
lattigo,7,15,60,48,10,3,4,240,204,6,enc_dec,10,39.6239
lattigo,7,15,60,48,10,3,4,240,204,6,rot1,10,36.0892
lattigo,7,15,60,48,10,3,4,240,204,5,enc_dec,10,39.6217
lattigo,7,15,60,48,10,3,4,240,204,5,rot1,10,36.0826
lattigo,7,15,60,48,10,3,4,240,204,4,enc_dec,10,39.6283
lattigo,7,15,60,48,10,3,4,240,204,4,rot1,10,36.0602
lattigo,7,15,60,48,10,3,4,240,204,3,enc_dec,10,39.6370
lattigo,7,15,60,48,10,3,4,240,204,3,rot1,10,36.0792
lattigo,7,15,60,48,10,3,4,240,204,2,enc_dec,10,39.6372
lattigo,7,15,60,48,10,3,4,240,204,2,rot1,10,36.0717
lattigo,7,15,60,48,10,3,4,240,204,1,enc_dec,10,39.6290
lattigo,7,15,60,48,10,3,4,240,204,1,rot1,10,36.0831
lattigo,7,15,60,48,10,3,4,240,204,10,enc_dec,11,39.6389
lattigo,7,15,60,48,10,3,4,240,204,10,rot1,11,36.0566
lattigo,7,15,60,48,10,3,4,240,204,9,enc_dec,11,39.6437
lattigo,7,15,60,48,10,3,4,240,204,9,rot1,11,36.0751
lattigo,7,15,60,48,10,3,4,240,204,8,enc_dec,11,39.6304
lattigo,7,15,60,48,10,3,4,240,204,8,rot1,11,36.0788
lattigo,7,15,60,48,10,3,4,240,204,7,enc_dec,11,39.6179
lattigo,7,15,60,48,10,3,4,240,204,7,rot1,11,36.0877
lattigo,7,15,60,48,10,3,4,240,204,6,enc_dec,11,39.6433
lattigo,7,15,60,48,10,3,4,240,204,6,rot1,11,36.0719
lattigo,7,15,60,48,10,3,4,240,204,5,enc_dec,11,39.6323
lattigo,7,15,60,48,10,3,4,240,204,5,rot1,11,36.0602
lattigo,7,15,60,48,10,3,4,240,204,4,enc_dec,11,39.6425
lattigo,7,15,60,48,10,3,4,240,204,4,rot1,11,36.0760
lattigo,7,15,60,48,10,3,4,240,204,3,enc_dec,11,39.6288
lattigo,7,15,60,48,10,3,4,240,204,3,rot1,11,36.0662
lattigo,7,15,60,48,10,3,4,240,204,2,enc_dec,11,39.6403
lattigo,7,15,60,48,10,3,4,240,204,2,rot1,11,36.0744
lattigo,7,15,60,48,10,3,4,240,204,1,enc_dec,11,39.6188
lattigo,7,15,60,48,10,3,4,240,204,1,rot1,11,36.0732
seal,7,15,60,48,10,11,1,60,60,10,enc_dec,0,39.6405
seal,7,15,60,48,10,11,1,60,60,10,rot1,0,33.9775
seal,7,15,60,48,10,11,1,60,60,9,enc_dec,0,39.6302
seal,7,15,60,48,10,11,1,60,60,9,rot1,0,33.9824
seal,7,15,60,48,10,11,1,60,60,8,enc_dec,0,39.6069
seal,7,15,60,48,10,11,1,60,60,8,rot1,0,33.9684
seal,7,15,60,48,10,11,1,60,60,7,enc_dec,0,39.6297
seal,7,15,60,48,10,11,1,60,60,7,rot1,0,33.9747
seal,7,15,60,48,10,11,1,60,60,6,enc_dec,0,39.6179
seal,7,15,60,48,10,11,1,60,60,6,rot1,0,33.9679
seal,7,15,60,48,10,11,1,60,60,5,enc_dec,0,39.6137
seal,7,15,60,48,10,11,1,60,60,5,rot1,0,33.9794
seal,7,15,60,48,10,11,1,60,60,4,enc_dec,0,39.6069
seal,7,15,60,48,10,11,1,60,60,4,rot1,0,33.9795
seal,7,15,60,48,10,11,1,60,60,3,enc_dec,0,39.6223
seal,7,15,60,48,10,11,1,60,60,3,rot1,0,33.9873
seal,7,15,60,48,10,11,1,60,60,2,enc_dec,0,39.6238
seal,7,15,60,48,10,11,1,60,60,2,rot1,0,33.9898
seal,7,15,60,48,10,11,1,60,60,1,enc_dec,0,39.6223
seal,7,15,60,48,10,11,1,60,60,1,rot1,0,33.9728
seal,7,15,60,48,10,11,1,60,60,10,enc_dec,1,39.6089
seal,7,15,60,48,10,11,1,60,60,10,rot1,1,33.9478
seal,7,15,60,48,10,11,1,60,60,9,enc_dec,1,39.6258
seal,7,15,60,48,10,11,1,60,60,9,rot1,1,33.9501
seal,7,15,60,48,10,11,1,60,60,8,enc_dec,1,39.6090
seal,7,15,60,48,10,11,1,60,60,8,rot1,1,33.9549
seal,7,15,60,48,10,11,1,60,60,7,enc_dec,1,39.6140
seal,7,15,60,48,10,11,1,60,60,7,rot1,1,33.9483
seal,7,15,60,48,10,11,1,60,60,6,enc_dec,1,39.6096
seal,7,15,60,48,10,11,1,60,60,6,rot1,1,33.9578
seal,7,15,60,48,10,11,1,60,60,5,enc_dec,1,39.6032
seal,7,15,60,48,10,11,1,60,60,5,rot1,1,33.9526
seal,7,15,60,48,10,11,1,60,60,4,enc_dec,1,39.6246
seal,7,15,60,48,10,11,1,60,60,4,rot1,1,33.9498
seal,7,15,60,48,10,11,1,60,60,3,enc_dec,1,39.6172
seal,7,15,60,48,10,11,1,60,60,3,rot1,1,33.9471
seal,7,15,60,48,10,11,1,60,60,2,enc_dec,1,39.6160
seal,7,15,60,48,10,11,1,60,60,2,rot1,1,33.9463
seal,7,15,60,48,10,11,1,60,60,1,enc_dec,1,39.6166
seal,7,15,60,48,10,11,1,60,60,1,rot1,1,33.9552
seal,7,15,60,48,10,11,1,60,60,10,enc_dec,2,39.6104
seal,7,15,60,48,10,11,1,60,60,10,rot1,2,33.9639
seal,7,15,60,48,10,11,1,60,60,9,enc_dec,2,39.6153
seal,7,15,60,48,10,11,1,60,60,9,rot1,2,33.9757
seal,7,15,60,48,10,11,1,60,60,8,enc_dec,2,39.6175
seal,7,15,60,48,10,11,1,60,60,8,rot1,2,33.9852
seal,7,15,60,48,10,11,1,60,60,7,enc_dec,2,39.6257
seal,7,15,60,48,10,11,1,60,60,7,rot1,2,33.9641
seal,7,15,60,48,10,11,1,60,60,6,enc_dec,2,39.6229
seal,7,15,60,48,10,11,1,60,60,6,rot1,2,33.9667
seal,7,15,60,48,10,11,1,60,60,5,enc_dec,2,39.6179
seal,7,15,60,48,10,11,1,60,60,5,rot1,2,33.9507
seal,7,15,60,48,10,11,1,60,60,4,enc_dec,2,39.6266
seal,7,15,60,48,10,11,1,60,60,4,rot1,2,33.9699
seal,7,15,60,48,10,11,1,60,60,3,enc_dec,2,39.6346
seal,7,15,60,48,10,11,1,60,60,3,rot1,2,33.9691
seal,7,15,60,48,10,11,1,60,60,2,enc_dec,2,39.6164
seal,7,15,60,48,10,11,1,60,60,2,rot1,2,33.9686
seal,7,15,60,48,10,11,1,60,60,1,enc_dec,2,39.6206
seal,7,15,60,48,10,11,1,60,60,1,rot1,2,33.9693
seal,7,15,60,48,10,11,1,60,60,10,enc_dec,3,39.6325
seal,7,15,60,48,10,11,1,60,60,10,rot1,3,33.9827
seal,7,15,60,48,10,11,1,60,60,9,enc_dec,3,39.6228
seal,7,15,60,48,10,11,1,60,60,9,rot1,3,33.9996
seal,7,15,60,48,10,11,1,60,60,8,enc_dec,3,39.6098
seal,7,15,60,48,10,11,1,60,60,8,rot1,3,33.9737
seal,7,15,60,48,10,11,1,60,60,7,enc_dec,3,39.6119
seal,7,15,60,48,10,11,1,60,60,7,rot1,3,33.9906
seal,7,15,60,48,10,11,1,60,60,6,enc_dec,3,39.6265
seal,7,15,60,48,10,11,1,60,60,6,rot1,3,33.9749
seal,7,15,60,48,10,11,1,60,60,5,enc_dec,3,39.6157
seal,7,15,60,48,10,11,1,60,60,5,rot1,3,33.9927
seal,7,15,60,48,10,11,1,60,60,4,enc_dec,3,39.6155
seal,7,15,60,48,10,11,1,60,60,4,rot1,3,33.9769
seal,7,15,60,48,10,11,1,60,60,3,enc_dec,3,39.6356
seal,7,15,60,48,10,11,1,60,60,3,rot1,3,33.9702
seal,7,15,60,48,10,11,1,60,60,2,enc_dec,3,39.6042
seal,7,15,60,48,10,11,1,60,60,2,rot1,3,33.9754
seal,7,15,60,48,10,11,1,60,60,1,enc_dec,3,39.6159
seal,7,15,60,48,10,11,1,60,60,1,rot1,3,33.9938
seal,7,15,60,48,10,11,1,60,60,10,enc_dec,4,39.6130
seal,7,15,60,48,10,11,1,60,60,10,rot1,4,34.0000
seal,7,15,60,48,10,11,1,60,60,9,enc_dec,4,39.6320
seal,7,15,60,48,10,11,1,60,60,9,rot1,4,33.9872
seal,7,15,60,48,10,11,1,60,60,8,enc_dec,4,39.6153
seal,7,15,60,48,10,11,1,60,60,8,rot1,4,33.9899
seal,7,15,60,48,10,11,1,60,60,7,enc_dec,4,39.6062
seal,7,15,60,48,10,11,1,60,60,7,rot1,4,33.9912
seal,7,15,60,48,10,11,1,60,60,6,enc_dec,4,39.6097
seal,7,15,60,48,10,11,1,60,60,6,rot1,4,33.9824
seal,7,15,60,48,10,11,1,60,60,5,enc_dec,4,39.6160
seal,7,15,60,48,10,11,1,60,60,5,rot1,4,33.9911
seal,7,15,60,48,10,11,1,60,60,4,enc_dec,4,39.6122
seal,7,15,60,48,10,11,1,60,60,4,rot1,4,33.9808
seal,7,15,60,48,10,11,1,60,60,3,enc_dec,4,39.6171
seal,7,15,60,48,10,11,1,60,60,3,rot1,4,34.0001
seal,7,15,60,48,10,11,1,60,60,2,enc_dec,4,39.6035
seal,7,15,60,48,10,11,1,60,60,2,rot1,4,33.9770
seal,7,15,60,48,10,11,1,60,60,1,enc_dec,4,39.6290
seal,7,15,60,48,10,11,1,60,60,1,rot1,4,33.9877
seal,7,15,60,48,10,11,1,60,60,10,enc_dec,5,39.6201
seal,7,15,60,48,10,11,1,60,60,10,rot1,5,33.9364
seal,7,15,60,48,10,11,1,60,60,9,enc_dec,5,39.6231
seal,7,15,60,48,10,11,1,60,60,9,rot1,5,33.9277
seal,7,15,60,48,10,11,1,60,60,8,enc_dec,5,39.6154
seal,7,15,60,48,10,11,1,60,60,8,rot1,5,33.9453
seal,7,15,60,48,10,11,1,60,60,7,enc_dec,5,39.6245
seal,7,15,60,48,10,11,1,60,60,7,rot1,5,33.9333
seal,7,15,60,48,10,11,1,60,60,6,enc_dec,5,39.6281
seal,7,15,60,48,10,11,1,60,60,6,rot1,5,33.9268
seal,7,15,60,48,10,11,1,60,60,5,enc_dec,5,39.6121
seal,7,15,60,48,10,11,1,60,60,5,rot1,5,33.9440
seal,7,15,60,48,10,11,1,60,60,4,enc_dec,5,39.6109
seal,7,15,60,48,10,11,1,60,60,4,rot1,5,33.9409
seal,7,15,60,48,10,11,1,60,60,3,enc_dec,5,39.6122
seal,7,15,60,48,10,11,1,60,60,3,rot1,5,33.9451
seal,7,15,60,48,10,11,1,60,60,2,enc_dec,5,39.6113
seal,7,15,60,48,10,11,1,60,60,2,rot1,5,33.9347
seal,7,15,60,48,10,11,1,60,60,1,enc_dec,5,39.6163
seal,7,15,60,48,10,11,1,60,60,1,rot1,5,33.9362
seal,7,15,60,48,10,11,1,60,60,10,enc_dec,6,39.6144
seal,7,15,60,48,10,11,1,60,60,10,rot1,6,33.9597
seal,7,15,60,48,10,11,1,60,60,9,enc_dec,6,39.6004
seal,7,15,60,48,10,11,1,60,60,9,rot1,6,33.9719
seal,7,15,60,48,10,11,1,60,60,8,enc_dec,6,39.6215
seal,7,15,60,48,10,11,1,60,60,8,rot1,6,33.9596
seal,7,15,60,48,10,11,1,60,60,7,enc_dec,6,39.6241
seal,7,15,60,48,10,11,1,60,60,7,rot1,6,33.9660
seal,7,15,60,48,10,11,1,60,60,6,enc_dec,6,39.6132
seal,7,15,60,48,10,11,1,60,60,6,rot1,6,33.9742
seal,7,15,60,48,10,11,1,60,60,5,enc_dec,6,39.6280
seal,7,15,60,48,10,11,1,60,60,5,rot1,6,33.9527
seal,7,15,60,48,10,11,1,60,60,4,enc_dec,6,39.6284
seal,7,15,60,48,10,11,1,60,60,4,rot1,6,33.9656
seal,7,15,60,48,10,11,1,60,60,3,enc_dec,6,39.6088
seal,7,15,60,48,10,11,1,60,60,3,rot1,6,33.9679
seal,7,15,60,48,10,11,1,60,60,2,enc_dec,6,39.6209
seal,7,15,60,48,10,11,1,60,60,2,rot1,6,33.9671
seal,7,15,60,48,10,11,1,60,60,1,enc_dec,6,39.6131
seal,7,15,60,48,10,11,1,60,60,1,rot1,6,33.9649
seal,7,15,60,48,10,11,1,60,60,10,enc_dec,7,39.6280
seal,7,15,60,48,10,11,1,60,60,10,rot1,7,33.9363
seal,7,15,60,48,10,11,1,60,60,9,enc_dec,7,39.6123
seal,7,15,60,48,10,11,1,60,60,9,rot1,7,33.9335
seal,7,15,60,48,10,11,1,60,60,8,enc_dec,7,39.6186
seal,7,15,60,48,10,11,1,60,60,8,rot1,7,33.9471
seal,7,15,60,48,10,11,1,60,60,7,enc_dec,7,39.6226
seal,7,15,60,48,10,11,1,60,60,7,rot1,7,33.9270
seal,7,15,60,48,10,11,1,60,60,6,enc_dec,7,39.6148
seal,7,15,60,48,10,11,1,60,60,6,rot1,7,33.9268
seal,7,15,60,48,10,11,1,60,60,5,enc_dec,7,39.6176
seal,7,15,60,48,10,11,1,60,60,5,rot1,7,33.9414
seal,7,15,60,48,10,11,1,60,60,4,enc_dec,7,39.6092
seal,7,15,60,48,10,11,1,60,60,4,rot1,7,33.9340
seal,7,15,60,48,10,11,1,60,60,3,enc_dec,7,39.6048
seal,7,15,60,48,10,11,1,60,60,3,rot1,7,33.9416
seal,7,15,60,48,10,11,1,60,60,2,enc_dec,7,39.6246
seal,7,15,60,48,10,11,1,60,60,2,rot1,7,33.9344
seal,7,15,60,48,10,11,1,60,60,1,enc_dec,7,39.6020
seal,7,15,60,48,10,11,1,60,60,1,rot1,7,33.9294
seal,7,15,60,48,10,11,1,60,60,10,enc_dec,8,39.6106
seal,7,15,60,48,10,11,1,60,60,10,rot1,8,33.9698
seal,7,15,60,48,10,11,1,60,60,9,enc_dec,8,39.6098
seal,7,15,60,48,10,11,1,60,60,9,rot1,8,33.9666
seal,7,15,60,48,10,11,1,60,60,8,enc_dec,8,39.6078
seal,7,15,60,48,10,11,1,60,60,8,rot1,8,33.9572
seal,7,15,60,48,10,11,1,60,60,7,enc_dec,8,39.6150
seal,7,15,60,48,10,11,1,60,60,7,rot1,8,33.9735
seal,7,15,60,48,10,11,1,60,60,6,enc_dec,8,39.6149
seal,7,15,60,48,10,11,1,60,60,6,rot1,8,33.9621
seal,7,15,60,48,10,11,1,60,60,5,enc_dec,8,39.6226
seal,7,15,60,48,10,11,1,60,60,5,rot1,8,33.9780
seal,7,15,60,48,10,11,1,60,60,4,enc_dec,8,39.6129
seal,7,15,60,48,10,11,1,60,60,4,rot1,8,33.9693
seal,7,15,60,48,10,11,1,60,60,3,enc_dec,8,39.6177
seal,7,15,60,48,10,11,1,60,60,3,rot1,8,33.9592
seal,7,15,60,48,10,11,1,60,60,2,enc_dec,8,39.6133
seal,7,15,60,48,10,11,1,60,60,2,rot1,8,33.9695
seal,7,15,60,48,10,11,1,60,60,1,enc_dec,8,39.6119
seal,7,15,60,48,10,11,1,60,60,1,rot1,8,33.9644
seal,7,15,60,48,10,11,1,60,60,10,enc_dec,9,39.6155
seal,7,15,60,48,10,11,1,60,60,10,rot1,9,33.9707
seal,7,15,60,48,10,11,1,60,60,9,enc_dec,9,39.6081
seal,7,15,60,48,10,11,1,60,60,9,rot1,9,33.9745
seal,7,15,60,48,10,11,1,60,60,8,enc_dec,9,39.6176
seal,7,15,60,48,10,11,1,60,60,8,rot1,9,33.9811
seal,7,15,60,48,10,11,1,60,60,7,enc_dec,9,39.6005
seal,7,15,60,48,10,11,1,60,60,7,rot1,9,33.9720
seal,7,15,60,48,10,11,1,60,60,6,enc_dec,9,39.6099
seal,7,15,60,48,10,11,1,60,60,6,rot1,9,33.9593
seal,7,15,60,48,10,11,1,60,60,5,enc_dec,9,39.6156
seal,7,15,60,48,10,11,1,60,60,5,rot1,9,33.9673
seal,7,15,60,48,10,11,1,60,60,4,enc_dec,9,39.6230
seal,7,15,60,48,10,11,1,60,60,4,rot1,9,33.9638
seal,7,15,60,48,10,11,1,60,60,3,enc_dec,9,39.6351
seal,7,15,60,48,10,11,1,60,60,3,rot1,9,33.9722
seal,7,15,60,48,10,11,1,60,60,2,enc_dec,9,39.6078
seal,7,15,60,48,10,11,1,60,60,2,rot1,9,33.9687
seal,7,15,60,48,10,11,1,60,60,1,enc_dec,9,39.6181
seal,7,15,60,48,10,11,1,60,60,1,rot1,9,33.9453
seal,7,15,60,48,10,11,1,60,60,10,enc_dec,10,39.6018
seal,7,15,60,48,10,11,1,60,60,10,rot1,10,33.9651
seal,7,15,60,48,10,11,1,60,60,9,enc_dec,10,39.6188
seal,7,15,60,48,10,11,1,60,60,9,rot1,10,33.9815
seal,7,15,60,48,10,11,1,60,60,8,enc_dec,10,39.6125
seal,7,15,60,48,10,11,1,60,60,8,rot1,10,33.9725
seal,7,15,60,48,10,11,1,60,60,7,enc_dec,10,39.5957
seal,7,15,60,48,10,11,1,60,60,7,rot1,10,33.9843
seal,7,15,60,48,10,11,1,60,60,6,enc_dec,10,39.6212
seal,7,15,60,48,10,11,1,60,60,6,rot1,10,33.9785
seal,7,15,60,48,10,11,1,60,60,5,enc_dec,10,39.6249
seal,7,15,60,48,10,11,1,60,60,5,rot1,10,33.9798
seal,7,15,60,48,10,11,1,60,60,4,enc_dec,10,39.6243
seal,7,15,60,48,10,11,1,60,60,4,rot1,10,33.9653
seal,7,15,60,48,10,11,1,60,60,3,enc_dec,10,39.6353
seal,7,15,60,48,10,11,1,60,60,3,rot1,10,33.9688
seal,7,15,60,48,10,11,1,60,60,2,enc_dec,10,39.6284
seal,7,15,60,48,10,11,1,60,60,2,rot1,10,33.9631
seal,7,15,60,48,10,11,1,60,60,1,enc_dec,10,39.6169
seal,7,15,60,48,10,11,1,60,60,1,rot1,10,33.9771
seal,7,15,60,48,10,11,1,60,60,10,enc_dec,11,39.6115
seal,7,15,60,48,10,11,1,60,60,10,rot1,11,33.9793
seal,7,15,60,48,10,11,1,60,60,9,enc_dec,11,39.6209
seal,7,15,60,48,10,11,1,60,60,9,rot1,11,33.9724
seal,7,15,60,48,10,11,1,60,60,8,enc_dec,11,39.6198
seal,7,15,60,48,10,11,1,60,60,8,rot1,11,33.9816
seal,7,15,60,48,10,11,1,60,60,7,enc_dec,11,39.6185
seal,7,15,60,48,10,11,1,60,60,7,rot1,11,33.9687
seal,7,15,60,48,10,11,1,60,60,6,enc_dec,11,39.6285
seal,7,15,60,48,10,11,1,60,60,6,rot1,11,33.9817
seal,7,15,60,48,10,11,1,60,60,5,enc_dec,11,39.6277
seal,7,15,60,48,10,11,1,60,60,5,rot1,11,33.9773
seal,7,15,60,48,10,11,1,60,60,4,enc_dec,11,39.6208
seal,7,15,60,48,10,11,1,60,60,4,rot1,11,33.9694
seal,7,15,60,48,10,11,1,60,60,3,enc_dec,11,39.6213
seal,7,15,60,48,10,11,1,60,60,3,rot1,11,33.9794
seal,7,15,60,48,10,11,1,60,60,2,enc_dec,11,39.6086
seal,7,15,60,48,10,11,1,60,60,2,rot1,11,33.9898
seal,7,15,60,48,10,11,1,60,60,1,enc_dec,11,39.6100
seal,7,15,60,48,10,11,1,60,60,1,rot1,11,33.9610
