q0,delta,residual_L,levelBudget_c2s,levelBudget_s2c,boot_depth_of,evalmod_levels_of,evalmod_levels_la,logQ_boot_la,dnum_of,PCount_boot_of,logP_boot_of,logQP_boot_of,margin_1747_of,boot_depth_la,dnum_la,PCount_boot_la,logP_boot_la,logQP_boot_la,margin_1747_la,rotkeys_la,grid_of,grid_la
40,33,3,2,2,18,14,13.0,979.0,1,13.0,780.0,1513.0,234.0,17.0,3.0,7,427.0,1406.0,341.0,61,L3-14,L3-14
40,33,4,2,2,18,14,13.0,1012.0,1,13.0,780.0,1546.0,201.0,17.0,3.0,8,488.0,1500.0,247.0,61,L3-14,L3-14
40,33,5,2,2,18,14,13.0,1045.0,1,14.0,840.0,1639.0,108.0,17.0,3.0,8,488.0,1533.0,214.0,61,L3-14,L3-14
40,33,6,2,2,18,14,13.0,1078.0,1,14.0,840.0,1672.0,75.0,17.0,3.0,8,488.0,1566.0,181.0,61,L3-14,L3-14
40,33,7,2,2,18,14,13.0,1111.0,2,8.0,480.0,1345.0,402.0,17.0,4.0,7,427.0,1538.0,209.0,61,L3-14,L3-14
40,33,8,2,2,18,14,13.0,1144.0,2,8.0,480.0,1378.0,369.0,17.0,4.0,7,427.0,1571.0,176.0,61,L3-14,L3-14
40,33,9,2,2,18,14,13.0,1177.0,2,8.0,480.0,1411.0,336.0,17.0,4.0,7,427.0,1604.0,143.0,61,L3-14,L3-14
40,33,10,2,2,18,14,13.0,1210.0,2,9.0,540.0,1504.0,243.0,17.0,4.0,7,427.0,1637.0,110.0,61,L3-14,L3-14
40,33,11,2,2,18,14,13.0,1243.0,2,9.0,540.0,1537.0,210.0,17.0,4.0,8,488.0,1731.0,16.0,61,L3-14,L3-14
40,33,12,2,2,18,14,13.0,1276.0,2,9.0,540.0,1570.0,177.0,17.0,5.0,6,366.0,1642.0,105.0,61,L3-14,L3-14
40,33,13,2,2,18,14,13.0,1309.0,2,9.0,540.0,1603.0,144.0,17.0,5.0,7,427.0,1736.0,11.0,61,L3-14,L3-14
40,33,14,2,2,18,14,13.0,1342.0,2,10.0,600.0,1696.0,51.0,17.0,6.0,6,366.0,1708.0,39.0,61,L3-14,L3-14
40,33,15,2,2,18,14,13.0,1375.0,2,10.0,600.0,1729.0,18.0,17.0,6.0,6,366.0,1741.0,6.0,61,L15-20,L15-20
40,33,16,2,2,18,14,13.0,1408.0,3,7.0,420.0,1582.0,165.0,17.0,7.0,5,305.0,1713.0,34.0,61,L15-20,L15-20
40,33,17,2,2,18,14,13.0,1441.0,3,7.0,420.0,1615.0,132.0,17.0,7.0,5,305.0,1746.0,1.0,61,L15-20,L15-20
40,33,3,3,3,20,14,13.0,1074.0,1,14.0,840.0,1639.0,108.0,19.0,3.0,8,488.0,1562.0,185.0,39,L3-14,L3-14
40,33,4,3,3,20,14,13.0,1107.0,1,14.0,840.0,1672.0,75.0,19.0,3.0,8,488.0,1595.0,152.0,39,L3-14,L3-14
40,33,5,3,3,20,14,13.0,1140.0,2,8.0,480.0,1345.0,402.0,19.0,4.0,7,427.0,1567.0,180.0,39,L3-14,L3-14
40,33,6,3,3,20,14,13.0,1173.0,2,8.0,480.0,1378.0,369.0,19.0,4.0,7,427.0,1600.0,147.0,39,L3-14,L3-14
40,33,7,3,3,20,14,13.0,1206.0,2,8.0,480.0,1411.0,336.0,19.0,4.0,7,427.0,1633.0,114.0,39,L3-14,L3-14
40,33,8,3,3,20,14,13.0,1239.0,2,9.0,540.0,1504.0,243.0,19.0,4.0,7,427.0,1666.0,81.0,39,L3-14,L3-14
40,33,9,3,3,20,14,13.0,1272.0,2,9.0,540.0,1537.0,210.0,19.0,5.0,6,366.0,1638.0,109.0,39,L3-14,L3-14
40,33,10,3,3,20,14,13.0,1305.0,2,9.0,540.0,1570.0,177.0,19.0,5.0,6,366.0,1671.0,76.0,39,L3-14,L3-14
40,33,11,3,3,20,14,13.0,1338.0,2,9.0,540.0,1603.0,144.0,19.0,6.0,6,366.0,1704.0,43.0,39,L3-14,L3-14
40,33,12,3,3,20,14,13.0,1371.0,2,10.0,600.0,1696.0,51.0,19.0,6.0,6,366.0,1737.0,10.0,39,L3-14,L3-14
40,33,13,3,3,20,14,13.0,1404.0,2,10.0,600.0,1729.0,18.0,19.0,7.0,5,305.0,1709.0,38.0,39,L3-14,L3-14
40,33,14,3,3,20,14,13.0,1437.0,3,7.0,420.0,1582.0,165.0,19.0,7.0,5,305.0,1742.0,5.0,39,L3-14,L3-14
40,33,3,3,4,21,14,13.0,1113.0,1,14.0,840.0,1672.0,75.0,20.0,3.0,8,488.0,1601.0,146.0,48,L3-14,L3-14
40,33,4,3,4,21,14,13.0,1146.0,2,8.0,480.0,1345.0,402.0,20.0,4.0,7,427.0,1573.0,174.0,48,L3-14,L3-14
40,33,5,3,4,21,14,13.0,1179.0,2,8.0,480.0,1378.0,369.0,20.0,4.0,7,427.0,1606.0,141.0,48,L3-14,L3-14
40,33,6,3,4,21,14,13.0,1212.0,2,8.0,480.0,1411.0,336.0,20.0,4.0,7,427.0,1639.0,108.0,48,L3-14,L3-14
40,33,7,3,4,21,14,13.0,1245.0,2,9.0,540.0,1504.0,243.0,20.0,4.0,7,427.0,1672.0,75.0,48,L3-14,L3-14
40,33,8,3,4,21,14,13.0,1278.0,2,9.0,540.0,1537.0,210.0,20.0,5.0,6,366.0,1644.0,103.0,48,L3-14,L3-14
40,33,9,3,4,21,14,13.0,1311.0,2,9.0,540.0,1570.0,177.0,20.0,5.0,6,366.0,1677.0,70.0,48,L3-14,L3-14
40,33,10,3,4,21,14,13.0,1344.0,2,9.0,540.0,1603.0,144.0,20.0,6.0,6,366.0,1710.0,37.0,48,L3-14,L3-14
40,33,11,3,4,21,14,13.0,1377.0,2,10.0,600.0,1696.0,51.0,20.0,6.0,6,366.0,1743.0,4.0,48,L3-14,L3-14
40,33,12,3,4,21,14,13.0,1410.0,2,10.0,600.0,1729.0,18.0,20.0,7.0,5,305.0,1715.0,32.0,48,L3-14,L3-14
40,33,3,4,3,21,14,13.0,1130.0,1,14.0,840.0,1672.0,75.0,20.0,3.0,8,488.0,1618.0,129.0,48,L3-14,L3-14
40,33,4,4,3,21,14,13.0,1163.0,2,8.0,480.0,1345.0,402.0,20.0,4.0,7,427.0,1590.0,157.0,48,L3-14,L3-14
40,33,5,4,3,21,14,13.0,1196.0,2,8.0,480.0,1378.0,369.0,20.0,4.0,7,427.0,1623.0,124.0,48,L3-14,L3-14
40,33,6,4,3,21,14,13.0,1229.0,2,8.0,480.0,1411.0,336.0,20.0,4.0,7,427.0,1656.0,91.0,48,L3-14,L3-14
40,33,7,4,3,21,14,13.0,1262.0,2,9.0,540.0,1504.0,243.0,20.0,4.0,7,427.0,1689.0,58.0,48,L3-14,L3-14
40,33,8,4,3,21,14,13.0,1295.0,2,9.0,540.0,1537.0,210.0,20.0,5.0,6,366.0,1661.0,86.0,48,L3-14,L3-14
40,33,9,4,3,21,14,13.0,1328.0,2,9.0,540.0,1570.0,177.0,20.0,5.0,6,366.0,1694.0,53.0,48,L3-14,L3-14
40,33,10,4,3,21,14,13.0,1361.0,2,9.0,540.0,1603.0,144.0,20.0,6.0,6,366.0,1727.0,20.0,48,L3-14,L3-14
40,33,11,4,3,21,14,13.0,1394.0,2,10.0,600.0,1696.0,51.0,20.0,7.0,5,305.0,1699.0,48.0,48,L3-14,L3-14
40,33,12,4,3,21,14,13.0,1427.0,2,10.0,600.0,1729.0,18.0,20.0,7.0,5,305.0,1732.0,15.0,48,L3-14,L3-14
40,33,3,4,4,22,14,13.0,1169.0,2,8.0,480.0,1345.0,402.0,21.0,4.0,7,427.0,1596.0,151.0,33,L3-14,L3-14
40,33,4,4,4,22,14,13.0,1202.0,2,8.0,480.0,1378.0,369.0,21.0,4.0,7,427.0,1629.0,118.0,33,L3-14,L3-14
40,33,5,4,4,22,14,13.0,1235.0,2,8.0,480.0,1411.0,336.0,21.0,4.0,7,427.0,1662.0,85.0,33,L3-14,L3-14
40,33,6,4,4,22,14,13.0,1268.0,2,9.0,540.0,1504.0,243.0,21.0,4.0,7,427.0,1695.0,52.0,33,L3-14,L3-14
40,33,7,4,4,22,14,13.0,1301.0,2,9.0,540.0,1537.0,210.0,21.0,5.0,6,366.0,1667.0,80.0,33,L3-14,L3-14
40,33,8,4,4,22,14,13.0,1334.0,2,9.0,540.0,1570.0,177.0,21.0,5.0,6,366.0,1700.0,47.0,33,L3-14,L3-14
40,33,9,4,4,22,14,13.0,1367.0,2,9.0,540.0,1603.0,144.0,21.0,6.0,6,366.0,1733.0,14.0,33,L3-14,L3-14
40,33,10,4,4,22,14,13.0,1400.0,2,10.0,600.0,1696.0,51.0,21.0,7.0,5,305.0,1705.0,42.0,33,L3-14,L3-14
40,33,11,4,4,22,14,13.0,1433.0,2,10.0,600.0,1729.0,18.0,21.0,7.0,5,305.0,1738.0,9.0,33,L3-14,L3-14
40,35,3,2,2,18,14,13.0,985.0,1,13.0,780.0,1555.0,192.0,17.0,3.0,7,427.0,1412.0,335.0,61,L3-14,L3-14
40,35,4,2,2,18,14,13.0,1020.0,1,14.0,840.0,1650.0,97.0,17.0,3.0,8,488.0,1508.0,239.0,61,L3-14,L3-14
40,35,5,2,2,18,14,13.0,1055.0,1,15.0,900.0,1745.0,2.0,17.0,3.0,8,488.0,1543.0,204.0,61,L3-14,L3-14
40,35,6,2,2,18,14,13.0,1090.0,2,8.0,480.0,1360.0,387.0,17.0,3.0,8,488.0,1578.0,169.0,61,L3-14,L3-14
40,35,7,2,2,18,14,13.0,1125.0,2,8.0,480.0,1395.0,352.0,17.0,4.0,7,427.0,1552.0,195.0,61,L3-14,L3-14
40,35,8,2,2,18,14,13.0,1160.0,2,9.0,540.0,1490.0,257.0,17.0,4.0,7,427.0,1587.0,160.0,61,L3-14,L3-14
40,35,9,2,2,18,14,13.0,1195.0,2,9.0,540.0,1525.0,222.0,17.0,4.0,7,427.0,1622.0,125.0,61,L3-14,L3-14
40,35,10,2,2,18,14,13.0,1230.0,2,9.0,540.0,1560.0,187.0,17.0,4.0,7,427.0,1657.0,90.0,61,L3-14,L3-14
40,35,11,2,2,18,14,13.0,1265.0,2,9.0,540.0,1595.0,152.0,17.0,5.0,6,366.0,1631.0,116.0,61,L3-14,L3-14
40,35,12,2,2,18,14,13.0,1300.0,2,10.0,600.0,1690.0,57.0,17.0,5.0,6,366.0,1666.0,81.0,61,L3-14,L3-14
40,35,13,2,2,18,14,13.0,1335.0,2,10.0,600.0,1725.0,22.0,17.0,6.0,6,366.0,1701.0,46.0,61,L3-14,L3-14
40,35,14,2,2,18,14,13.0,1370.0,3,7.0,420.0,1580.0,167.0,17.0,6.0,6,366.0,1736.0,11.0,61,L3-14,L3-14
40,35,15,2,2,18,14,13.0,1405.0,3,8.0,480.0,1675.0,72.0,17.0,7.0,5,305.0,1710.0,37.0,61,L15-20,L15-20
40,35,16,2,2,18,14,13.0,1440.0,3,8.0,480.0,1710.0,37.0,17.0,7.0,5,305.0,1745.0,2.0,61,L15-20,L15-20
40,35,3,3,3,20,14,13.0,1080.0,1,15.0,900.0,1745.0,2.0,19.0,3.0,8,488.0,1568.0,179.0,39,L3-14,L3-14
40,35,4,3,3,20,14,13.0,1115.0,2,8.0,480.0,1360.0,387.0,19.0,3.0,8,488.0,1603.0,144.0,39,L3-14,L3-14
40,35,5,3,3,20,14,13.0,1150.0,2,8.0,480.0,1395.0,352.0,19.0,4.0,7,427.0,1577.0,170.0,39,L3-14,L3-14
40,35,6,3,3,20,14,13.0,1185.0,2,9.0,540.0,1490.0,257.0,19.0,4.0,7,427.0,1612.0,135.0,39,L3-14,L3-14
40,35,7,3,3,20,14,13.0,1220.0,2,9.0,540.0,1525.0,222.0,19.0,4.0,7,427.0,1647.0,100.0,39,L3-14,L3-14
40,35,8,3,3,20,14,13.0,1255.0,2,9.0,540.0,1560.0,187.0,19.0,4.0,7,427.0,1682.0,65.0,39,L3-14,L3-14
40,35,9,3,3,20,14,13.0,1290.0,2,9.0,540.0,1595.0,152.0,19.0,5.0,6,366.0,1656.0,91.0,39,L3-14,L3-14
40,35,10,3,3,20,14,13.0,1325.0,2,10.0,600.0,1690.0,57.0,19.0,5.0,6,366.0,1691.0,56.0,39,L3-14,L3-14
40,35,11,3,3,20,14,13.0,1360.0,2,10.0,600.0,1725.0,22.0,19.0,6.0,6,366.0,1726.0,21.0,39,L3-14,L3-14
40,35,12,3,3,20,14,13.0,1395.0,3,7.0,420.0,1580.0,167.0,19.0,7.0,5,305.0,1700.0,47.0,39,L3-14,L3-14
40,35,13,3,3,20,14,13.0,1430.0,3,8.0,480.0,1675.0,72.0,19.0,7.0,5,305.0,1735.0,12.0,39,L3-14,L3-14
40,35,3,3,4,21,14,13.0,1119.0,2,8.0,480.0,1360.0,387.0,20.0,3.0,8,488.0,1607.0,140.0,48,L3-14,L3-14
40,35,4,3,4,21,14,13.0,1154.0,2,8.0,480.0,1395.0,352.0,20.0,4.0,7,427.0,1581.0,166.0,48,L3-14,L3-14
40,35,5,3,4,21,14,13.0,1189.0,2,9.0,540.0,1490.0,257.0,20.0,4.0,7,427.0,1616.0,131.0,48,L3-14,L3-14
40,35,6,3,4,21,14,13.0,1224.0,2,9.0,540.0,1525.0,222.0,20.0,4.0,7,427.0,1651.0,96.0,48,L3-14,L3-14
40,35,7,3,4,21,14,13.0,1259.0,2,9.0,540.0,1560.0,187.0,20.0,4.0,7,427.0,1686.0,61.0,48,L3-14,L3-14
40,35,8,3,4,21,14,13.0,1294.0,2,9.0,540.0,1595.0,152.0,20.0,5.0,6,366.0,1660.0,87.0,48,L3-14,L3-14
40,35,9,3,4,21,14,13.0,1329.0,2,10.0,600.0,1690.0,57.0,20.0,5.0,6,366.0,1695.0,52.0,48,L3-14,L3-14
40,35,10,3,4,21,14,13.0,1364.0,2,10.0,600.0,1725.0,22.0,20.0,6.0,6,366.0,1730.0,17.0,48,L3-14,L3-14
40,35,11,3,4,21,14,13.0,1399.0,3,7.0,420.0,1580.0,167.0,20.0,7.0,5,305.0,1704.0,43.0,48,L3-14,L3-14
40,35,12,3,4,21,14,13.0,1434.0,3,8.0,480.0,1675.0,72.0,20.0,7.0,5,305.0,1739.0,8.0,48,L3-14,L3-14
40,35,3,4,3,21,14,13.0,1136.0,2,8.0,480.0,1360.0,387.0,20.0,3.0,8,488.0,1624.0,123.0,48,L3-14,L3-14
40,35,4,4,3,21,14,13.0,1171.0,2,8.0,480.0,1395.0,352.0,20.0,4.0,7,427.0,1598.0,149.0,48,L3-14,L3-14
40,35,5,4,3,21,14,13.0,1206.0,2,9.0,540.0,1490.0,257.0,20.0,4.0,7,427.0,1633.0,114.0,48,L3-14,L3-14
40,35,6,4,3,21,14,13.0,1241.0,2,9.0,540.0,1525.0,222.0,20.0,4.0,7,427.0,1668.0,79.0,48,L3-14,L3-14
40,35,7,4,3,21,14,13.0,1276.0,2,9.0,540.0,1560.0,187.0,20.0,4.0,7,427.0,1703.0,44.0,48,L3-14,L3-14
40,35,8,4,3,21,14,13.0,1311.0,2,9.0,540.0,1595.0,152.0,20.0,5.0,6,366.0,1677.0,70.0,48,L3-14,L3-14
40,35,9,4,3,21,14,13.0,1346.0,2,10.0,600.0,1690.0,57.0,20.0,5.0,6,366.0,1712.0,35.0,48,L3-14,L3-14
40,35,10,4,3,21,14,13.0,1381.0,2,10.0,600.0,1725.0,22.0,20.0,6.0,6,366.0,1747.0,0.0,48,L3-14,L3-14
40,35,11,4,3,21,14,13.0,1416.0,3,7.0,420.0,1580.0,167.0,20.0,7.0,5,305.0,1721.0,26.0,48,L3-14,L3-14
40,35,3,4,4,22,14,13.0,1175.0,2,8.0,480.0,1395.0,352.0,21.0,4.0,7,427.0,1602.0,145.0,33,L3-14,L3-14
40,35,4,4,4,22,14,13.0,1210.0,2,9.0,540.0,1490.0,257.0,21.0,4.0,7,427.0,1637.0,110.0,33,L3-14,L3-14
40,35,5,4,4,22,14,13.0,1245.0,2,9.0,540.0,1525.0,222.0,21.0,4.0,7,427.0,1672.0,75.0,33,L3-14,L3-14
40,35,6,4,4,22,14,13.0,1280.0,2,9.0,540.0,1560.0,187.0,21.0,4.0,7,427.0,1707.0,40.0,33,L3-14,L3-14
40,35,7,4,4,22,14,13.0,1315.0,2,9.0,540.0,1595.0,152.0,21.0,5.0,6,366.0,1681.0,66.0,33,L3-14,L3-14
40,35,8,4,4,22,14,13.0,1350.0,2,10.0,600.0,1690.0,57.0,21.0,5.0,6,366.0,1716.0,31.0,33,L3-14,L3-14
40,35,9,4,4,22,14,13.0,1385.0,2,10.0,600.0,1725.0,22.0,21.0,7.0,5,305.0,1690.0,57.0,33,L3-14,L3-14
40,35,10,4,4,22,14,13.0,1420.0,3,7.0,420.0,1580.0,167.0,21.0,7.0,5,305.0,1725.0,22.0,33,L3-14,L3-14
40,38,3,2,2,18,14,13.0,994.0,1,14.0,840.0,1678.0,69.0,17.0,3.0,7,427.0,1421.0,326.0,61,L3-14,L3-14
40,38,4,2,2,18,14,13.0,1032.0,2,8.0,480.0,1356.0,391.0,17.0,3.0,8,488.0,1520.0,227.0,61,L3-14,L3-14
40,38,5,2,2,18,14,13.0,1070.0,2,8.0,480.0,1394.0,353.0,17.0,3.0,8,488.0,1558.0,189.0,61,L3-14,L3-14
40,38,6,2,2,18,14,13.0,1108.0,2,9.0,540.0,1492.0,255.0,17.0,3.0,8,488.0,1596.0,151.0,61,L3-14,L3-14
40,38,7,2,2,18,14,13.0,1146.0,2,9.0,540.0,1530.0,217.0,17.0,4.0,7,427.0,1573.0,174.0,61,L3-14,L3-14
40,38,8,2,2,18,14,13.0,1184.0,2,9.0,540.0,1568.0,179.0,17.0,4.0,7,427.0,1611.0,136.0,61,L3-14,L3-14
40,38,9,2,2,18,14,13.0,1222.0,2,9.0,540.0,1606.0,141.0,17.0,4.0,7,427.0,1649.0,98.0,61,L3-14,L3-14
40,38,10,2,2,18,14,13.0,1260.0,2,10.0,600.0,1704.0,43.0,17.0,4.0,7,427.0,1687.0,60.0,61,L3-14,L3-14
40,38,11,2,2,18,14,13.0,1298.0,2,10.0,600.0,1742.0,5.0,17.0,5.0,6,366.0,1664.0,83.0,61,L3-14,L3-14
40,38,12,2,2,18,14,13.0,1336.0,3,7.0,420.0,1600.0,147.0,17.0,5.0,6,366.0,1702.0,45.0,61,L3-14,L3-14
40,38,13,2,2,18,14,13.0,1374.0,3,7.0,420.0,1638.0,109.0,17.0,6.0,6,366.0,1740.0,7.0,61,L3-14,L3-14
40,38,14,2,2,18,14,13.0,1412.0,3,7.0,420.0,1676.0,71.0,17.0,7.0,5,305.0,1717.0,30.0,61,L3-14,L3-14
40,38,3,3,3,20,14,13.0,1089.0,2,8.0,480.0,1394.0,353.0,19.0,3.0,8,488.0,1577.0,170.0,39,L3-14,L3-14
40,38,4,3,3,20,14,13.0,1127.0,2,9.0,540.0,1492.0,255.0,19.0,3.0,8,488.0,1615.0,132.0,39,L3-14,L3-14
40,38,5,3,3,20,14,13.0,1165.0,2,9.0,540.0,1530.0,217.0,19.0,4.0,7,427.0,1592.0,155.0,39,L3-14,L3-14
40,38,6,3,3,20,14,13.0,1203.0,2,9.0,540.0,1568.0,179.0,19.0,4.0,7,427.0,1630.0,117.0,39,L3-14,L3-14
40,38,7,3,3,20,14,13.0,1241.0,2,9.0,540.0,1606.0,141.0,19.0,4.0,7,427.0,1668.0,79.0,39,L3-14,L3-14
40,38,8,3,3,20,14,13.0,1279.0,2,10.0,600.0,1704.0,43.0,19.0,4.0,7,427.0,1706.0,41.0,39,L3-14,L3-14
40,38,9,3,3,20,14,13.0,1317.0,2,10.0,600.0,1742.0,5.0,19.0,5.0,6,366.0,1683.0,64.0,39,L3-14,L3-14
40,38,10,3,3,20,14,13.0,1355.0,3,7.0,420.0,1600.0,147.0,19.0,5.0,6,366.0,1721.0,26.0,39,L3-14,L3-14
40,38,11,3,3,20,14,13.0,1393.0,3,7.0,420.0,1638.0,109.0,19.0,7.0,5,305.0,1698.0,49.0,39,L3-14,L3-14
40,38,12,3,3,20,14,13.0,1431.0,3,7.0,420.0,1676.0,71.0,19.0,7.0,5,305.0,1736.0,11.0,39,L3-14,L3-14
40,38,3,3,4,21,14,13.0,1128.0,2,9.0,540.0,1492.0,255.0,20.0,3.0,8,488.0,1616.0,131.0,48,L3-14,L3-14
40,38,4,3,4,21,14,13.0,1166.0,2,9.0,540.0,1530.0,217.0,20.0,4.0,7,427.0,1593.0,154.0,48,L3-14,L3-14
40,38,5,3,4,21,14,13.0,1204.0,2,9.0,540.0,1568.0,179.0,20.0,4.0,7,427.0,1631.0,116.0,48,L3-14,L3-14
40,38,6,3,4,21,14,13.0,1242.0,2,9.0,540.0,1606.0,141.0,20.0,4.0,7,427.0,1669.0,78.0,48,L3-14,L3-14
40,38,7,3,4,21,14,13.0,1280.0,2,10.0,600.0,1704.0,43.0,20.0,4.0,7,427.0,1707.0,40.0,48,L3-14,L3-14
40,38,8,3,4,21,14,13.0,1318.0,2,10.0,600.0,1742.0,5.0,20.0,5.0,6,366.0,1684.0,63.0,48,L3-14,L3-14
40,38,9,3,4,21,14,13.0,1356.0,3,7.0,420.0,1600.0,147.0,20.0,5.0,6,366.0,1722.0,25.0,48,L3-14,L3-14
40,38,10,3,4,21,14,13.0,1394.0,3,7.0,420.0,1638.0,109.0,20.0,7.0,5,305.0,1699.0,48.0,48,L3-14,L3-14
40,38,11,3,4,21,14,13.0,1432.0,3,7.0,420.0,1676.0,71.0,20.0,7.0,5,305.0,1737.0,10.0,48,L3-14,L3-14
40,38,3,4,3,21,14,13.0,1145.0,2,9.0,540.0,1492.0,255.0,20.0,3.0,8,488.0,1633.0,114.0,48,L3-14,L3-14
40,38,4,4,3,21,14,13.0,1183.0,2,9.0,540.0,1530.0,217.0,20.0,4.0,7,427.0,1610.0,137.0,48,L3-14,L3-14
40,38,5,4,3,21,14,13.0,1221.0,2,9.0,540.0,1568.0,179.0,20.0,4.0,7,427.0,1648.0,99.0,48,L3-14,L3-14
40,38,6,4,3,21,14,13.0,1259.0,2,9.0,540.0,1606.0,141.0,20.0,4.0,7,427.0,1686.0,61.0,48,L3-14,L3-14
40,38,7,4,3,21,14,13.0,1297.0,2,10.0,600.0,1704.0,43.0,20.0,4.0,7,427.0,1724.0,23.0,48,L3-14,L3-14
40,38,8,4,3,21,14,13.0,1335.0,2,10.0,600.0,1742.0,5.0,20.0,5.0,6,366.0,1701.0,46.0,48,L3-14,L3-14
40,38,9,4,3,21,14,13.0,1373.0,3,7.0,420.0,1600.0,147.0,20.0,5.0,6,366.0,1739.0,8.0,48,L3-14,L3-14
40,38,10,4,3,21,14,13.0,1411.0,3,7.0,420.0,1638.0,109.0,20.0,7.0,5,305.0,1716.0,31.0,48,L3-14,L3-14
40,38,11,4,3,21,14,13.0,1449.0,3,7.0,420.0,1676.0,71.0,20.0,8.0,4,244.0,1693.0,54.0,48,L3-14,L3-14
40,38,3,4,4,22,14,13.0,1184.0,2,9.0,540.0,1530.0,217.0,21.0,4.0,7,427.0,1611.0,136.0,33,L3-14,L3-14
40,38,4,4,4,22,14,13.0,1222.0,2,9.0,540.0,1568.0,179.0,21.0,4.0,7,427.0,1649.0,98.0,33,L3-14,L3-14
40,38,5,4,4,22,14,13.0,1260.0,2,9.0,540.0,1606.0,141.0,21.0,4.0,7,427.0,1687.0,60.0,33,L3-14,L3-14
40,38,6,4,4,22,14,13.0,1298.0,2,10.0,600.0,1704.0,43.0,21.0,4.0,7,427.0,1725.0,22.0,33,L3-14,L3-14
40,38,7,4,4,22,14,13.0,1336.0,2,10.0,600.0,1742.0,5.0,21.0,5.0,6,366.0,1702.0,45.0,33,L3-14,L3-14
40,38,8,4,4,22,14,13.0,1374.0,3,7.0,420.0,1600.0,147.0,21.0,5.0,6,366.0,1740.0,7.0,33,L3-14,L3-14
40,38,9,4,4,22,14,13.0,1412.0,3,7.0,420.0,1638.0,109.0,21.0,7.0,5,305.0,1717.0,30.0,33,L3-14,L3-14
40,38,10,4,4,22,14,13.0,1450.0,3,7.0,420.0,1676.0,71.0,21.0,8.0,4,244.0,1694.0,53.0,33,L3-14,L3-14
40,40,3,2,2,18,14,13.0,1000.0,2,8.0,480.0,1360.0,387.0,17.0,3.0,7,427.0,1427.0,320.0,61,L3-14,L3-14
40,40,4,2,2,18,14,13.0,1040.0,2,9.0,540.0,1460.0,287.0,17.0,3.0,8,488.0,1528.0,219.0,61,L3-14,L3-14
40,40,5,2,2,18,14,13.0,1080.0,2,9.0,540.0,1500.0,247.0,17.0,3.0,8,488.0,1568.0,179.0,61,L3-14,L3-14
40,40,6,2,2,18,14,13.0,1120.0,2,9.0,540.0,1540.0,207.0,17.0,3.0,8,488.0,1608.0,139.0,61,L3-14,L3-14
40,40,7,2,2,18,14,13.0,1160.0,2,9.0,540.0,1580.0,167.0,17.0,4.0,7,427.0,1587.0,160.0,61,L3-14,L3-14
40,40,8,2,2,18,14,13.0,1200.0,2,10.0,600.0,1680.0,67.0,17.0,4.0,7,427.0,1627.0,120.0,61,L3-14,L3-14
40,40,9,2,2,18,14,13.0,1240.0,2,10.0,600.0,1720.0,27.0,17.0,4.0,7,427.0,1667.0,80.0,61,L3-14,L3-14
40,40,10,2,2,18,14,13.0,1280.0,3,7.0,420.0,1580.0,167.0,17.0,4.0,7,427.0,1707.0,40.0,61,L3-14,L3-14
40,40,11,2,2,18,14,13.0,1320.0,3,7.0,420.0,1620.0,127.0,17.0,5.0,6,366.0,1686.0,61.0,61,L3-14,L3-14
40,40,12,2,2,18,14,13.0,1360.0,3,8.0,480.0,1720.0,27.0,17.0,5.0,6,366.0,1726.0,21.0,61,L3-14,L3-14
40,40,13,2,2,18,14,13.0,1400.0,4,6.0,360.0,1640.0,107.0,17.0,7.0,5,305.0,1705.0,42.0,61,L3-14,L3-14
40,40,14,2,2,18,14,13.0,1440.0,4,7.0,420.0,1740.0,7.0,17.0,7.0,5,305.0,1745.0,2.0,61,L3-14,L3-14
40,40,3,3,3,20,14,13.0,1095.0,2,9.0,540.0,1500.0,247.0,19.0,3.0,8,488.0,1583.0,164.0,39,L3-14,L3-14
40,40,4,3,3,20,14,13.0,1135.0,2,9.0,540.0,1540.0,207.0,19.0,3.0,8,488.0,1623.0,124.0,39,L3-14,L3-14
40,40,5,3,3,20,14,13.0,1175.0,2,9.0,540.0,1580.0,167.0,19.0,4.0,7,427.0,1602.0,145.0,39,L3-14,L3-14
40,40,6,3,3,20,14,13.0,1215.0,2,10.0,600.0,1680.0,67.0,19.0,4.0,7,427.0,1642.0,105.0,39,L3-14,L3-14
40,40,7,3,3,20,14,13.0,1255.0,2,10.0,600.0,1720.0,27.0,19.0,4.0,7,427.0,1682.0,65.0,39,L3-14,L3-14
40,40,8,3,3,20,14,13.0,1295.0,3,7.0,420.0,1580.0,167.0,19.0,4.0,7,427.0,1722.0,25.0,39,L3-14,L3-14
40,40,9,3,3,20,14,13.0,1335.0,3,7.0,420.0,1620.0,127.0,19.0,5.0,6,366.0,1701.0,46.0,39,L3-14,L3-14
40,40,10,3,3,20,14,13.0,1375.0,3,8.0,480.0,1720.0,27.0,19.0,5.0,6,366.0,1741.0,6.0,39,L3-14,L3-14
40,40,11,3,3,20,14,13.0,1415.0,4,6.0,360.0,1640.0,107.0,19.0,7.0,5,305.0,1720.0,27.0,39,L3-14,L3-14
40,40,12,3,3,20,14,13.0,1455.0,4,7.0,420.0,1740.0,7.0,19.0,8.0,4,244.0,1699.0,48.0,39,L3-14,L3-14
40,40,3,3,4,21,14,13.0,1134.0,2,9.0,540.0,1540.0,207.0,20.0,3.0,8,488.0,1622.0,125.0,48,L3-14,L3-14
40,40,4,3,4,21,14,13.0,1174.0,2,9.0,540.0,1580.0,167.0,20.0,4.0,7,427.0,1601.0,146.0,48,L3-14,L3-14
40,40,5,3,4,21,14,13.0,1214.0,2,10.0,600.0,1680.0,67.0,20.0,4.0,7,427.0,1641.0,106.0,48,L3-14,L3-14
40,40,6,3,4,21,14,13.0,1254.0,2,10.0,600.0,1720.0,27.0,20.0,4.0,7,427.0,1681.0,66.0,48,L3-14,L3-14
40,40,7,3,4,21,14,13.0,1294.0,3,7.0,420.0,1580.0,167.0,20.0,4.0,7,427.0,1721.0,26.0,48,L3-14,L3-14
40,40,8,3,4,21,14,13.0,1334.0,3,7.0,420.0,1620.0,127.0,20.0,5.0,6,366.0,1700.0,47.0,48,L3-14,L3-14
40,40,9,3,4,21,14,13.0,1374.0,3,8.0,480.0,1720.0,27.0,20.0,5.0,6,366.0,1740.0,7.0,48,L3-14,L3-14
40,40,10,3,4,21,14,13.0,1414.0,4,6.0,360.0,1640.0,107.0,20.0,7.0,5,305.0,1719.0,28.0,48,L3-14,L3-14
40,40,11,3,4,21,14,13.0,1454.0,4,7.0,420.0,1740.0,7.0,20.0,8.0,4,244.0,1698.0,49.0,48,L3-14,L3-14
40,40,3,4,3,21,14,13.0,1151.0,2,9.0,540.0,1540.0,207.0,20.0,3.0,8,488.0,1639.0,108.0,48,L3-14,L3-14
40,40,4,4,3,21,14,13.0,1191.0,2,9.0,540.0,1580.0,167.0,20.0,4.0,7,427.0,1618.0,129.0,48,L3-14,L3-14
40,40,5,4,3,21,14,13.0,1231.0,2,10.0,600.0,1680.0,67.0,20.0,4.0,7,427.0,1658.0,89.0,48,L3-14,L3-14
40,40,6,4,3,21,14,13.0,1271.0,2,10.0,600.0,1720.0,27.0,20.0,4.0,7,427.0,1698.0,49.0,48,L3-14,L3-14
40,40,7,4,3,21,14,13.0,1311.0,3,7.0,420.0,1580.0,167.0,20.0,4.0,7,427.0,1738.0,9.0,48,L3-14,L3-14
40,40,8,4,3,21,14,13.0,1351.0,3,7.0,420.0,1620.0,127.0,20.0,5.0,6,366.0,1717.0,30.0,48,L3-14,L3-14
40,40,9,4,3,21,14,13.0,1391.0,3,8.0,480.0,1720.0,27.0,20.0,6.0,5,305.0,1696.0,51.0,48,L3-14,L3-14
40,40,10,4,3,21,14,13.0,1431.0,4,6.0,360.0,1640.0,107.0,20.0,7.0,5,305.0,1736.0,11.0,48,L3-14,L3-14
40,40,11,4,3,21,14,13.0,1471.0,4,7.0,420.0,1740.0,7.0,20.0,8.0,4,244.0,1715.0,32.0,48,L3-14,L3-14
40,40,3,4,4,22,14,13.0,1190.0,2,9.0,540.0,1580.0,167.0,21.0,4.0,7,427.0,1617.0,130.0,33,L3-14,L3-14
40,40,4,4,4,22,14,13.0,1230.0,2,10.0,600.0,1680.0,67.0,21.0,4.0,7,427.0,1657.0,90.0,33,L3-14,L3-14
40,40,5,4,4,22,14,13.0,1270.0,2,10.0,600.0,1720.0,27.0,21.0,4.0,7,427.0,1697.0,50.0,33,L3-14,L3-14
40,40,6,4,4,22,14,13.0,1310.0,3,7.0,420.0,1580.0,167.0,21.0,4.0,7,427.0,1737.0,10.0,33,L3-14,L3-14
40,40,7,4,4,22,14,13.0,1350.0,3,7.0,420.0,1620.0,127.0,21.0,5.0,6,366.0,1716.0,31.0,33,L3-14,L3-14
40,40,8,4,4,22,14,13.0,1390.0,3,8.0,480.0,1720.0,27.0,21.0,6.0,5,305.0,1695.0,52.0,33,L3-14,L3-14
40,40,9,4,4,22,14,13.0,1430.0,4,6.0,360.0,1640.0,107.0,21.0,7.0,5,305.0,1735.0,12.0,33,L3-14,L3-14
40,40,10,4,4,22,14,13.0,1470.0,4,7.0,420.0,1740.0,7.0,21.0,8.0,4,244.0,1714.0,33.0,33,L3-14,L3-14
42,35,3,2,2,18,14,13.0,987.0,1,13.0,780.0,1557.0,190.0,17.0,3.0,7,427.0,1414.0,333.0,61,L3-14,L3-14
42,35,4,2,2,18,14,13.0,1022.0,1,14.0,840.0,1652.0,95.0,17.0,3.0,8,488.0,1510.0,237.0,61,L3-14,L3-14
42,35,5,2,2,18,14,13.0,1057.0,1,15.0,900.0,1747.0,0.0,17.0,3.0,8,488.0,1545.0,202.0,61,L3-14,L3-14
42,35,6,2,2,18,14,13.0,1092.0,2,8.0,480.0,1362.0,385.0,17.0,3.0,8,488.0,1580.0,167.0,61,L3-14,L3-14
42,35,7,2,2,18,14,13.0,1127.0,2,8.0,480.0,1397.0,350.0,17.0,4.0,7,427.0,1554.0,193.0,61,L3-14,L3-14
42,35,8,2,2,18,14,13.0,1162.0,2,9.0,540.0,1492.0,255.0,17.0,4.0,7,427.0,1589.0,158.0,61,L3-14,L3-14
42,35,9,2,2,18,14,13.0,1197.0,2,9.0,540.0,1527.0,220.0,17.0,4.0,7,427.0,1624.0,123.0,61,L3-14,L3-14
42,35,10,2,2,18,14,13.0,1232.0,2,9.0,540.0,1562.0,185.0,17.0,4.0,7,427.0,1659.0,88.0,61,L3-14,L3-14
42,35,11,2,2,18,14,13.0,1267.0,2,9.0,540.0,1597.0,150.0,17.0,5.0,6,366.0,1633.0,114.0,61,L3-14,L3-14
42,35,12,2,2,18,14,13.0,1302.0,2,10.0,600.0,1692.0,55.0,17.0,5.0,6,366.0,1668.0,79.0,61,L3-14,L3-14
42,35,13,2,2,18,14,13.0,1337.0,2,10.0,600.0,1727.0,20.0,17.0,6.0,6,366.0,1703.0,44.0,61,L3-14,L3-14
42,35,14,2,2,18,14,13.0,1372.0,3,7.0,420.0,1582.0,165.0,17.0,6.0,6,366.0,1738.0,9.0,61,L3-14,L3-14
42,35,15,2,2,18,14,13.0,1407.0,3,8.0,480.0,1677.0,70.0,17.0,7.0,5,305.0,1712.0,35.0,61,L15-20,L15-20
42,35,16,2,2,18,14,13.0,1442.0,3,8.0,480.0,1712.0,35.0,17.0,7.0,5,305.0,1747.0,0.0,61,L15-20,L15-20
42,35,3,3,3,20,14,13.0,1082.0,1,15.0,900.0,1747.0,0.0,19.0,3.0,8,488.0,1570.0,177.0,39,L3-14,L3-14
42,35,4,3,3,20,14,13.0,1117.0,2,8.0,480.0,1362.0,385.0,19.0,3.0,8,488.0,1605.0,142.0,39,L3-14,L3-14
42,35,5,3,3,20,14,13.0,1152.0,2,8.0,480.0,1397.0,350.0,19.0,4.0,7,427.0,1579.0,168.0,39,L3-14,L3-14
42,35,6,3,3,20,14,13.0,1187.0,2,9.0,540.0,1492.0,255.0,19.0,4.0,7,427.0,1614.0,133.0,39,L3-14,L3-14
42,35,7,3,3,20,14,13.0,1222.0,2,9.0,540.0,1527.0,220.0,19.0,4.0,7,427.0,1649.0,98.0,39,L3-14,L3-14
42,35,8,3,3,20,14,13.0,1257.0,2,9.0,540.0,1562.0,185.0,19.0,4.0,7,427.0,1684.0,63.0,39,L3-14,L3-14
42,35,9,3,3,20,14,13.0,1292.0,2,9.0,540.0,1597.0,150.0,19.0,5.0,6,366.0,1658.0,89.0,39,L3-14,L3-14
42,35,10,3,3,20,14,13.0,1327.0,2,10.0,600.0,1692.0,55.0,19.0,5.0,6,366.0,1693.0,54.0,39,L3-14,L3-14
42,35,11,3,3,20,14,13.0,1362.0,2,10.0,600.0,1727.0,20.0,19.0,6.0,6,366.0,1728.0,19.0,39,L3-14,L3-14
42,35,12,3,3,20,14,13.0,1397.0,3,7.0,420.0,1582.0,165.0,19.0,7.0,5,305.0,1702.0,45.0,39,L3-14,L3-14
42,35,13,3,3,20,14,13.0,1432.0,3,8.0,480.0,1677.0,70.0,19.0,7.0,5,305.0,1737.0,10.0,39,L3-14,L3-14
42,35,3,3,4,21,14,13.0,1121.0,2,8.0,480.0,1362.0,385.0,20.0,3.0,8,488.0,1609.0,138.0,48,L3-14,L3-14
42,35,4,3,4,21,14,13.0,1156.0,2,8.0,480.0,1397.0,350.0,20.0,4.0,7,427.0,1583.0,164.0,48,L3-14,L3-14
42,35,5,3,4,21,14,13.0,1191.0,2,9.0,540.0,1492.0,255.0,20.0,4.0,7,427.0,1618.0,129.0,48,L3-14,L3-14
42,35,6,3,4,21,14,13.0,1226.0,2,9.0,540.0,1527.0,220.0,20.0,4.0,7,427.0,1653.0,94.0,48,L3-14,L3-14
42,35,7,3,4,21,14,13.0,1261.0,2,9.0,540.0,1562.0,185.0,20.0,4.0,7,427.0,1688.0,59.0,48,L3-14,L3-14
42,35,8,3,4,21,14,13.0,1296.0,2,9.0,540.0,1597.0,150.0,20.0,5.0,6,366.0,1662.0,85.0,48,L3-14,L3-14
42,35,9,3,4,21,14,13.0,1331.0,2,10.0,600.0,1692.0,55.0,20.0,5.0,6,366.0,1697.0,50.0,48,L3-14,L3-14
42,35,10,3,4,21,14,13.0,1366.0,2,10.0,600.0,1727.0,20.0,20.0,6.0,6,366.0,1732.0,15.0,48,L3-14,L3-14
42,35,11,3,4,21,14,13.0,1401.0,3,7.0,420.0,1582.0,165.0,20.0,7.0,5,305.0,1706.0,41.0,48,L3-14,L3-14
42,35,12,3,4,21,14,13.0,1436.0,3,8.0,480.0,1677.0,70.0,20.0,7.0,5,305.0,1741.0,6.0,48,L3-14,L3-14
42,35,3,4,3,21,14,13.0,1138.0,2,8.0,480.0,1362.0,385.0,20.0,3.0,8,488.0,1626.0,121.0,48,L3-14,L3-14
42,35,4,4,3,21,14,13.0,1173.0,2,8.0,480.0,1397.0,350.0,20.0,4.0,7,427.0,1600.0,147.0,48,L3-14,L3-14
42,35,5,4,3,21,14,13.0,1208.0,2,9.0,540.0,1492.0,255.0,20.0,4.0,7,427.0,1635.0,112.0,48,L3-14,L3-14
42,35,6,4,3,21,14,13.0,1243.0,2,9.0,540.0,1527.0,220.0,20.0,4.0,7,427.0,1670.0,77.0,48,L3-14,L3-14
42,35,7,4,3,21,14,13.0,1278.0,2,9.0,540.0,1562.0,185.0,20.0,4.0,7,427.0,1705.0,42.0,48,L3-14,L3-14
42,35,8,4,3,21,14,13.0,1313.0,2,9.0,540.0,1597.0,150.0,20.0,5.0,6,366.0,1679.0,68.0,48,L3-14,L3-14
42,35,9,4,3,21,14,13.0,1348.0,2,10.0,600.0,1692.0,55.0,20.0,5.0,6,366.0,1714.0,33.0,48,L3-14,L3-14
42,35,10,4,3,21,14,13.0,1383.0,2,10.0,600.0,1727.0,20.0,20.0,7.0,5,305.0,1688.0,59.0,48,L3-14,L3-14
42,35,11,4,3,21,14,13.0,1418.0,3,7.0,420.0,1582.0,165.0,20.0,7.0,5,305.0,1723.0,24.0,48,L3-14,L3-14
42,35,3,4,4,22,14,13.0,1177.0,2,8.0,480.0,1397.0,350.0,21.0,4.0,7,427.0,1604.0,143.0,33,L3-14,L3-14
42,35,4,4,4,22,14,13.0,1212.0,2,9.0,540.0,1492.0,255.0,21.0,4.0,7,427.0,1639.0,108.0,33,L3-14,L3-14
42,35,5,4,4,22,14,13.0,1247.0,2,9.0,540.0,1527.0,220.0,21.0,4.0,7,427.0,1674.0,73.0,33,L3-14,L3-14
42,35,6,4,4,22,14,13.0,1282.0,2,9.0,540.0,1562.0,185.0,21.0,4.0,7,427.0,1709.0,38.0,33,L3-14,L3-14
42,35,7,4,4,22,14,13.0,1317.0,2,9.0,540.0,1597.0,150.0,21.0,5.0,6,366.0,1683.0,64.0,33,L3-14,L3-14
42,35,8,4,4,22,14,13.0,1352.0,2,10.0,600.0,1692.0,55.0,21.0,5.0,6,366.0,1718.0,29.0,33,L3-14,L3-14
42,35,9,4,4,22,14,13.0,1387.0,2,10.0,600.0,1727.0,20.0,21.0,7.0,5,305.0,1692.0,55.0,33,L3-14,L3-14
42,35,10,4,4,22,14,13.0,1422.0,3,7.0,420.0,1582.0,165.0,21.0,7.0,5,305.0,1727.0,20.0,33,L3-14,L3-14
42,38,3,2,2,18,14,13.0,996.0,1,15.0,900.0,1740.0,7.0,17.0,3.0,7,427.0,1423.0,324.0,61,L3-14,L3-14
42,38,4,2,2,18,14,13.0,1034.0,2,8.0,480.0,1358.0,389.0,17.0,3.0,8,488.0,1522.0,225.0,61,L3-14,L3-14
42,38,5,2,2,18,14,13.0,1072.0,2,8.0,480.0,1396.0,351.0,17.0,3.0,8,488.0,1560.0,187.0,61,L3-14,L3-14
42,38,6,2,2,18,14,13.0,1110.0,2,9.0,540.0,1494.0,253.0,17.0,3.0,8,488.0,1598.0,149.0,61,L3-14,L3-14
42,38,7,2,2,18,14,13.0,1148.0,2,9.0,540.0,1532.0,215.0,17.0,4.0,7,427.0,1575.0,172.0,61,L3-14,L3-14
42,38,8,2,2,18,14,13.0,1186.0,2,9.0,540.0,1570.0,177.0,17.0,4.0,7,427.0,1613.0,134.0,61,L3-14,L3-14
42,38,9,2,2,18,14,13.0,1224.0,2,9.0,540.0,1608.0,139.0,17.0,4.0,7,427.0,1651.0,96.0,61,L3-14,L3-14
42,38,10,2,2,18,14,13.0,1262.0,2,10.0,600.0,1706.0,41.0,17.0,4.0,7,427.0,1689.0,58.0,61,L3-14,L3-14
42,38,11,2,2,18,14,13.0,1300.0,2,10.0,600.0,1744.0,3.0,17.0,5.0,6,366.0,1666.0,81.0,61,L3-14,L3-14
42,38,12,2,2,18,14,13.0,1338.0,3,8.0,480.0,1662.0,85.0,17.0,5.0,6,366.0,1704.0,43.0,61,L3-14,L3-14
42,38,13,2,2,18,14,13.0,1376.0,3,8.0,480.0,1700.0,47.0,17.0,6.0,6,366.0,1742.0,5.0,61,L3-14,L3-14
42,38,14,2,2,18,14,13.0,1414.0,3,8.0,480.0,1738.0,9.0,17.0,7.0,5,305.0,1719.0,28.0,61,L3-14,L3-14
42,38,3,3,3,20,14,13.0,1091.0,2,8.0,480.0,1396.0,351.0,19.0,3.0,8,488.0,1579.0,168.0,39,L3-14,L3-14
42,38,4,3,3,20,14,13.0,1129.0,2,9.0,540.0,1494.0,253.0,19.0,3.0,8,488.0,1617.0,130.0,39,L3-14,L3-14
42,38,5,3,3,20,14,13.0,1167.0,2,9.0,540.0,1532.0,215.0,19.0,4.0,7,427.0,1594.0,153.0,39,L3-14,L3-14
42,38,6,3,3,20,14,13.0,1205.0,2,9.0,540.0,1570.0,177.0,19.0,4.0,7,427.0,1632.0,115.0,39,L3-14,L3-14
42,38,7,3,3,20,14,13.0,1243.0,2,9.0,540.0,1608.0,139.0,19.0,4.0,7,427.0,1670.0,77.0,39,L3-14,L3-14
42,38,8,3,3,20,14,13.0,1281.0,2,10.0,600.0,1706.0,41.0,19.0,4.0,7,427.0,1708.0,39.0,39,L3-14,L3-14
42,38,9,3,3,20,14,13.0,1319.0,2,10.0,600.0,1744.0,3.0,19.0,5.0,6,366.0,1685.0,62.0,39,L3-14,L3-14
42,38,10,3,3,20,14,13.0,1357.0,3,8.0,480.0,1662.0,85.0,19.0,5.0,6,366.0,1723.0,24.0,39,L3-14,L3-14
42,38,11,3,3,20,14,13.0,1395.0,3,8.0,480.0,1700.0,47.0,19.0,7.0,5,305.0,1700.0,47.0,39,L3-14,L3-14
42,38,12,3,3,20,14,13.0,1433.0,3,8.0,480.0,1738.0,9.0,19.0,7.0,5,305.0,1738.0,9.0,39,L3-14,L3-14
42,38,3,3,4,21,14,13.0,1130.0,2,9.0,540.0,1494.0,253.0,20.0,3.0,8,488.0,1618.0,129.0,48,L3-14,L3-14
42,38,4,3,4,21,14,13.0,1168.0,2,9.0,540.0,1532.0,215.0,20.0,4.0,7,427.0,1595.0,152.0,48,L3-14,L3-14
42,38,5,3,4,21,14,13.0,1206.0,2,9.0,540.0,1570.0,177.0,20.0,4.0,7,427.0,1633.0,114.0,48,L3-14,L3-14
42,38,6,3,4,21,14,13.0,1244.0,2,9.0,540.0,1608.0,139.0,20.0,4.0,7,427.0,1671.0,76.0,48,L3-14,L3-14
42,38,7,3,4,21,14,13.0,1282.0,2,10.0,600.0,1706.0,41.0,20.0,4.0,7,427.0,1709.0,38.0,48,L3-14,L3-14
42,38,8,3,4,21,14,13.0,1320.0,2,10.0,600.0,1744.0,3.0,20.0,5.0,6,366.0,1686.0,61.0,48,L3-14,L3-14
42,38,9,3,4,21,14,13.0,1358.0,3,8.0,480.0,1662.0,85.0,20.0,5.0,6,366.0,1724.0,23.0,48,L3-14,L3-14
42,38,10,3,4,21,14,13.0,1396.0,3,8.0,480.0,1700.0,47.0,20.0,7.0,5,305.0,1701.0,46.0,48,L3-14,L3-14
42,38,11,3,4,21,14,13.0,1434.0,3,8.0,480.0,1738.0,9.0,20.0,7.0,5,305.0,1739.0,8.0,48,L3-14,L3-14
42,38,3,4,3,21,14,13.0,1147.0,2,9.0,540.0,1494.0,253.0,20.0,3.0,8,488.0,1635.0,112.0,48,L3-14,L3-14
42,38,4,4,3,21,14,13.0,1185.0,2,9.0,540.0,1532.0,215.0,20.0,4.0,7,427.0,1612.0,135.0,48,L3-14,L3-14
42,38,5,4,3,21,14,13.0,1223.0,2,9.0,540.0,1570.0,177.0,20.0,4.0,7,427.0,1650.0,97.0,48,L3-14,L3-14
42,38,6,4,3,21,14,13.0,1261.0,2,9.0,540.0,1608.0,139.0,20.0,4.0,7,427.0,1688.0,59.0,48,L3-14,L3-14
42,38,7,4,3,21,14,13.0,1299.0,2,10.0,600.0,1706.0,41.0,20.0,4.0,7,427.0,1726.0,21.0,48,L3-14,L3-14
42,38,8,4,3,21,14,13.0,1337.0,2,10.0,600.0,1744.0,3.0,20.0,5.0,6,366.0,1703.0,44.0,48,L3-14,L3-14
42,38,9,4,3,21,14,13.0,1375.0,3,8.0,480.0,1662.0,85.0,20.0,5.0,6,366.0,1741.0,6.0,48,L3-14,L3-14
42,38,10,4,3,21,14,13.0,1413.0,3,8.0,480.0,1700.0,47.0,20.0,7.0,5,305.0,1718.0,29.0,48,L3-14,L3-14
42,38,11,4,3,21,14,13.0,1451.0,3,8.0,480.0,1738.0,9.0,20.0,8.0,4,244.0,1695.0,52.0,48,L3-14,L3-14
42,38,3,4,4,22,14,13.0,1186.0,2,9.0,540.0,1532.0,215.0,21.0,4.0,7,427.0,1613.0,134.0,33,L3-14,L3-14
42,38,4,4,4,22,14,13.0,1224.0,2,9.0,540.0,1570.0,177.0,21.0,4.0,7,427.0,1651.0,96.0,33,L3-14,L3-14
42,38,5,4,4,22,14,13.0,1262.0,2,9.0,540.0,1608.0,139.0,21.0,4.0,7,427.0,1689.0,58.0,33,L3-14,L3-14
42,38,6,4,4,22,14,13.0,1300.0,2,10.0,600.0,1706.0,41.0,21.0,4.0,7,427.0,1727.0,20.0,33,L3-14,L3-14
42,38,7,4,4,22,14,13.0,1338.0,2,10.0,600.0,1744.0,3.0,21.0,5.0,6,366.0,1704.0,43.0,33,L3-14,L3-14
42,38,8,4,4,22,14,13.0,1376.0,3,8.0,480.0,1662.0,85.0,21.0,5.0,6,366.0,1742.0,5.0,33,L3-14,L3-14
42,38,9,4,4,22,14,13.0,1414.0,3,8.0,480.0,1700.0,47.0,21.0,7.0,5,305.0,1719.0,28.0,33,L3-14,L3-14
42,38,10,4,4,22,14,13.0,1452.0,3,8.0,480.0,1738.0,9.0,21.0,8.0,4,244.0,1696.0,51.0,33,L3-14,L3-14
42,40,3,2,2,18,14,13.0,1002.0,2,8.0,480.0,1362.0,385.0,17.0,3.0,7,427.0,1429.0,318.0,61,L3-14,L3-14
42,40,4,2,2,18,14,13.0,1042.0,2,9.0,540.0,1462.0,285.0,17.0,3.0,8,488.0,1530.0,217.0,61,L3-14,L3-14
42,40,5,2,2,18,14,13.0,1082.0,2,9.0,540.0,1502.0,245.0,17.0,3.0,8,488.0,1570.0,177.0,61,L3-14,L3-14
42,40,6,2,2,18,14,13.0,1122.0,2,9.0,540.0,1542.0,205.0,17.0,3.0,8,488.0,1610.0,137.0,61,L3-14,L3-14
42,40,7,2,2,18,14,13.0,1162.0,2,9.0,540.0,1582.0,165.0,17.0,4.0,7,427.0,1589.0,158.0,61,L3-14,L3-14
42,40,8,2,2,18,14,13.0,1202.0,2,10.0,600.0,1682.0,65.0,17.0,4.0,7,427.0,1629.0,118.0,61,L3-14,L3-14
42,40,9,2,2,18,14,13.0,1242.0,2,10.0,600.0,1722.0,25.0,17.0,4.0,7,427.0,1669.0,78.0,61,L3-14,L3-14
42,40,10,2,2,18,14,13.0,1282.0,3,7.0,420.0,1582.0,165.0,17.0,4.0,7,427.0,1709.0,38.0,61,L3-14,L3-14
42,40,11,2,2,18,14,13.0,1322.0,3,7.0,420.0,1622.0,125.0,17.0,5.0,6,366.0,1688.0,59.0,61,L3-14,L3-14
42,40,12,2,2,18,14,13.0,1362.0,3,8.0,480.0,1722.0,25.0,17.0,5.0,6,366.0,1728.0,19.0,61,L3-14,L3-14
42,40,13,2,2,18,14,13.0,1402.0,4,6.0,360.0,1642.0,105.0,17.0,7.0,5,305.0,1707.0,40.0,61,L3-14,L3-14
42,40,14,2,2,18,14,13.0,1442.0,4,7.0,420.0,1742.0,5.0,17.0,7.0,5,305.0,1747.0,0.0,61,L3-14,L3-14
42,40,3,3,3,20,14,13.0,1097.0,2,9.0,540.0,1502.0,245.0,19.0,3.0,8,488.0,1585.0,162.0,39,L3-14,L3-14
42,40,4,3,3,20,14,13.0,1137.0,2,9.0,540.0,1542.0,205.0,19.0,3.0,8,488.0,1625.0,122.0,39,L3-14,L3-14
42,40,5,3,3,20,14,13.0,1177.0,2,9.0,540.0,1582.0,165.0,19.0,4.0,7,427.0,1604.0,143.0,39,L3-14,L3-14
42,40,6,3,3,20,14,13.0,1217.0,2,10.0,600.0,1682.0,65.0,19.0,4.0,7,427.0,1644.0,103.0,39,L3-14,L3-14
42,40,7,3,3,20,14,13.0,1257.0,2,10.0,600.0,1722.0,25.0,19.0,4.0,7,427.0,1684.0,63.0,39,L3-14,L3-14
42,40,8,3,3,20,14,13.0,1297.0,3,7.0,420.0,1582.0,165.0,19.0,4.0,7,427.0,1724.0,23.0,39,L3-14,L3-14
42,40,9,3,3,20,14,13.0,1337.0,3,7.0,420.0,1622.0,125.0,19.0,5.0,6,366.0,1703.0,44.0,39,L3-14,L3-14
42,40,10,3,3,20,14,13.0,1377.0,3,8.0,480.0,1722.0,25.0,19.0,5.0,6,366.0,1743.0,4.0,39,L3-14,L3-14
42,40,11,3,3,20,14,13.0,1417.0,4,6.0,360.0,1642.0,105.0,19.0,7.0,5,305.0,1722.0,25.0,39,L3-14,L3-14
42,40,12,3,3,20,14,13.0,1457.0,4,7.0,420.0,1742.0,5.0,19.0,8.0,4,244.0,1701.0,46.0,39,L3-14,L3-14
42,40,3,3,4,21,14,13.0,1136.0,2,9.0,540.0,1542.0,205.0,20.0,3.0,8,488.0,1624.0,123.0,48,L3-14,L3-14
42,40,4,3,4,21,14,13.0,1176.0,2,9.0,540.0,1582.0,165.0,20.0,4.0,7,427.0,1603.0,144.0,48,L3-14,L3-14
42,40,5,3,4,21,14,13.0,1216.0,2,10.0,600.0,1682.0,65.0,20.0,4.0,7,427.0,1643.0,104.0,48,L3-14,L3-14
42,40,6,3,4,21,14,13.0,1256.0,2,10.0,600.0,1722.0,25.0,20.0,4.0,7,427.0,1683.0,64.0,48,L3-14,L3-14
42,40,7,3,4,21,14,13.0,1296.0,3,7.0,420.0,1582.0,165.0,20.0,4.0,7,427.0,1723.0,24.0,48,L3-14,L3-14
42,40,8,3,4,21,14,13.0,1336.0,3,7.0,420.0,1622.0,125.0,20.0,5.0,6,366.0,1702.0,45.0,48,L3-14,L3-14
42,40,9,3,4,21,14,13.0,1376.0,3,8.0,480.0,1722.0,25.0,20.0,5.0,6,366.0,1742.0,5.0,48,L3-14,L3-14
42,40,10,3,4,21,14,13.0,1416.0,4,6.0,360.0,1642.0,105.0,20.0,7.0,5,305.0,1721.0,26.0,48,L3-14,L3-14
42,40,11,3,4,21,14,13.0,1456.0,4,7.0,420.0,1742.0,5.0,20.0,8.0,4,244.0,1700.0,47.0,48,L3-14,L3-14
42,40,3,4,3,21,14,13.0,1153.0,2,9.0,540.0,1542.0,205.0,20.0,3.0,8,488.0,1641.0,106.0,48,L3-14,L3-14
42,40,4,4,3,21,14,13.0,1193.0,2,9.0,540.0,1582.0,165.0,20.0,4.0,7,427.0,1620.0,127.0,48,L3-14,L3-14
42,40,5,4,3,21,14,13.0,1233.0,2,10.0,600.0,1682.0,65.0,20.0,4.0,7,427.0,1660.0,87.0,48,L3-14,L3-14
42,40,6,4,3,21,14,13.0,1273.0,2,10.0,600.0,1722.0,25.0,20.0,4.0,7,427.0,1700.0,47.0,48,L3-14,L3-14
42,40,7,4,3,21,14,13.0,1313.0,3,7.0,420.0,1582.0,165.0,20.0,4.0,7,427.0,1740.0,7.0,48,L3-14,L3-14
42,40,8,4,3,21,14,13.0,1353.0,3,7.0,420.0,1622.0,125.0,20.0,5.0,6,366.0,1719.0,28.0,48,L3-14,L3-14
42,40,9,4,3,21,14,13.0,1393.0,3,8.0,480.0,1722.0,25.0,20.0,6.0,5,305.0,1698.0,49.0,48,L3-14,L3-14
42,40,10,4,3,21,14,13.0,1433.0,4,6.0,360.0,1642.0,105.0,20.0,7.0,5,305.0,1738.0,9.0,48,L3-14,L3-14
42,40,11,4,3,21,14,13.0,1473.0,4,7.0,420.0,1742.0,5.0,20.0,8.0,4,244.0,1717.0,30.0,48,L3-14,L3-14
42,40,3,4,4,22,14,13.0,1192.0,2,9.0,540.0,1582.0,165.0,21.0,4.0,7,427.0,1619.0,128.0,33,L3-14,L3-14
42,40,4,4,4,22,14,13.0,1232.0,2,10.0,600.0,1682.0,65.0,21.0,4.0,7,427.0,1659.0,88.0,33,L3-14,L3-14
42,40,5,4,4,22,14,13.0,1272.0,2,10.0,600.0,1722.0,25.0,21.0,4.0,7,427.0,1699.0,48.0,33,L3-14,L3-14
42,40,6,4,4,22,14,13.0,1312.0,3,7.0,420.0,1582.0,165.0,21.0,4.0,7,427.0,1739.0,8.0,33,L3-14,L3-14
42,40,7,4,4,22,14,13.0,1352.0,3,7.0,420.0,1622.0,125.0,21.0,5.0,6,366.0,1718.0,29.0,33,L3-14,L3-14
42,40,8,4,4,22,14,13.0,1392.0,3,8.0,480.0,1722.0,25.0,21.0,6.0,5,305.0,1697.0,50.0,33,L3-14,L3-14
42,40,9,4,4,22,14,13.0,1432.0,4,6.0,360.0,1642.0,105.0,21.0,7.0,5,305.0,1737.0,10.0,33,L3-14,L3-14
42,40,10,4,4,22,14,13.0,1472.0,4,7.0,420.0,1742.0,5.0,21.0,8.0,4,244.0,1716.0,31.0,33,L3-14,L3-14
42,42,3,2,2,18,14,13.0,1008.0,2,8.0,480.0,1404.0,343.0,17.0,3.0,7,427.0,1435.0,312.0,61,L3-14,L3-14
42,42,4,2,2,18,14,13.0,1050.0,2,9.0,540.0,1506.0,241.0,17.0,3.0,8,488.0,1538.0,209.0,61,L3-14,L3-14
42,42,5,2,2,18,14,13.0,1092.0,2,9.0,540.0,1548.0,199.0,17.0,3.0,8,488.0,1580.0,167.0,61,L3-14,L3-14
42,42,6,2,2,18,14,13.0,1134.0,2,10.0,600.0,1650.0,97.0,17.0,3.0,8,488.0,1622.0,125.0,61,L3-14,L3-14
42,42,7,2,2,18,14,13.0,1176.0,2,10.0,600.0,1692.0,55.0,17.0,4.0,7,427.0,1603.0,144.0,61,L3-14,L3-14
42,42,8,2,2,18,14,13.0,1218.0,2,10.0,600.0,1734.0,13.0,17.0,4.0,7,427.0,1645.0,102.0,61,L3-14,L3-14
42,42,9,2,2,18,14,13.0,1260.0,3,8.0,480.0,1656.0,91.0,17.0,4.0,7,427.0,1687.0,60.0,61,L3-14,L3-14
42,42,10,2,2,18,14,13.0,1302.0,3,7.0,420.0,1638.0,109.0,17.0,4.0,7,427.0,1729.0,18.0,61,L3-14,L3-14
42,42,11,2,2,18,14,13.0,1344.0,3,8.0,480.0,1740.0,7.0,17.0,5.0,6,366.0,1710.0,37.0,61,L3-14,L3-14
42,42,12,2,2,18,14,13.0,1386.0,4,6.0,360.0,1662.0,85.0,17.0,6.0,5,305.0,1691.0,56.0,61,L3-14,L3-14
42,42,13,2,2,18,14,13.0,1428.0,4,6.0,360.0,1704.0,43.0,17.0,7.0,5,305.0,1733.0,14.0,61,L3-14,L3-14
42,42,14,2,2,18,14,13.0,1470.0,5,5.0,300.0,1686.0,61.0,17.0,8.0,4,244.0,1714.0,33.0,61,L3-14,L3-14
42,42,3,3,3,20,14,13.0,1103.0,2,9.0,540.0,1548.0,199.0,19.0,3.0,8,488.0,1591.0,156.0,39,L3-14,L3-14
42,42,4,3,3,20,14,13.0,1145.0,2,10.0,600.0,1650.0,97.0,19.0,3.0,8,488.0,1633.0,114.0,39,L3-14,L3-14
42,42,5,3,3,20,14,13.0,1187.0,2,10.0,600.0,1692.0,55.0,19.0,4.0,7,427.0,1614.0,133.0,39,L3-14,L3-14
42,42,6,3,3,20,14,13.0,1229.0,2,10.0,600.0,1734.0,13.0,19.0,4.0,7,427.0,1656.0,91.0,39,L3-14,L3-14
42,42,7,3,3,20,14,13.0,1271.0,3,8.0,480.0,1656.0,91.0,19.0,4.0,7,427.0,1698.0,49.0,39,L3-14,L3-14
42,42,8,3,3,20,14,13.0,1313.0,3,7.0,420.0,1638.0,109.0,19.0,4.0,7,427.0,1740.0,7.0,39,L3-14,L3-14
42,42,9,3,3,20,14,13.0,1355.0,3,8.0,480.0,1740.0,7.0,19.0,5.0,6,366.0,1721.0,26.0,39,L3-14,L3-14
42,42,10,3,3,20,14,13.0,1397.0,4,6.0,360.0,1662.0,85.0,19.0,6.0,5,305.0,1702.0,45.0,39,L3-14,L3-14
42,42,11,3,3,20,14,13.0,1439.0,4,6.0,360.0,1704.0,43.0,19.0,7.0,5,305.0,1744.0,3.0,39,L3-14,L3-14
42,42,12,3,3,20,14,13.0,1481.0,5,5.0,300.0,1686.0,61.0,19.0,8.0,4,244.0,1725.0,22.0,39,L3-14,L3-14
42,42,3,3,4,21,14,13.0,1142.0,2,10.0,600.0,1650.0,97.0,20.0,3.0,8,488.0,1630.0,117.0,48,L3-14,L3-14
42,42,4,3,4,21,14,13.0,1184.0,2,10.0,600.0,1692.0,55.0,20.0,4.0,7,427.0,1611.0,136.0,48,L3-14,L3-14
42,42,5,3,4,21,14,13.0,1226.0,2,10.0,600.0,1734.0,13.0,20.0,4.0,7,427.0,1653.0,94.0,48,L3-14,L3-14
42,42,6,3,4,21,14,13.0,1268.0,3,8.0,480.0,1656.0,91.0,20.0,4.0,7,427.0,1695.0,52.0,48,L3-14,L3-14
42,42,7,3,4,21,14,13.0,1310.0,3,7.0,420.0,1638.0,109.0,20.0,4.0,7,427.0,1737.0,10.0,48,L3-14,L3-14
42,42,8,3,4,21,14,13.0,1352.0,3,8.0,480.0,1740.0,7.0,20.0,5.0,6,366.0,1718.0,29.0,48,L3-14,L3-14
42,42,9,3,4,21,14,13.0,1394.0,4,6.0,360.0,1662.0,85.0,20.0,6.0,5,305.0,1699.0,48.0,48,L3-14,L3-14
42,42,10,3,4,21,14,13.0,1436.0,4,6.0,360.0,1704.0,43.0,20.0,7.0,5,305.0,1741.0,6.0,48,L3-14,L3-14
42,42,11,3,4,21,14,13.0,1478.0,5,5.0,300.0,1686.0,61.0,20.0,8.0,4,244.0,1722.0,25.0,48,L3-14,L3-14
42,42,3,4,3,21,14,13.0,1159.0,2,10.0,600.0,1650.0,97.0,20.0,3.0,8,488.0,1647.0,100.0,48,L3-14,L3-14
42,42,4,4,3,21,14,13.0,1201.0,2,10.0,600.0,1692.0,55.0,20.0,4.0,7,427.0,1628.0,119.0,48,L3-14,L3-14
42,42,5,4,3,21,14,13.0,1243.0,2,10.0,600.0,1734.0,13.0,20.0,4.0,7,427.0,1670.0,77.0,48,L3-14,L3-14
42,42,6,4,3,21,14,13.0,1285.0,3,8.0,480.0,1656.0,91.0,20.0,4.0,7,427.0,1712.0,35.0,48,L3-14,L3-14
42,42,7,4,3,21,14,13.0,1327.0,3,7.0,420.0,1638.0,109.0,20.0,5.0,6,366.0,1693.0,54.0,48,L3-14,L3-14
42,42,8,4,3,21,14,13.0,1369.0,3,8.0,480.0,1740.0,7.0,20.0,5.0,6,366.0,1735.0,12.0,48,L3-14,L3-14
42,42,9,4,3,21,14,13.0,1411.0,4,6.0,360.0,1662.0,85.0,20.0,6.0,5,305.0,1716.0,31.0,48,L3-14,L3-14
42,42,10,4,3,21,14,13.0,1453.0,4,6.0,360.0,1704.0,43.0,20.0,8.0,4,244.0,1697.0,50.0,48,L3-14,L3-14
42,42,11,4,3,21,14,13.0,1495.0,5,5.0,300.0,1686.0,61.0,20.0,8.0,4,244.0,1739.0,8.0,48,L3-14,L3-14
42,42,3,4,4,22,14,13.0,1198.0,2,10.0,600.0,1692.0,55.0,21.0,4.0,7,427.0,1625.0,122.0,33,L3-14,L3-14
42,42,4,4,4,22,14,13.0,1240.0,2,10.0,600.0,1734.0,13.0,21.0,4.0,7,427.0,1667.0,80.0,33,L3-14,L3-14
42,42,5,4,4,22,14,13.0,1282.0,3,8.0,480.0,1656.0,91.0,21.0,4.0,7,427.0,1709.0,38.0,33,L3-14,L3-14
42,42,6,4,4,22,14,13.0,1324.0,3,7.0,420.0,1638.0,109.0,21.0,5.0,6,366.0,1690.0,57.0,33,L3-14,L3-14
42,42,7,4,4,22,14,13.0,1366.0,3,8.0,480.0,1740.0,7.0,21.0,5.0,6,366.0,1732.0,15.0,33,L3-14,L3-14
42,42,8,4,4,22,14,13.0,1408.0,4,6.0,360.0,1662.0,85.0,21.0,6.0,5,305.0,1713.0,34.0,33,L3-14,L3-14
42,42,9,4,4,22,14,13.0,1450.0,4,6.0,360.0,1704.0,43.0,21.0,8.0,4,244.0,1694.0,53.0,33,L3-14,L3-14
42,42,10,4,4,22,14,13.0,1492.0,5,5.0,300.0,1686.0,61.0,21.0,8.0,4,244.0,1736.0,11.0,33,L3-14,L3-14
45,38,3,2,2,18,14,13.0,999.0,1,15.0,900.0,1743.0,4.0,17.0,3.0,7,427.0,1426.0,321.0,61,L3-14,L3-14
45,38,4,2,2,18,14,13.0,1037.0,2,8.0,480.0,1361.0,386.0,17.0,3.0,8,488.0,1525.0,222.0,61,L3-14,L3-14
45,38,5,2,2,18,14,13.0,1075.0,2,8.0,480.0,1399.0,348.0,17.0,3.0,8,488.0,1563.0,184.0,61,L3-14,L3-14
45,38,6,2,2,18,14,13.0,1113.0,2,9.0,540.0,1497.0,250.0,17.0,3.0,8,488.0,1601.0,146.0,61,L3-14,L3-14
45,38,7,2,2,18,14,13.0,1151.0,2,9.0,540.0,1535.0,212.0,17.0,4.0,7,427.0,1578.0,169.0,61,L3-14,L3-14
45,38,8,2,2,18,14,13.0,1189.0,2,9.0,540.0,1573.0,174.0,17.0,4.0,7,427.0,1616.0,131.0,61,L3-14,L3-14
45,38,9,2,2,18,14,13.0,1227.0,2,9.0,540.0,1611.0,136.0,17.0,4.0,7,427.0,1654.0,93.0,61,L3-14,L3-14
45,38,10,2,2,18,14,13.0,1265.0,2,10.0,600.0,1709.0,38.0,17.0,4.0,7,427.0,1692.0,55.0,61,L3-14,L3-14
45,38,11,2,2,18,14,13.0,1303.0,2,10.0,600.0,1747.0,0.0,17.0,5.0,6,366.0,1669.0,78.0,61,L3-14,L3-14
45,38,12,2,2,18,14,13.0,1341.0,3,8.0,480.0,1665.0,82.0,17.0,5.0,6,366.0,1707.0,40.0,61,L3-14,L3-14
45,38,13,2,2,18,14,13.0,1379.0,3,8.0,480.0,1703.0,44.0,17.0,6.0,6,366.0,1745.0,2.0,61,L3-14,L3-14
45,38,14,2,2,18,14,13.0,1417.0,3,8.0,480.0,1741.0,6.0,17.0,7.0,5,305.0,1722.0,25.0,61,L3-14,L3-14
45,38,3,3,3,20,14,13.0,1094.0,2,8.0,480.0,1399.0,348.0,19.0,3.0,8,488.0,1582.0,165.0,39,L3-14,L3-14
45,38,4,3,3,20,14,13.0,1132.0,2,9.0,540.0,1497.0,250.0,19.0,3.0,8,488.0,1620.0,127.0,39,L3-14,L3-14
45,38,5,3,3,20,14,13.0,1170.0,2,9.0,540.0,1535.0,212.0,19.0,4.0,7,427.0,1597.0,150.0,39,L3-14,L3-14
45,38,6,3,3,20,14,13.0,1208.0,2,9.0,540.0,1573.0,174.0,19.0,4.0,7,427.0,1635.0,112.0,39,L3-14,L3-14
45,38,7,3,3,20,14,13.0,1246.0,2,9.0,540.0,1611.0,136.0,19.0,4.0,7,427.0,1673.0,74.0,39,L3-14,L3-14
45,38,8,3,3,20,14,13.0,1284.0,2,10.0,600.0,1709.0,38.0,19.0,4.0,7,427.0,1711.0,36.0,39,L3-14,L3-14
45,38,9,3,3,20,14,13.0,1322.0,2,10.0,600.0,1747.0,0.0,19.0,5.0,6,366.0,1688.0,59.0,39,L3-14,L3-14
45,38,10,3,3,20,14,13.0,1360.0,3,8.0,480.0,1665.0,82.0,19.0,5.0,6,366.0,1726.0,21.0,39,L3-14,L3-14
45,38,11,3,3,20,14,13.0,1398.0,3,8.0,480.0,1703.0,44.0,19.0,7.0,5,305.0,1703.0,44.0,39,L3-14,L3-14
45,38,12,3,3,20,14,13.0,1436.0,3,8.0,480.0,1741.0,6.0,19.0,7.0,5,305.0,1741.0,6.0,39,L3-14,L3-14
45,38,3,3,4,21,14,13.0,1133.0,2,9.0,540.0,1497.0,250.0,20.0,3.0,8,488.0,1621.0,126.0,48,L3-14,L3-14
45,38,4,3,4,21,14,13.0,1171.0,2,9.0,540.0,1535.0,212.0,20.0,4.0,7,427.0,1598.0,149.0,48,L3-14,L3-14
45,38,5,3,4,21,14,13.0,1209.0,2,9.0,540.0,1573.0,174.0,20.0,4.0,7,427.0,1636.0,111.0,48,L3-14,L3-14
45,38,6,3,4,21,14,13.0,1247.0,2,9.0,540.0,1611.0,136.0,20.0,4.0,7,427.0,1674.0,73.0,48,L3-14,L3-14
45,38,7,3,4,21,14,13.0,1285.0,2,10.0,600.0,1709.0,38.0,20.0,4.0,7,427.0,1712.0,35.0,48,L3-14,L3-14
45,38,8,3,4,21,14,13.0,1323.0,2,10.0,600.0,1747.0,0.0,20.0,5.0,6,366.0,1689.0,58.0,48,L3-14,L3-14
45,38,9,3,4,21,14,13.0,1361.0,3,8.0,480.0,1665.0,82.0,20.0,5.0,6,366.0,1727.0,20.0,48,L3-14,L3-14
45,38,10,3,4,21,14,13.0,1399.0,3,8.0,480.0,1703.0,44.0,20.0,7.0,5,305.0,1704.0,43.0,48,L3-14,L3-14
45,38,11,3,4,21,14,13.0,1437.0,3,8.0,480.0,1741.0,6.0,20.0,7.0,5,305.0,1742.0,5.0,48,L3-14,L3-14
45,38,3,4,3,21,14,13.0,1150.0,2,9.0,540.0,1497.0,250.0,20.0,3.0,8,488.0,1638.0,109.0,48,L3-14,L3-14
45,38,4,4,3,21,14,13.0,1188.0,2,9.0,540.0,1535.0,212.0,20.0,4.0,7,427.0,1615.0,132.0,48,L3-14,L3-14
45,38,5,4,3,21,14,13.0,1226.0,2,9.0,540.0,1573.0,174.0,20.0,4.0,7,427.0,1653.0,94.0,48,L3-14,L3-14
45,38,6,4,3,21,14,13.0,1264.0,2,9.0,540.0,1611.0,136.0,20.0,4.0,7,427.0,1691.0,56.0,48,L3-14,L3-14
45,38,7,4,3,21,14,13.0,1302.0,2,10.0,600.0,1709.0,38.0,20.0,4.0,7,427.0,1729.0,18.0,48,L3-14,L3-14
45,38,8,4,3,21,14,13.0,1340.0,2,10.0,600.0,1747.0,0.0,20.0,5.0,6,366.0,1706.0,41.0,48,L3-14,L3-14
45,38,9,4,3,21,14,13.0,1378.0,3,8.0,480.0,1665.0,82.0,20.0,5.0,6,366.0,1744.0,3.0,48,L3-14,L3-14
45,38,10,4,3,21,14,13.0,1416.0,3,8.0,480.0,1703.0,44.0,20.0,7.0,5,305.0,1721.0,26.0,48,L3-14,L3-14
45,38,11,4,3,21,14,13.0,1454.0,3,8.0,480.0,1741.0,6.0,20.0,8.0,4,244.0,1698.0,49.0,48,L3-14,L3-14
45,38,3,4,4,22,14,13.0,1189.0,2,9.0,540.0,1535.0,212.0,21.0,4.0,7,427.0,1616.0,131.0,33,L3-14,L3-14
45,38,4,4,4,22,14,13.0,1227.0,2,9.0,540.0,1573.0,174.0,21.0,4.0,7,427.0,1654.0,93.0,33,L3-14,L3-14
45,38,5,4,4,22,14,13.0,1265.0,2,9.0,540.0,1611.0,136.0,21.0,4.0,7,427.0,1692.0,55.0,33,L3-14,L3-14
45,38,6,4,4,22,14,13.0,1303.0,2,10.0,600.0,1709.0,38.0,21.0,4.0,7,427.0,1730.0,17.0,33,L3-14,L3-14
45,38,7,4,4,22,14,13.0,1341.0,2,10.0,600.0,1747.0,0.0,21.0,5.0,6,366.0,1707.0,40.0,33,L3-14,L3-14
45,38,8,4,4,22,14,13.0,1379.0,3,8.0,480.0,1665.0,82.0,21.0,5.0,6,366.0,1745.0,2.0,33,L3-14,L3-14
45,38,9,4,4,22,14,13.0,1417.0,3,8.0,480.0,1703.0,44.0,21.0,7.0,5,305.0,1722.0,25.0,33,L3-14,L3-14
45,38,10,4,4,22,14,13.0,1455.0,3,8.0,480.0,1741.0,6.0,21.0,8.0,4,244.0,1699.0,48.0,33,L3-14,L3-14
45,40,3,2,2,18,14,13.0,1005.0,2,8.0,480.0,1365.0,382.0,17.0,3.0,7,427.0,1432.0,315.0,61,L3-14,L3-14
45,40,4,2,2,18,14,13.0,1045.0,2,9.0,540.0,1465.0,282.0,17.0,3.0,8,488.0,1533.0,214.0,61,L3-14,L3-14
45,40,5,2,2,18,14,13.0,1085.0,2,9.0,540.0,1505.0,242.0,17.0,3.0,8,488.0,1573.0,174.0,61,L3-14,L3-14
45,40,6,2,2,18,14,13.0,1125.0,2,9.0,540.0,1545.0,202.0,17.0,3.0,8,488.0,1613.0,134.0,61,L3-14,L3-14
45,40,7,2,2,18,14,13.0,1165.0,2,9.0,540.0,1585.0,162.0,17.0,4.0,7,427.0,1592.0,155.0,61,L3-14,L3-14
45,40,8,2,2,18,14,13.0,1205.0,2,10.0,600.0,1685.0,62.0,17.0,4.0,7,427.0,1632.0,115.0,61,L3-14,L3-14
45,40,9,2,2,18,14,13.0,1245.0,2,10.0,600.0,1725.0,22.0,17.0,4.0,7,427.0,1672.0,75.0,61,L3-14,L3-14
45,40,10,2,2,18,14,13.0,1285.0,3,7.0,420.0,1585.0,162.0,17.0,4.0,7,427.0,1712.0,35.0,61,L3-14,L3-14
45,40,11,2,2,18,14,13.0,1325.0,3,7.0,420.0,1625.0,122.0,17.0,5.0,6,366.0,1691.0,56.0,61,L3-14,L3-14
45,40,12,2,2,18,14,13.0,1365.0,3,8.0,480.0,1725.0,22.0,17.0,5.0,6,366.0,1731.0,16.0,61,L3-14,L3-14
45,40,13,2,2,18,14,13.0,1405.0,4,6.0,360.0,1645.0,102.0,17.0,7.0,5,305.0,1710.0,37.0,61,L3-14,L3-14
45,40,14,2,2,18,14,13.0,1445.0,4,7.0,420.0,1745.0,2.0,17.0,8.0,4,244.0,1689.0,58.0,61,L3-14,L3-14
45,40,3,3,3,20,14,13.0,1100.0,2,9.0,540.0,1505.0,242.0,19.0,3.0,8,488.0,1588.0,159.0,39,L3-14,L3-14
45,40,4,3,3,20,14,13.0,1140.0,2,9.0,540.0,1545.0,202.0,19.0,3.0,8,488.0,1628.0,119.0,39,L3-14,L3-14
45,40,5,3,3,20,14,13.0,1180.0,2,9.0,540.0,1585.0,162.0,19.0,4.0,7,427.0,1607.0,140.0,39,L3-14,L3-14
45,40,6,3,3,20,14,13.0,1220.0,2,10.0,600.0,1685.0,62.0,19.0,4.0,7,427.0,1647.0,100.0,39,L3-14,L3-14
45,40,7,3,3,20,14,13.0,1260.0,2,10.0,600.0,1725.0,22.0,19.0,4.0,7,427.0,1687.0,60.0,39,L3-14,L3-14
45,40,8,3,3,20,14,13.0,1300.0,3,7.0,420.0,1585.0,162.0,19.0,4.0,7,427.0,1727.0,20.0,39,L3-14,L3-14
45,40,9,3,3,20,14,13.0,1340.0,3,7.0,420.0,1625.0,122.0,19.0,5.0,6,366.0,1706.0,41.0,39,L3-14,L3-14
45,40,10,3,3,20,14,13.0,1380.0,3,8.0,480.0,1725.0,22.0,19.0,5.0,6,366.0,1746.0,1.0,39,L3-14,L3-14
45,40,11,3,3,20,14,13.0,1420.0,4,6.0,360.0,1645.0,102.0,19.0,7.0,5,305.0,1725.0,22.0,39,L3-14,L3-14
45,40,12,3,3,20,14,13.0,1460.0,4,7.0,420.0,1745.0,2.0,19.0,8.0,4,244.0,1704.0,43.0,39,L3-14,L3-14
45,40,3,3,4,21,14,13.0,1139.0,2,9.0,540.0,1545.0,202.0,20.0,3.0,8,488.0,1627.0,120.0,48,L3-14,L3-14
45,40,4,3,4,21,14,13.0,1179.0,2,9.0,540.0,1585.0,162.0,20.0,4.0,7,427.0,1606.0,141.0,48,L3-14,L3-14
45,40,5,3,4,21,14,13.0,1219.0,2,10.0,600.0,1685.0,62.0,20.0,4.0,7,427.0,1646.0,101.0,48,L3-14,L3-14
45,40,6,3,4,21,14,13.0,1259.0,2,10.0,600.0,1725.0,22.0,20.0,4.0,7,427.0,1686.0,61.0,48,L3-14,L3-14
45,40,7,3,4,21,14,13.0,1299.0,3,7.0,420.0,1585.0,162.0,20.0,4.0,7,427.0,1726.0,21.0,48,L3-14,L3-14
45,40,8,3,4,21,14,13.0,1339.0,3,7.0,420.0,1625.0,122.0,20.0,5.0,6,366.0,1705.0,42.0,48,L3-14,L3-14
45,40,9,3,4,21,14,13.0,1379.0,3,8.0,480.0,1725.0,22.0,20.0,5.0,6,366.0,1745.0,2.0,48,L3-14,L3-14
45,40,10,3,4,21,14,13.0,1419.0,4,6.0,360.0,1645.0,102.0,20.0,7.0,5,305.0,1724.0,23.0,48,L3-14,L3-14
45,40,11,3,4,21,14,13.0,1459.0,4,7.0,420.0,1745.0,2.0,20.0,8.0,4,244.0,1703.0,44.0,48,L3-14,L3-14
45,40,3,4,3,21,14,13.0,1156.0,2,9.0,540.0,1545.0,202.0,20.0,3.0,8,488.0,1644.0,103.0,48,L3-14,L3-14
45,40,4,4,3,21,14,13.0,1196.0,2,9.0,540.0,1585.0,162.0,20.0,4.0,7,427.0,1623.0,124.0,48,L3-14,L3-14
45,40,5,4,3,21,14,13.0,1236.0,2,10.0,600.0,1685.0,62.0,20.0,4.0,7,427.0,1663.0,84.0,48,L3-14,L3-14
45,40,6,4,3,21,14,13.0,1276.0,2,10.0,600.0,1725.0,22.0,20.0,4.0,7,427.0,1703.0,44.0,48,L3-14,L3-14
45,40,7,4,3,21,14,13.0,1316.0,3,7.0,420.0,1585.0,162.0,20.0,4.0,7,427.0,1743.0,4.0,48,L3-14,L3-14
45,40,8,4,3,21,14,13.0,1356.0,3,7.0,420.0,1625.0,122.0,20.0,5.0,6,366.0,1722.0,25.0,48,L3-14,L3-14
45,40,9,4,3,21,14,13.0,1396.0,3,8.0,480.0,1725.0,22.0,20.0,6.0,5,305.0,1701.0,46.0,48,L3-14,L3-14
45,40,10,4,3,21,14,13.0,1436.0,4,6.0,360.0,1645.0,102.0,20.0,7.0,5,305.0,1741.0,6.0,48,L3-14,L3-14
45,40,11,4,3,21,14,13.0,1476.0,4,7.0,420.0,1745.0,2.0,20.0,8.0,4,244.0,1720.0,27.0,48,L3-14,L3-14
45,40,3,4,4,22,14,13.0,1195.0,2,9.0,540.0,1585.0,162.0,21.0,4.0,7,427.0,1622.0,125.0,33,L3-14,L3-14
45,40,4,4,4,22,14,13.0,1235.0,2,10.0,600.0,1685.0,62.0,21.0,4.0,7,427.0,1662.0,85.0,33,L3-14,L3-14
45,40,5,4,4,22,14,13.0,1275.0,2,10.0,600.0,1725.0,22.0,21.0,4.0,7,427.0,1702.0,45.0,33,L3-14,L3-14
45,40,6,4,4,22,14,13.0,1315.0,3,7.0,420.0,1585.0,162.0,21.0,4.0,7,427.0,1742.0,5.0,33,L3-14,L3-14
45,40,7,4,4,22,14,13.0,1355.0,3,7.0,420.0,1625.0,122.0,21.0,5.0,6,366.0,1721.0,26.0,33,L3-14,L3-14
45,40,8,4,4,22,14,13.0,1395.0,3,8.0,480.0,1725.0,22.0,21.0,6.0,5,305.0,1700.0,47.0,33,L3-14,L3-14
45,40,9,4,4,22,14,13.0,1435.0,4,6.0,360.0,1645.0,102.0,21.0,7.0,5,305.0,1740.0,7.0,33,L3-14,L3-14
45,40,10,4,4,22,14,13.0,1475.0,4,7.0,420.0,1745.0,2.0,21.0,8.0,4,244.0,1719.0,28.0,33,L3-14,L3-14
45,42,3,2,2,18,14,13.0,1011.0,2,8.0,480.0,1407.0,340.0,17.0,3.0,7,427.0,1438.0,309.0,61,L3-14,L3-14
45,42,4,2,2,18,14,13.0,1053.0,2,9.0,540.0,1509.0,238.0,17.0,3.0,8,488.0,1541.0,206.0,61,L3-14,L3-14
45,42,5,2,2,18,14,13.0,1095.0,2,9.0,540.0,1551.0,196.0,17.0,3.0,8,488.0,1583.0,164.0,61,L3-14,L3-14
45,42,6,2,2,18,14,13.0,1137.0,2,10.0,600.0,1653.0,94.0,17.0,3.0,8,488.0,1625.0,122.0,61,L3-14,L3-14
45,42,7,2,2,18,14,13.0,1179.0,2,10.0,600.0,1695.0,52.0,17.0,4.0,7,427.0,1606.0,141.0,61,L3-14,L3-14
45,42,8,2,2,18,14,13.0,1221.0,2,10.0,600.0,1737.0,10.0,17.0,4.0,7,427.0,1648.0,99.0,61,L3-14,L3-14
45,42,9,2,2,18,14,13.0,1263.0,3,8.0,480.0,1659.0,88.0,17.0,4.0,7,427.0,1690.0,57.0,61,L3-14,L3-14
45,42,10,2,2,18,14,13.0,1305.0,3,8.0,480.0,1701.0,46.0,17.0,4.0,7,427.0,1732.0,15.0,61,L3-14,L3-14
45,42,11,2,2,18,14,13.0,1347.0,3,8.0,480.0,1743.0,4.0,17.0,5.0,6,366.0,1713.0,34.0,61,L3-14,L3-14
45,42,12,2,2,18,14,13.0,1389.0,4,6.0,360.0,1665.0,82.0,17.0,6.0,5,305.0,1694.0,53.0,61,L3-14,L3-14
45,42,13,2,2,18,14,13.0,1431.0,4,6.0,360.0,1707.0,40.0,17.0,7.0,5,305.0,1736.0,11.0,61,L3-14,L3-14
45,42,14,2,2,18,14,13.0,1473.0,5,5.0,300.0,1689.0,58.0,17.0,8.0,4,244.0,1717.0,30.0,61,L3-14,L3-14
45,42,3,3,3,20,14,13.0,1106.0,2,9.0,540.0,1551.0,196.0,19.0,3.0,8,488.0,1594.0,153.0,39,L3-14,L3-14
45,42,4,3,3,20,14,13.0,1148.0,2,10.0,600.0,1653.0,94.0,19.0,3.0,8,488.0,1636.0,111.0,39,L3-14,L3-14
45,42,5,3,3,20,14,13.0,1190.0,2,10.0,600.0,1695.0,52.0,19.0,4.0,7,427.0,1617.0,130.0,39,L3-14,L3-14
45,42,6,3,3,20,14,13.0,1232.0,2,10.0,600.0,1737.0,10.0,19.0,4.0,7,427.0,1659.0,88.0,39,L3-14,L3-14
45,42,7,3,3,20,14,13.0,1274.0,3,8.0,480.0,1659.0,88.0,19.0,4.0,7,427.0,1701.0,46.0,39,L3-14,L3-14
45,42,8,3,3,20,14,13.0,1316.0,3,8.0,480.0,1701.0,46.0,19.0,4.0,7,427.0,1743.0,4.0,39,L3-14,L3-14
45,42,9,3,3,20,14,13.0,1358.0,3,8.0,480.0,1743.0,4.0,19.0,5.0,6,366.0,1724.0,23.0,39,L3-14,L3-14
45,42,10,3,3,20,14,13.0,1400.0,4,6.0,360.0,1665.0,82.0,19.0,6.0,5,305.0,1705.0,42.0,39,L3-14,L3-14
45,42,11,3,3,20,14,13.0,1442.0,4,6.0,360.0,1707.0,40.0,19.0,7.0,5,305.0,1747.0,0.0,39,L3-14,L3-14
45,42,12,3,3,20,14,13.0,1484.0,5,5.0,300.0,1689.0,58.0,19.0,8.0,4,244.0,1728.0,19.0,39,L3-14,L3-14
45,42,3,3,4,21,14,13.0,1145.0,2,10.0,600.0,1653.0,94.0,20.0,3.0,8,488.0,1633.0,114.0,48,L3-14,L3-14
45,42,4,3,4,21,14,13.0,1187.0,2,10.0,600.0,1695.0,52.0,20.0,4.0,7,427.0,1614.0,133.0,48,L3-14,L3-14
45,42,5,3,4,21,14,13.0,1229.0,2,10.0,600.0,1737.0,10.0,20.0,4.0,7,427.0,1656.0,91.0,48,L3-14,L3-14
45,42,6,3,4,21,14,13.0,1271.0,3,8.0,480.0,1659.0,88.0,20.0,4.0,7,427.0,1698.0,49.0,48,L3-14,L3-14
45,42,7,3,4,21,14,13.0,1313.0,3,8.0,480.0,1701.0,46.0,20.0,4.0,7,427.0,1740.0,7.0,48,L3-14,L3-14
45,42,8,3,4,21,14,13.0,1355.0,3,8.0,480.0,1743.0,4.0,20.0,5.0,6,366.0,1721.0,26.0,48,L3-14,L3-14
45,42,9,3,4,21,14,13.0,1397.0,4,6.0,360.0,1665.0,82.0,20.0,6.0,5,305.0,1702.0,45.0,48,L3-14,L3-14
45,42,10,3,4,21,14,13.0,1439.0,4,6.0,360.0,1707.0,40.0,20.0,7.0,5,305.0,1744.0,3.0,48,L3-14,L3-14
45,42,11,3,4,21,14,13.0,1481.0,5,5.0,300.0,1689.0,58.0,20.0,8.0,4,244.0,1725.0,22.0,48,L3-14,L3-14
45,42,3,4,3,21,14,13.0,1162.0,2,10.0,600.0,1653.0,94.0,20.0,3.0,8,488.0,1650.0,97.0,48,L3-14,L3-14
45,42,4,4,3,21,14,13.0,1204.0,2,10.0,600.0,1695.0,52.0,20.0,4.0,7,427.0,1631.0,116.0,48,L3-14,L3-14
45,42,5,4,3,21,14,13.0,1246.0,2,10.0,600.0,1737.0,10.0,20.0,4.0,7,427.0,1673.0,74.0,48,L3-14,L3-14
45,42,6,4,3,21,14,13.0,1288.0,3,8.0,480.0,1659.0,88.0,20.0,4.0,7,427.0,1715.0,32.0,48,L3-14,L3-14
45,42,7,4,3,21,14,13.0,1330.0,3,8.0,480.0,1701.0,46.0,20.0,5.0,6,366.0,1696.0,51.0,48,L3-14,L3-14
45,42,8,4,3,21,14,13.0,1372.0,3,8.0,480.0,1743.0,4.0,20.0,5.0,6,366.0,1738.0,9.0,48,L3-14,L3-14
45,42,9,4,3,21,14,13.0,1414.0,4,6.0,360.0,1665.0,82.0,20.0,6.0,5,305.0,1719.0,28.0,48,L3-14,L3-14
45,42,10,4,3,21,14,13.0,1456.0,4,6.0,360.0,1707.0,40.0,20.0,8.0,4,244.0,1700.0,47.0,48,L3-14,L3-14
45,42,11,4,3,21,14,13.0,1498.0,5,5.0,300.0,1689.0,58.0,20.0,8.0,4,244.0,1742.0,5.0,48,L3-14,L3-14
45,42,3,4,4,22,14,13.0,1201.0,2,10.0,600.0,1695.0,52.0,21.0,4.0,7,427.0,1628.0,119.0,33,L3-14,L3-14
45,42,4,4,4,22,14,13.0,1243.0,2,10.0,600.0,1737.0,10.0,21.0,4.0,7,427.0,1670.0,77.0,33,L3-14,L3-14
45,42,5,4,4,22,14,13.0,1285.0,3,8.0,480.0,1659.0,88.0,21.0,4.0,7,427.0,1712.0,35.0,33,L3-14,L3-14
45,42,6,4,4,22,14,13.0,1327.0,3,8.0,480.0,1701.0,46.0,21.0,5.0,6,366.0,1693.0,54.0,33,L3-14,L3-14
45,42,7,4,4,22,14,13.0,1369.0,3,8.0,480.0,1743.0,4.0,21.0,5.0,6,366.0,1735.0,12.0,33,L3-14,L3-14
45,42,8,4,4,22,14,13.0,1411.0,4,6.0,360.0,1665.0,82.0,21.0,6.0,5,305.0,1716.0,31.0,33,L3-14,L3-14
45,42,9,4,4,22,14,13.0,1453.0,4,6.0,360.0,1707.0,40.0,21.0,8.0,4,244.0,1697.0,50.0,33,L3-14,L3-14
45,42,10,4,4,22,14,13.0,1495.0,5,5.0,300.0,1689.0,58.0,21.0,8.0,4,244.0,1739.0,8.0,33,L3-14,L3-14
45,45,3,2,2,18,14,13.0,1020.0,2,9.0,540.0,1530.0,217.0,17.0,3.0,7,427.0,1447.0,300.0,61,L3-14,L3-14
45,45,4,2,2,18,14,13.0,1065.0,2,9.0,540.0,1575.0,172.0,17.0,3.0,8,488.0,1553.0,194.0,61,L3-14,L3-14
45,45,5,2,2,18,14,13.0,1110.0,2,9.0,540.0,1620.0,127.0,17.0,3.0,8,488.0,1598.0,149.0,61,L3-14,L3-14
45,45,6,2,2,18,14,13.0,1155.0,2,10.0,600.0,1725.0,22.0,17.0,3.0,8,488.0,1643.0,104.0,61,L3-14,L3-14
45,45,7,2,2,18,14,13.0,1200.0,3,7.0,420.0,1590.0,157.0,17.0,4.0,7,427.0,1627.0,120.0,61,L3-14,L3-14
45,45,8,2,2,18,14,13.0,1245.0,3,7.0,420.0,1635.0,112.0,17.0,4.0,7,427.0,1672.0,75.0,61,L3-14,L3-14
45,45,9,2,2,18,14,13.0,1290.0,3,8.0,480.0,1740.0,7.0,17.0,4.0,7,427.0,1717.0,30.0,61,L3-14,L3-14
45,45,10,2,2,18,14,13.0,1335.0,4,6.0,360.0,1665.0,82.0,17.0,5.0,6,366.0,1701.0,46.0,61,L3-14,L3-14
45,45,11,2,2,18,14,13.0,1380.0,5,5.0,300.0,1650.0,97.0,17.0,5.0,6,366.0,1746.0,1.0,61,L3-14,L3-14
45,45,12,2,2,18,14,13.0,1425.0,6,5.0,300.0,1695.0,52.0,17.0,6.0,5,305.0,1730.0,17.0,61,L3-14,L3-14
45,45,13,2,2,18,14,13.0,1470.0,6,5.0,300.0,1740.0,7.0,17.0,8.0,4,244.0,1714.0,33.0,61,L3-14,L3-14
45,45,3,3,3,20,14,13.0,1115.0,2,9.0,540.0,1620.0,127.0,19.0,3.0,8,488.0,1603.0,144.0,39,L3-14,L3-14
45,45,4,3,3,20,14,13.0,1160.0,2,10.0,600.0,1725.0,22.0,19.0,3.0,8,488.0,1648.0,99.0,39,L3-14,L3-14
45,45,5,3,3,20,14,13.0,1205.0,3,7.0,420.0,1590.0,157.0,19.0,4.0,7,427.0,1632.0,115.0,39,L3-14,L3-14
45,45,6,3,3,20,14,13.0,1250.0,3,7.0,420.0,1635.0,112.0,19.0,4.0,7,427.0,1677.0,70.0,39,L3-14,L3-14
45,45,7,3,3,20,14,13.0,1295.0,3,8.0,480.0,1740.0,7.0,19.0,4.0,7,427.0,1722.0,25.0,39,L3-14,L3-14
45,45,8,3,3,20,14,13.0,1340.0,4,6.0,360.0,1665.0,82.0,19.0,5.0,6,366.0,1706.0,41.0,39,L3-14,L3-14
45,45,9,3,3,20,14,13.0,1385.0,5,5.0,300.0,1650.0,97.0,19.0,6.0,5,305.0,1690.0,57.0,39,L3-14,L3-14
45,45,10,3,3,20,14,13.0,1430.0,6,5.0,300.0,1695.0,52.0,19.0,6.0,5,305.0,1735.0,12.0,39,L3-14,L3-14
45,45,11,3,3,20,14,13.0,1475.0,6,5.0,300.0,1740.0,7.0,19.0,8.0,4,244.0,1719.0,28.0,39,L3-14,L3-14
45,45,3,3,4,21,14,13.0,1154.0,2,10.0,600.0,1725.0,22.0,20.0,3.0,8,488.0,1642.0,105.0,48,L3-14,L3-14
45,45,4,3,4,21,14,13.0,1199.0,3,7.0,420.0,1590.0,157.0,20.0,4.0,7,427.0,1626.0,121.0,48,L3-14,L3-14
45,45,5,3,4,21,14,13.0,1244.0,3,7.0,420.0,1635.0,112.0,20.0,4.0,7,427.0,1671.0,76.0,48,L3-14,L3-14
45,45,6,3,4,21,14,13.0,1289.0,3,8.0,480.0,1740.0,7.0,20.0,4.0,7,427.0,1716.0,31.0,48,L3-14,L3-14
45,45,7,3,4,21,14,13.0,1334.0,4,6.0,360.0,1665.0,82.0,20.0,5.0,6,366.0,1700.0,47.0,48,L3-14,L3-14
45,45,8,3,4,21,14,13.0,1379.0,5,5.0,300.0,1650.0,97.0,20.0,5.0,6,366.0,1745.0,2.0,48,L3-14,L3-14
45,45,9,3,4,21,14,13.0,1424.0,6,5.0,300.0,1695.0,52.0,20.0,6.0,5,305.0,1729.0,18.0,48,L3-14,L3-14
45,45,10,3,4,21,14,13.0,1469.0,6,5.0,300.0,1740.0,7.0,20.0,8.0,4,244.0,1713.0,34.0,48,L3-14,L3-14
45,45,3,4,3,21,14,13.0,1171.0,2,10.0,600.0,1725.0,22.0,20.0,3.0,8,488.0,1659.0,88.0,48,L3-14,L3-14
45,45,4,4,3,21,14,13.0,1216.0,3,7.0,420.0,1590.0,157.0,20.0,4.0,7,427.0,1643.0,104.0,48,L3-14,L3-14
45,45,5,4,3,21,14,13.0,1261.0,3,7.0,420.0,1635.0,112.0,20.0,4.0,7,427.0,1688.0,59.0,48,L3-14,L3-14
45,45,6,4,3,21,14,13.0,1306.0,3,8.0,480.0,1740.0,7.0,20.0,4.0,7,427.0,1733.0,14.0,48,L3-14,L3-14
45,45,7,4,3,21,14,13.0,1351.0,4,6.0,360.0,1665.0,82.0,20.0,5.0,6,366.0,1717.0,30.0,48,L3-14,L3-14
45,45,8,4,3,21,14,13.0,1396.0,5,5.0,300.0,1650.0,97.0,20.0,6.0,5,305.0,1701.0,46.0,48,L3-14,L3-14
45,45,9,4,3,21,14,13.0,1441.0,6,5.0,300.0,1695.0,52.0,20.0,6.0,5,305.0,1746.0,1.0,48,L3-14,L3-14
45,45,10,4,3,21,14,13.0,1486.0,6,5.0,300.0,1740.0,7.0,20.0,8.0,4,244.0,1730.0,17.0,48,L3-14,L3-14
45,45,3,4,4,22,14,13.0,1210.0,3,7.0,420.0,1590.0,157.0,21.0,4.0,7,427.0,1637.0,110.0,33,L3-14,L3-14
45,45,4,4,4,22,14,13.0,1255.0,3,7.0,420.0,1635.0,112.0,21.0,4.0,7,427.0,1682.0,65.0,33,L3-14,L3-14
45,45,5,4,4,22,14,13.0,1300.0,3,8.0,480.0,1740.0,7.0,21.0,4.0,7,427.0,1727.0,20.0,33,L3-14,L3-14
45,45,6,4,4,22,14,13.0,1345.0,4,6.0,360.0,1665.0,82.0,21.0,5.0,6,366.0,1711.0,36.0,33,L3-14,L3-14
45,45,7,4,4,22,14,13.0,1390.0,5,5.0,300.0,1650.0,97.0,21.0,6.0,5,305.0,1695.0,52.0,33,L3-14,L3-14
45,45,8,4,4,22,14,13.0,1435.0,6,5.0,300.0,1695.0,52.0,21.0,6.0,5,305.0,1740.0,7.0,33,L3-14,L3-14
45,45,9,4,4,22,14,13.0,1480.0,6,5.0,300.0,1740.0,7.0,21.0,8.0,4,244.0,1724.0,23.0,33,L3-14,L3-14
50,45,3,2,2,18,14,13.0,1025.0,2,9.0,540.0,1535.0,212.0,17.0,3.0,7,427.0,1452.0,295.0,61,L3-14,L3-14
50,45,4,2,2,18,14,13.0,1070.0,2,10.0,600.0,1640.0,107.0,17.0,3.0,8,488.0,1558.0,189.0,61,L3-14,L3-14
50,45,5,2,2,18,14,13.0,1115.0,2,10.0,600.0,1685.0,62.0,17.0,3.0,8,488.0,1603.0,144.0,61,L3-14,L3-14
50,45,6,2,2,18,14,13.0,1160.0,2,10.0,600.0,1730.0,17.0,17.0,3.0,8,488.0,1648.0,99.0,61,L3-14,L3-14
50,45,7,2,2,18,14,13.0,1205.0,3,7.0,420.0,1595.0,152.0,17.0,4.0,7,427.0,1632.0,115.0,61,L3-14,L3-14
50,45,8,2,2,18,14,13.0,1250.0,3,7.0,420.0,1640.0,107.0,17.0,4.0,7,427.0,1677.0,70.0,61,L3-14,L3-14
50,45,9,2,2,18,14,13.0,1295.0,3,8.0,480.0,1745.0,2.0,17.0,4.0,7,427.0,1722.0,25.0,61,L3-14,L3-14
50,45,10,2,2,18,14,13.0,1340.0,4,7.0,420.0,1730.0,17.0,17.0,5.0,6,366.0,1706.0,41.0,61,L3-14,L3-14
50,45,11,2,2,18,14,13.0,1385.0,5,5.0,300.0,1655.0,92.0,17.0,6.0,5,305.0,1690.0,57.0,61,L3-14,L3-14
50,45,12,2,2,18,14,13.0,1430.0,6,5.0,300.0,1700.0,47.0,17.0,6.0,5,305.0,1735.0,12.0,61,L3-14,L3-14
50,45,13,2,2,18,14,13.0,1475.0,6,5.0,300.0,1745.0,2.0,17.0,8.0,4,244.0,1719.0,28.0,61,L3-14,L3-14
50,45,3,3,3,20,14,13.0,1120.0,2,10.0,600.0,1685.0,62.0,19.0,3.0,8,488.0,1608.0,139.0,39,L3-14,L3-14
50,45,4,3,3,20,14,13.0,1165.0,2,10.0,600.0,1730.0,17.0,19.0,3.0,8,488.0,1653.0,94.0,39,L3-14,L3-14
50,45,5,3,3,20,14,13.0,1210.0,3,7.0,420.0,1595.0,152.0,19.0,4.0,7,427.0,1637.0,110.0,39,L3-14,L3-14
50,45,6,3,3,20,14,13.0,1255.0,3,7.0,420.0,1640.0,107.0,19.0,4.0,7,427.0,1682.0,65.0,39,L3-14,L3-14
50,45,7,3,3,20,14,13.0,1300.0,3,8.0,480.0,1745.0,2.0,19.0,4.0,7,427.0,1727.0,20.0,39,L3-14,L3-14
50,45,8,3,3,20,14,13.0,1345.0,4,7.0,420.0,1730.0,17.0,19.0,5.0,6,366.0,1711.0,36.0,39,L3-14,L3-14
50,45,9,3,3,20,14,13.0,1390.0,5,5.0,300.0,1655.0,92.0,19.0,6.0,5,305.0,1695.0,52.0,39,L3-14,L3-14
50,45,10,3,3,20,14,13.0,1435.0,6,5.0,300.0,1700.0,47.0,19.0,6.0,5,305.0,1740.0,7.0,39,L3-14,L3-14
50,45,11,3,3,20,14,13.0,1480.0,6,5.0,300.0,1745.0,2.0,19.0,8.0,4,244.0,1724.0,23.0,39,L3-14,L3-14
50,45,3,3,4,21,14,13.0,1159.0,2,10.0,600.0,1730.0,17.0,20.0,3.0,8,488.0,1647.0,100.0,48,L3-14,L3-14
50,45,4,3,4,21,14,13.0,1204.0,3,7.0,420.0,1595.0,152.0,20.0,4.0,7,427.0,1631.0,116.0,48,L3-14,L3-14
50,45,5,3,4,21,14,13.0,1249.0,3,7.0,420.0,1640.0,107.0,20.0,4.0,7,427.0,1676.0,71.0,48,L3-14,L3-14
50,45,6,3,4,21,14,13.0,1294.0,3,8.0,480.0,1745.0,2.0,20.0,4.0,7,427.0,1721.0,26.0,48,L3-14,L3-14
50,45,7,3,4,21,14,13.0,1339.0,4,7.0,420.0,1730.0,17.0,20.0,5.0,6,366.0,1705.0,42.0,48,L3-14,L3-14
50,45,8,3,4,21,14,13.0,1384.0,5,5.0,300.0,1655.0,92.0,20.0,6.0,5,305.0,1689.0,58.0,48,L3-14,L3-14
50,45,9,3,4,21,14,13.0,1429.0,6,5.0,300.0,1700.0,47.0,20.0,6.0,5,305.0,1734.0,13.0,48,L3-14,L3-14
50,45,10,3,4,21,14,13.0,1474.0,6,5.0,300.0,1745.0,2.0,20.0,8.0,4,244.0,1718.0,29.0,48,L3-14,L3-14
50,45,3,4,3,21,14,13.0,1176.0,2,10.0,600.0,1730.0,17.0,20.0,3.0,8,488.0,1664.0,83.0,48,L3-14,L3-14
50,45,4,4,3,21,14,13.0,1221.0,3,7.0,420.0,1595.0,152.0,20.0,4.0,7,427.0,1648.0,99.0,48,L3-14,L3-14
50,45,5,4,3,21,14,13.0,1266.0,3,7.0,420.0,1640.0,107.0,20.0,4.0,7,427.0,1693.0,54.0,48,L3-14,L3-14
50,45,6,4,3,21,14,13.0,1311.0,3,8.0,480.0,1745.0,2.0,20.0,4.0,7,427.0,1738.0,9.0,48,L3-14,L3-14
50,45,7,4,3,21,14,13.0,1356.0,4,7.0,420.0,1730.0,17.0,20.0,5.0,6,366.0,1722.0,25.0,48,L3-14,L3-14
50,45,8,4,3,21,14,13.0,1401.0,5,5.0,300.0,1655.0,92.0,20.0,6.0,5,305.0,1706.0,41.0,48,L3-14,L3-14
50,45,9,4,3,21,14,13.0,1446.0,6,5.0,300.0,1700.0,47.0,20.0,8.0,4,244.0,1690.0,57.0,48,L3-14,L3-14
50,45,10,4,3,21,14,13.0,1491.0,6,5.0,300.0,1745.0,2.0,20.0,8.0,4,244.0,1735.0,12.0,48,L3-14,L3-14
50,45,3,4,4,22,14,13.0,1215.0,3,7.0,420.0,1595.0,152.0,21.0,4.0,7,427.0,1642.0,105.0,33,L3-14,L3-14
50,45,4,4,4,22,14,13.0,1260.0,3,7.0,420.0,1640.0,107.0,21.0,4.0,7,427.0,1687.0,60.0,33,L3-14,L3-14
50,45,5,4,4,22,14,13.0,1305.0,3,8.0,480.0,1745.0,2.0,21.0,4.0,7,427.0,1732.0,15.0,33,L3-14,L3-14
50,45,6,4,4,22,14,13.0,1350.0,4,7.0,420.0,1730.0,17.0,21.0,5.0,6,366.0,1716.0,31.0,33,L3-14,L3-14
50,45,7,4,4,22,14,13.0,1395.0,5,5.0,300.0,1655.0,92.0,21.0,6.0,5,305.0,1700.0,47.0,33,L3-14,L3-14
50,45,8,4,4,22,14,13.0,1440.0,6,5.0,300.0,1700.0,47.0,21.0,6.0,5,305.0,1745.0,2.0,33,L3-14,L3-14
50,45,9,4,4,22,14,13.0,1485.0,6,5.0,300.0,1745.0,2.0,21.0,8.0,4,244.0,1729.0,18.0,33,L3-14,L3-14
50,48,3,2,2,18,14,13.0,1034.0,2,9.0,540.0,1598.0,149.0,17.0,3.0,7,427.0,1461.0,286.0,61,L3-14,L3-14
50,48,4,2,2,18,14,13.0,1082.0,2,10.0,600.0,1706.0,41.0,17.0,3.0,8,488.0,1570.0,177.0,61,L3-14,L3-14
50,48,5,2,2,18,14,13.0,1130.0,3,7.0,420.0,1574.0,173.0,17.0,3.0,8,488.0,1618.0,129.0,61,L3-14,L3-14
50,48,6,2,2,18,14,13.0,1178.0,3,8.0,480.0,1682.0,65.0,17.0,3.0,8,488.0,1666.0,81.0,61,L3-14,L3-14
50,48,7,2,2,18,14,13.0,1226.0,3,8.0,480.0,1730.0,17.0,17.0,4.0,7,427.0,1653.0,94.0,61,L3-14,L3-14
50,48,8,2,2,18,14,13.0,1274.0,4,6.0,360.0,1658.0,89.0,17.0,4.0,7,427.0,1701.0,46.0,61,L3-14,L3-14
50,48,9,2,2,18,14,13.0,1322.0,4,6.0,360.0,1706.0,41.0,17.0,5.0,6,366.0,1688.0,59.0,61,L3-14,L3-14
50,48,10,2,2,18,14,13.0,1370.0,5,5.0,300.0,1694.0,53.0,17.0,5.0,6,366.0,1736.0,11.0,61,L3-14,L3-14
50,48,11,2,2,18,14,13.0,1418.0,5,5.0,300.0,1742.0,5.0,17.0,6.0,5,305.0,1723.0,24.0,61,L3-14,L3-14
50,48,12,2,2,18,14,13.0,1466.0,8,4.0,240.0,1730.0,17.0,17.0,8.0,4,244.0,1710.0,37.0,61,L3-14,L3-14
50,48,3,3,3,20,14,13.0,1129.0,3,7.0,420.0,1574.0,173.0,19.0,3.0,8,488.0,1617.0,130.0,39,L3-14,L3-14
50,48,4,3,3,20,14,13.0,1177.0,3,8.0,480.0,1682.0,65.0,19.0,3.0,8,488.0,1665.0,82.0,39,L3-14,L3-14
50,48,5,3,3,20,14,13.0,1225.0,3,8.0,480.0,1730.0,17.0,19.0,4.0,7,427.0,1652.0,95.0,39,L3-14,L3-14
50,48,6,3,3,20,14,13.0,1273.0,4,6.0,360.0,1658.0,89.0,19.0,4.0,7,427.0,1700.0,47.0,39,L3-14,L3-14
50,48,7,3,3,20,14,13.0,1321.0,4,6.0,360.0,1706.0,41.0,19.0,5.0,6,366.0,1687.0,60.0,39,L3-14,L3-14
50,48,8,3,3,20,14,13.0,1369.0,5,5.0,300.0,1694.0,53.0,19.0,5.0,6,366.0,1735.0,12.0,39,L3-14,L3-14
50,48,9,3,3,20,14,13.0,1417.0,5,5.0,300.0,1742.0,5.0,19.0,6.0,5,305.0,1722.0,25.0,39,L3-14,L3-14
50,48,10,3,3,20,14,13.0,1465.0,8,4.0,240.0,1730.0,17.0,19.0,8.0,4,244.0,1709.0,38.0,39,L3-14,L3-14
50,48,3,3,4,21,14,13.0,1168.0,3,8.0,480.0,1682.0,65.0,20.0,3.0,8,488.0,1656.0,91.0,48,L3-14,L3-14
50,48,4,3,4,21,14,13.0,1216.0,3,8.0,480.0,1730.0,17.0,20.0,4.0,7,427.0,1643.0,104.0,48,L3-14,L3-14
50,48,5,3,4,21,14,13.0,1264.0,4,6.0,360.0,1658.0,89.0,20.0,4.0,7,427.0,1691.0,56.0,48,L3-14,L3-14
50,48,6,3,4,21,14,13.0,1312.0,4,6.0,360.0,1706.0,41.0,20.0,4.0,7,427.0,1739.0,8.0,48,L3-14,L3-14
50,48,7,3,4,21,14,13.0,1360.0,5,5.0,300.0,1694.0,53.0,20.0,5.0,6,366.0,1726.0,21.0,48,L3-14,L3-14
50,48,8,3,4,21,14,13.0,1408.0,5,5.0,300.0,1742.0,5.0,20.0,6.0,5,305.0,1713.0,34.0,48,L3-14,L3-14
50,48,9,3,4,21,14,13.0,1456.0,8,4.0,240.0,1730.0,17.0,20.0,8.0,4,244.0,1700.0,47.0,48,L3-14,L3-14
50,48,3,4,3,21,14,13.0,1185.0,3,8.0,480.0,1682.0,65.0,20.0,3.0,8,488.0,1673.0,74.0,48,L3-14,L3-14
50,48,4,4,3,21,14,13.0,1233.0,3,8.0,480.0,1730.0,17.0,20.0,4.0,7,427.0,1660.0,87.0,48,L3-14,L3-14
50,48,5,4,3,21,14,13.0,1281.0,4,6.0,360.0,1658.0,89.0,20.0,4.0,7,427.0,1708.0,39.0,48,L3-14,L3-14
50,48,6,4,3,21,14,13.0,1329.0,4,6.0,360.0,1706.0,41.0,20.0,5.0,6,366.0,1695.0,52.0,48,L3-14,L3-14
50,48,7,4,3,21,14,13.0,1377.0,5,5.0,300.0,1694.0,53.0,20.0,5.0,6,366.0,1743.0,4.0,48,L3-14,L3-14
50,48,8,4,3,21,14,13.0,1425.0,5,5.0,300.0,1742.0,5.0,20.0,6.0,5,305.0,1730.0,17.0,48,L3-14,L3-14
50,48,9,4,3,21,14,13.0,1473.0,8,4.0,240.0,1730.0,17.0,20.0,8.0,4,244.0,1717.0,30.0,48,L3-14,L3-14
50,48,3,4,4,22,14,13.0,1224.0,3,8.0,480.0,1730.0,17.0,21.0,4.0,7,427.0,1651.0,96.0,33,L3-14,L3-14
50,48,4,4,4,22,14,13.0,1272.0,4,6.0,360.0,1658.0,89.0,21.0,4.0,7,427.0,1699.0,48.0,33,L3-14,L3-14
50,48,5,4,4,22,14,13.0,1320.0,4,6.0,360.0,1706.0,41.0,21.0,4.0,7,427.0,1747.0,0.0,33,L3-14,L3-14
50,48,6,4,4,22,14,13.0,1368.0,5,5.0,300.0,1694.0,53.0,21.0,5.0,6,366.0,1734.0,13.0,33,L3-14,L3-14
50,48,7,4,4,22,14,13.0,1416.0,5,5.0,300.0,1742.0,5.0,21.0,6.0,5,305.0,1721.0,26.0,33,L3-14,L3-14
50,48,8,4,4,22,14,13.0,1464.0,8,4.0,240.0,1730.0,17.0,21.0,8.0,4,244.0,1708.0,39.0,33,L3-14,L3-14
50,50,3,2,2,18,14,13.0,1040.0,2,10.0,600.0,1700.0,47.0,17.0,3.0,7,427.0,1467.0,280.0,61,L3-14,L3-14
50,50,4,2,2,18,14,13.0,1090.0,3,7.0,420.0,1570.0,177.0,17.0,3.0,8,488.0,1578.0,169.0,61,L3-14,L3-14
50,50,5,2,2,18,14,13.0,1140.0,3,7.0,420.0,1620.0,127.0,17.0,3.0,8,488.0,1628.0,119.0,61,L3-14,L3-14
50,50,6,2,2,18,14,13.0,1190.0,3,8.0,480.0,1730.0,17.0,17.0,3.0,8,488.0,1678.0,69.0,61,L3-14,L3-14
50,50,7,2,2,18,14,13.0,1240.0,4,6.0,360.0,1660.0,87.0,17.0,4.0,7,427.0,1667.0,80.0,61,L3-14,L3-14
50,50,8,2,2,18,14,13.0,1290.0,4,6.0,360.0,1710.0,37.0,17.0,4.0,7,427.0,1717.0,30.0,61,L3-14,L3-14
50,50,9,2,2,18,14,13.0,1340.0,6,5.0,300.0,1700.0,47.0,17.0,5.0,6,366.0,1706.0,41.0,61,L3-14,L3-14
50,50,10,2,2,18,14,13.0,1390.0,8,4.0,240.0,1690.0,57.0,17.0,6.0,5,305.0,1695.0,52.0,61,L3-14,L3-14
50,50,11,2,2,18,14,13.0,1440.0,8,4.0,240.0,1740.0,7.0,17.0,6.0,5,305.0,1745.0,2.0,61,L3-14,L3-14
50,50,3,3,3,20,14,13.0,1135.0,3,7.0,420.0,1620.0,127.0,19.0,3.0,8,488.0,1623.0,124.0,39,L3-14,L3-14
50,50,4,3,3,20,14,13.0,1185.0,3,8.0,480.0,1730.0,17.0,19.0,3.0,8,488.0,1673.0,74.0,39,L3-14,L3-14
50,50,5,3,3,20,14,13.0,1235.0,4,6.0,360.0,1660.0,87.0,19.0,4.0,7,427.0,1662.0,85.0,39,L3-14,L3-14
50,50,6,3,3,20,14,13.0,1285.0,4,6.0,360.0,1710.0,37.0,19.0,4.0,7,427.0,1712.0,35.0,39,L3-14,L3-14
50,50,7,3,3,20,14,13.0,1335.0,6,5.0,300.0,1700.0,47.0,19.0,5.0,6,366.0,1701.0,46.0,39,L3-14,L3-14
50,50,8,3,3,20,14,13.0,1385.0,8,4.0,240.0,1690.0,57.0,19.0,6.0,5,305.0,1690.0,57.0,39,L3-14,L3-14
50,50,9,3,3,20,14,13.0,1435.0,8,4.0,240.0,1740.0,7.0,19.0,6.0,5,305.0,1740.0,7.0,39,L3-14,L3-14
50,50,3,3,4,21,14,13.0,1174.0,3,8.0,480.0,1730.0,17.0,20.0,3.0,8,488.0,1662.0,85.0,48,L3-14,L3-14
50,50,4,3,4,21,14,13.0,1224.0,4,6.0,360.0,1660.0,87.0,20.0,4.0,7,427.0,1651.0,96.0,48,L3-14,L3-14
50,50,5,3,4,21,14,13.0,1274.0,4,6.0,360.0,1710.0,37.0,20.0,4.0,7,427.0,1701.0,46.0,48,L3-14,L3-14
50,50,6,3,4,21,14,13.0,1324.0,6,5.0,300.0,1700.0,47.0,20.0,5.0,6,366.0,1690.0,57.0,48,L3-14,L3-14
50,50,7,3,4,21,14,13.0,1374.0,8,4.0,240.0,1690.0,57.0,20.0,5.0,6,366.0,1740.0,7.0,48,L3-14,L3-14
50,50,8,3,4,21,14,13.0,1424.0,8,4.0,240.0,1740.0,7.0,20.0,6.0,5,305.0,1729.0,18.0,48,L3-14,L3-14
50,50,3,4,3,21,14,13.0,1191.0,3,8.0,480.0,1730.0,17.0,20.0,3.0,8,488.0,1679.0,68.0,48,L3-14,L3-14
50,50,4,4,3,21,14,13.0,1241.0,4,6.0,360.0,1660.0,87.0,20.0,4.0,7,427.0,1668.0,79.0,48,L3-14,L3-14
50,50,5,4,3,21,14,13.0,1291.0,4,6.0,360.0,1710.0,37.0,20.0,4.0,7,427.0,1718.0,29.0,48,L3-14,L3-14
50,50,6,4,3,21,14,13.0,1341.0,6,5.0,300.0,1700.0,47.0,20.0,5.0,6,366.0,1707.0,40.0,48,L3-14,L3-14
50,50,7,4,3,21,14,13.0,1391.0,8,4.0,240.0,1690.0,57.0,20.0,6.0,5,305.0,1696.0,51.0,48,L3-14,L3-14
50,50,8,4,3,21,14,13.0,1441.0,8,4.0,240.0,1740.0,7.0,20.0,6.0,5,305.0,1746.0,1.0,48,L3-14,L3-14
50,50,3,4,4,22,14,13.0,1230.0,4,6.0,360.0,1660.0,87.0,21.0,4.0,7,427.0,1657.0,90.0,33,L3-14,L3-14
50,50,4,4,4,22,14,13.0,1280.0,4,6.0,360.0,1710.0,37.0,21.0,4.0,7,427.0,1707.0,40.0,33,L3-14,L3-14
50,50,5,4,4,22,14,13.0,1330.0,6,5.0,300.0,1700.0,47.0,21.0,5.0,6,366.0,1696.0,51.0,33,L3-14,L3-14
50,50,6,4,4,22,14,13.0,1380.0,8,4.0,240.0,1690.0,57.0,21.0,5.0,6,366.0,1746.0,1.0,33,L3-14,L3-14
50,50,7,4,4,22,14,13.0,1430.0,8,4.0,240.0,1740.0,7.0,21.0,6.0,5,305.0,1735.0,12.0,33,L3-14,L3-14
55,48,3,2,2,18,14,13.0,1039.0,2,9.0,540.0,1603.0,144.0,17.0,3.0,7,427.0,1466.0,281.0,61,L3-14,L3-14
55,48,4,2,2,18,14,13.0,1087.0,2,10.0,600.0,1711.0,36.0,17.0,3.0,8,488.0,1575.0,172.0,61,L3-14,L3-14
55,48,5,2,2,18,14,13.0,1135.0,3,7.0,420.0,1579.0,168.0,17.0,3.0,8,488.0,1623.0,124.0,61,L3-14,L3-14
55,48,6,2,2,18,14,13.0,1183.0,3,8.0,480.0,1687.0,60.0,17.0,3.0,8,488.0,1671.0,76.0,61,L3-14,L3-14
55,48,7,2,2,18,14,13.0,1231.0,3,8.0,480.0,1735.0,12.0,17.0,4.0,7,427.0,1658.0,89.0,61,L3-14,L3-14
55,48,8,2,2,18,14,13.0,1279.0,4,6.0,360.0,1663.0,84.0,17.0,4.0,7,427.0,1706.0,41.0,61,L3-14,L3-14
55,48,9,2,2,18,14,13.0,1327.0,4,6.0,360.0,1711.0,36.0,17.0,5.0,6,366.0,1693.0,54.0,61,L3-14,L3-14
55,48,10,2,2,18,14,13.0,1375.0,5,5.0,300.0,1699.0,48.0,17.0,5.0,6,366.0,1741.0,6.0,61,L3-14,L3-14
55,48,11,2,2,18,14,13.0,1423.0,5,5.0,300.0,1747.0,0.0,17.0,6.0,5,305.0,1728.0,19.0,61,L3-14,L3-14
55,48,12,2,2,18,14,13.0,1471.0,8,4.0,240.0,1735.0,12.0,17.0,8.0,4,244.0,1715.0,32.0,61,L3-14,L3-14
55,48,3,3,3,20,14,13.0,1134.0,3,7.0,420.0,1579.0,168.0,19.0,3.0,8,488.0,1622.0,125.0,39,L3-14,L3-14
55,48,4,3,3,20,14,13.0,1182.0,3,8.0,480.0,1687.0,60.0,19.0,3.0,8,488.0,1670.0,77.0,39,L3-14,L3-14
55,48,5,3,3,20,14,13.0,1230.0,3,8.0,480.0,1735.0,12.0,19.0,4.0,7,427.0,1657.0,90.0,39,L3-14,L3-14
55,48,6,3,3,20,14,13.0,1278.0,4,6.0,360.0,1663.0,84.0,19.0,4.0,7,427.0,1705.0,42.0,39,L3-14,L3-14
55,48,7,3,3,20,14,13.0,1326.0,4,6.0,360.0,1711.0,36.0,19.0,5.0,6,366.0,1692.0,55.0,39,L3-14,L3-14
55,48,8,3,3,20,14,13.0,1374.0,5,5.0,300.0,1699.0,48.0,19.0,5.0,6,366.0,1740.0,7.0,39,L3-14,L3-14
55,48,9,3,3,20,14,13.0,1422.0,5,5.0,300.0,1747.0,0.0,19.0,6.0,5,305.0,1727.0,20.0,39,L3-14,L3-14
55,48,10,3,3,20,14,13.0,1470.0,8,4.0,240.0,1735.0,12.0,19.0,8.0,4,244.0,1714.0,33.0,39,L3-14,L3-14
55,48,3,3,4,21,14,13.0,1173.0,3,8.0,480.0,1687.0,60.0,20.0,3.0,8,488.0,1661.0,86.0,48,L3-14,L3-14
55,48,4,3,4,21,14,13.0,1221.0,3,8.0,480.0,1735.0,12.0,20.0,4.0,7,427.0,1648.0,99.0,48,L3-14,L3-14
55,48,5,3,4,21,14,13.0,1269.0,4,6.0,360.0,1663.0,84.0,20.0,4.0,7,427.0,1696.0,51.0,48,L3-14,L3-14
55,48,6,3,4,21,14,13.0,1317.0,4,6.0,360.0,1711.0,36.0,20.0,4.0,7,427.0,1744.0,3.0,48,L3-14,L3-14
55,48,7,3,4,21,14,13.0,1365.0,5,5.0,300.0,1699.0,48.0,20.0,5.0,6,366.0,1731.0,16.0,48,L3-14,L3-14
55,48,8,3,4,21,14,13.0,1413.0,5,5.0,300.0,1747.0,0.0,20.0,6.0,5,305.0,1718.0,29.0,48,L3-14,L3-14
55,48,9,3,4,21,14,13.0,1461.0,8,4.0,240.0,1735.0,12.0,20.0,8.0,4,244.0,1705.0,42.0,48,L3-14,L3-14
55,48,3,4,3,21,14,13.0,1190.0,3,8.0,480.0,1687.0,60.0,20.0,3.0,8,488.0,1678.0,69.0,48,L3-14,L3-14
55,48,4,4,3,21,14,13.0,1238.0,3,8.0,480.0,1735.0,12.0,20.0,4.0,7,427.0,1665.0,82.0,48,L3-14,L3-14
55,48,5,4,3,21,14,13.0,1286.0,4,6.0,360.0,1663.0,84.0,20.0,4.0,7,427.0,1713.0,34.0,48,L3-14,L3-14
55,48,6,4,3,21,14,13.0,1334.0,4,6.0,360.0,1711.0,36.0,20.0,5.0,6,366.0,1700.0,47.0,48,L3-14,L3-14
55,48,7,4,3,21,14,13.0,1382.0,5,5.0,300.0,1699.0,48.0,20.0,6.0,5,305.0,1687.0,60.0,48,L3-14,L3-14
55,48,8,4,3,21,14,13.0,1430.0,5,5.0,300.0,1747.0,0.0,20.0,6.0,5,305.0,1735.0,12.0,48,L3-14,L3-14
55,48,9,4,3,21,14,13.0,1478.0,8,4.0,240.0,1735.0,12.0,20.0,8.0,4,244.0,1722.0,25.0,48,L3-14,L3-14
55,48,3,4,4,22,14,13.0,1229.0,3,8.0,480.0,1735.0,12.0,21.0,4.0,7,427.0,1656.0,91.0,33,L3-14,L3-14
55,48,4,4,4,22,14,13.0,1277.0,4,6.0,360.0,1663.0,84.0,21.0,4.0,7,427.0,1704.0,43.0,33,L3-14,L3-14
55,48,5,4,4,22,14,13.0,1325.0,4,6.0,360.0,1711.0,36.0,21.0,5.0,6,366.0,1691.0,56.0,33,L3-14,L3-14
55,48,6,4,4,22,14,13.0,1373.0,5,5.0,300.0,1699.0,48.0,21.0,5.0,6,366.0,1739.0,8.0,33,L3-14,L3-14
55,48,7,4,4,22,14,13.0,1421.0,5,5.0,300.0,1747.0,0.0,21.0,6.0,5,305.0,1726.0,21.0,33,L3-14,L3-14
55,48,8,4,4,22,14,13.0,1469.0,8,4.0,240.0,1735.0,12.0,21.0,8.0,4,244.0,1713.0,34.0,33,L3-14,L3-14
55,50,3,2,2,18,14,13.0,1045.0,2,10.0,600.0,1705.0,42.0,17.0,3.0,7,427.0,1472.0,275.0,61,L3-14,L3-14
55,50,4,2,2,18,14,13.0,1095.0,3,7.0,420.0,1575.0,172.0,17.0,3.0,8,488.0,1583.0,164.0,61,L3-14,L3-14
55,50,5,2,2,18,14,13.0,1145.0,3,7.0,420.0,1625.0,122.0,17.0,3.0,8,488.0,1633.0,114.0,61,L3-14,L3-14
55,50,6,2,2,18,14,13.0,1195.0,3,8.0,480.0,1735.0,12.0,17.0,3.0,8,488.0,1683.0,64.0,61,L3-14,L3-14
55,50,7,2,2,18,14,13.0,1245.0,4,6.0,360.0,1665.0,82.0,17.0,4.0,7,427.0,1672.0,75.0,61,L3-14,L3-14
55,50,8,2,2,18,14,13.0,1295.0,4,6.0,360.0,1715.0,32.0,17.0,4.0,7,427.0,1722.0,25.0,61,L3-14,L3-14
55,50,9,2,2,18,14,13.0,1345.0,6,5.0,300.0,1705.0,42.0,17.0,5.0,6,366.0,1711.0,36.0,61,L3-14,L3-14
55,50,10,2,2,18,14,13.0,1395.0,8,4.0,240.0,1695.0,52.0,17.0,6.0,5,305.0,1700.0,47.0,61,L3-14,L3-14
55,50,11,2,2,18,14,13.0,1445.0,8,4.0,240.0,1745.0,2.0,17.0,8.0,4,244.0,1689.0,58.0,61,L3-14,L3-14
55,50,3,3,3,20,14,13.0,1140.0,3,7.0,420.0,1625.0,122.0,19.0,3.0,8,488.0,1628.0,119.0,39,L3-14,L3-14
55,50,4,3,3,20,14,13.0,1190.0,3,8.0,480.0,1735.0,12.0,19.0,3.0,8,488.0,1678.0,69.0,39,L3-14,L3-14
55,50,5,3,3,20,14,13.0,1240.0,4,6.0,360.0,1665.0,82.0,19.0,4.0,7,427.0,1667.0,80.0,39,L3-14,L3-14
55,50,6,3,3,20,14,13.0,1290.0,4,6.0,360.0,1715.0,32.0,19.0,4.0,7,427.0,1717.0,30.0,39,L3-14,L3-14
55,50,7,3,3,20,14,13.0,1340.0,6,5.0,300.0,1705.0,42.0,19.0,5.0,6,366.0,1706.0,41.0,39,L3-14,L3-14
55,50,8,3,3,20,14,13.0,1390.0,8,4.0,240.0,1695.0,52.0,19.0,6.0,5,305.0,1695.0,52.0,39,L3-14,L3-14
55,50,9,3,3,20,14,13.0,1440.0,8,4.0,240.0,1745.0,2.0,19.0,6.0,5,305.0,1745.0,2.0,39,L3-14,L3-14
55,50,3,3,4,21,14,13.0,1179.0,3,8.0,480.0,1735.0,12.0,20.0,3.0,8,488.0,1667.0,80.0,48,L3-14,L3-14
55,50,4,3,4,21,14,13.0,1229.0,4,6.0,360.0,1665.0,82.0,20.0,4.0,7,427.0,1656.0,91.0,48,L3-14,L3-14
55,50,5,3,4,21,14,13.0,1279.0,4,6.0,360.0,1715.0,32.0,20.0,4.0,7,427.0,1706.0,41.0,48,L3-14,L3-14
55,50,6,3,4,21,14,13.0,1329.0,6,5.0,300.0,1705.0,42.0,20.0,5.0,6,366.0,1695.0,52.0,48,L3-14,L3-14
55,50,7,3,4,21,14,13.0,1379.0,8,4.0,240.0,1695.0,52.0,20.0,5.0,6,366.0,1745.0,2.0,48,L3-14,L3-14
55,50,8,3,4,21,14,13.0,1429.0,8,4.0,240.0,1745.0,2.0,20.0,6.0,5,305.0,1734.0,13.0,48,L3-14,L3-14
55,50,3,4,3,21,14,13.0,1196.0,3,8.0,480.0,1735.0,12.0,20.0,3.0,8,488.0,1684.0,63.0,48,L3-14,L3-14
55,50,4,4,3,21,14,13.0,1246.0,4,6.0,360.0,1665.0,82.0,20.0,4.0,7,427.0,1673.0,74.0,48,L3-14,L3-14
55,50,5,4,3,21,14,13.0,1296.0,4,6.0,360.0,1715.0,32.0,20.0,4.0,7,427.0,1723.0,24.0,48,L3-14,L3-14
55,50,6,4,3,21,14,13.0,1346.0,6,5.0,300.0,1705.0,42.0,20.0,5.0,6,366.0,1712.0,35.0,48,L3-14,L3-14
55,50,7,4,3,21,14,13.0,1396.0,8,4.0,240.0,1695.0,52.0,20.0,6.0,5,305.0,1701.0,46.0,48,L3-14,L3-14
55,50,8,4,3,21,14,13.0,1446.0,8,4.0,240.0,1745.0,2.0,20.0,8.0,4,244.0,1690.0,57.0,48,L3-14,L3-14
55,50,3,4,4,22,14,13.0,1235.0,4,6.0,360.0,1665.0,82.0,21.0,4.0,7,427.0,1662.0,85.0,33,L3-14,L3-14
55,50,4,4,4,22,14,13.0,1285.0,4,6.0,360.0,1715.0,32.0,21.0,4.0,7,427.0,1712.0,35.0,33,L3-14,L3-14
55,50,5,4,4,22,14,13.0,1335.0,6,5.0,300.0,1705.0,42.0,21.0,5.0,6,366.0,1701.0,46.0,33,L3-14,L3-14
55,50,6,4,4,22,14,13.0,1385.0,8,4.0,240.0,1695.0,52.0,21.0,6.0,5,305.0,1690.0,57.0,33,L3-14,L3-14
55,50,7,4,4,22,14,13.0,1435.0,8,4.0,240.0,1745.0,2.0,21.0,6.0,5,305.0,1740.0,7.0,33,L3-14,L3-14
55,55,3,2,2,18,14,13.0,1060.0,3,8.0,480.0,1690.0,57.0,17.0,3.0,7,427.0,1487.0,260.0,61,L3-14,L3-14
55,55,4,2,2,18,14,13.0,1115.0,3,8.0,480.0,1745.0,2.0,17.0,3.0,8,488.0,1603.0,144.0,61,L3-14,L3-14
55,55,5,2,2,18,14,13.0,1170.0,4,6.0,360.0,1680.0,67.0,17.0,3.0,8,488.0,1658.0,89.0,61,L3-14,L3-14
55,55,6,2,2,18,14,13.0,1225.0,5,5.0,300.0,1675.0,72.0,17.0,3.0,8,488.0,1713.0,34.0,61,L3-14,L3-14
55,55,7,2,2,18,14,13.0,1280.0,6,5.0,300.0,1730.0,17.0,17.0,4.0,7,427.0,1707.0,40.0,61,L3-14,L3-14
55,55,8,2,2,18,14,13.0,1335.0,7,4.0,240.0,1725.0,22.0,17.0,5.0,6,366.0,1701.0,46.0,61,L3-14,L3-14
55,55,3,3,3,20,14,13.0,1155.0,4,6.0,360.0,1680.0,67.0,19.0,3.0,8,488.0,1643.0,104.0,39,L3-14,L3-14
55,55,4,3,3,20,14,13.0,1210.0,5,5.0,300.0,1675.0,72.0,19.0,3.0,8,488.0,1698.0,49.0,39,L3-14,L3-14
55,55,5,3,3,20,14,13.0,1265.0,6,5.0,300.0,1730.0,17.0,19.0,4.0,7,427.0,1692.0,55.0,39,L3-14,L3-14
55,55,6,3,3,20,14,13.0,1320.0,7,4.0,240.0,1725.0,22.0,19.0,4.0,7,427.0,1747.0,0.0,39,L3-14,L3-14
55,55,3,3,4,21,14,13.0,1194.0,5,5.0,300.0,1675.0,72.0,20.0,3.0,8,488.0,1682.0,65.0,48,L3-14,L3-14
55,55,4,3,4,21,14,13.0,1249.0,6,5.0,300.0,1730.0,17.0,20.0,4.0,7,427.0,1676.0,71.0,48,L3-14,L3-14
55,55,5,3,4,21,14,13.0,1304.0,7,4.0,240.0,1725.0,22.0,20.0,4.0,7,427.0,1731.0,16.0,48,L3-14,L3-14
55,55,3,4,3,21,14,13.0,1211.0,5,5.0,300.0,1675.0,72.0,20.0,3.0,8,488.0,1699.0,48.0,48,L3-14,L3-14
55,55,4,4,3,21,14,13.0,1266.0,6,5.0,300.0,1730.0,17.0,20.0,4.0,7,427.0,1693.0,54.0,48,L3-14,L3-14
55,55,5,4,3,21,14,13.0,1321.0,7,4.0,240.0,1725.0,22.0,20.0,5.0,6,366.0,1687.0,60.0,48,L3-14,L3-14
55,55,3,4,4,22,14,13.0,1250.0,6,5.0,300.0,1730.0,17.0,21.0,4.0,7,427.0,1677.0,70.0,33,L3-14,L3-14
55,55,4,4,4,22,14,13.0,1305.0,7,4.0,240.0,1725.0,22.0,21.0,4.0,7,427.0,1732.0,15.0,33,L3-14,L3-14
60,55,3,2,2,18,14,13.0,1065.0,3,8.0,480.0,1695.0,52.0,17.0,3.0,7,427.0,1492.0,255.0,61,L3-14,L3-14
60,55,4,2,2,18,14,13.0,1120.0,4,6.0,360.0,1630.0,117.0,17.0,3.0,8,488.0,1608.0,139.0,61,L3-14,L3-14
60,55,5,2,2,18,14,13.0,1175.0,4,6.0,360.0,1685.0,62.0,17.0,3.0,8,488.0,1663.0,84.0,61,L3-14,L3-14
60,55,6,2,2,18,14,13.0,1230.0,5,5.0,300.0,1680.0,67.0,17.0,3.0,8,488.0,1718.0,29.0,61,L3-14,L3-14
60,55,7,2,2,18,14,13.0,1285.0,6,5.0,300.0,1735.0,12.0,17.0,4.0,7,427.0,1712.0,35.0,61,L3-14,L3-14
60,55,8,2,2,18,14,13.0,1340.0,7,4.0,240.0,1730.0,17.0,17.0,5.0,6,366.0,1706.0,41.0,61,L3-14,L3-14
60,55,3,3,3,20,14,13.0,1160.0,4,6.0,360.0,1685.0,62.0,19.0,3.0,8,488.0,1648.0,99.0,39,L3-14,L3-14
60,55,4,3,3,20,14,13.0,1215.0,5,5.0,300.0,1680.0,67.0,19.0,3.0,8,488.0,1703.0,44.0,39,L3-14,L3-14
60,55,5,3,3,20,14,13.0,1270.0,6,5.0,300.0,1735.0,12.0,19.0,4.0,7,427.0,1697.0,50.0,39,L3-14,L3-14
60,55,6,3,3,20,14,13.0,1325.0,7,4.0,240.0,1730.0,17.0,19.0,5.0,6,366.0,1691.0,56.0,39,L3-14,L3-14
60,55,3,3,4,21,14,13.0,1199.0,5,5.0,300.0,1680.0,67.0,20.0,3.0,8,488.0,1687.0,60.0,48,L3-14,L3-14
60,55,4,3,4,21,14,13.0,1254.0,6,5.0,300.0,1735.0,12.0,20.0,4.0,7,427.0,1681.0,66.0,48,L3-14,L3-14
60,55,5,3,4,21,14,13.0,1309.0,7,4.0,240.0,1730.0,17.0,20.0,4.0,7,427.0,1736.0,11.0,48,L3-14,L3-14
60,55,3,4,3,21,14,13.0,1216.0,5,5.0,300.0,1680.0,67.0,20.0,3.0,8,488.0,1704.0,43.0,48,L3-14,L3-14
60,55,4,4,3,21,14,13.0,1271.0,6,5.0,300.0,1735.0,12.0,20.0,4.0,7,427.0,1698.0,49.0,48,L3-14,L3-14
60,55,5,4,3,21,14,13.0,1326.0,7,4.0,240.0,1730.0,17.0,20.0,5.0,6,366.0,1692.0,55.0,48,L3-14,L3-14
60,55,3,4,4,22,14,13.0,1255.0,6,5.0,300.0,1735.0,12.0,21.0,4.0,7,427.0,1682.0,65.0,33,L3-14,L3-14
60,55,4,4,4,22,14,13.0,1310.0,7,4.0,240.0,1730.0,17.0,21.0,4.0,7,427.0,1737.0,10.0,33,L3-14,L3-14
60,58,3,2,2,18,14,13.0,1074.0,4,6.0,360.0,1638.0,109.0,17.0,3.0,7,427.0,1501.0,246.0,61,L3-14,L3-14
60,58,4,2,2,18,14,13.0,1132.0,4,6.0,360.0,1696.0,51.0,17.0,3.0,8,488.0,1620.0,127.0,61,L3-14,L3-14
60,58,5,2,2,18,14,13.0,1190.0,5,5.0,300.0,1694.0,53.0,17.0,3.0,8,488.0,1678.0,69.0,61,L3-14,L3-14
60,58,6,2,2,18,14,13.0,1248.0,7,4.0,240.0,1692.0,55.0,17.0,3.0,8,488.0,1736.0,11.0,61,L3-14,L3-14
60,58,3,3,3,20,14,13.0,1169.0,5,5.0,300.0,1694.0,53.0,19.0,3.0,8,488.0,1657.0,90.0,39,L3-14,L3-14
60,58,4,3,3,20,14,13.0,1227.0,7,4.0,240.0,1692.0,55.0,19.0,3.0,8,488.0,1715.0,32.0,39,L3-14,L3-14
60,58,3,3,4,21,14,13.0,1208.0,7,4.0,240.0,1692.0,55.0,20.0,3.0,8,488.0,1696.0,51.0,48,L3-14,L3-14
60,58,3,4,3,21,14,13.0,1225.0,7,4.0,240.0,1692.0,55.0,20.0,3.0,8,488.0,1713.0,34.0,48,L3-14,L3-14
